tree
version=v4
num_class=4
num_tree_per_iteration=4
label_index=0
max_feature_idx=7
objective=multiclass num_class:4
feature_names=line_no is_terminal is_transfer platform_type start_type end_type start_level end_level
feature_infos=[1:11] -1:0:1 -1:0:1 -1:0:1 -1:2:1 -1:1:0 [1:9] [1:9]
tree_sizes=1241 1000 1314 947 1352 765 1332 1036 1324 763 1333 1047 1332 770 1337 941 1337 764 1346 1035 1342 775 1343 1032 1431 767 1343 1035 1438 765 1344 1036 1434 769 1476 1129 1430 768 1577 1141 1437 780 1352 1145 1428 765 1578 1064 1450 767 1351 1157 1448 768 1600 1053 1463 951 1466 1151 1577 957 1487 1137 1560 954 1458 1059 1369 768 1458 1153 1295 767 1340 1076 1242 772 1043 1178 1275 770 1044 1051 1277 769 1353 1182 1249 894 1449 1186 1252 894 1454 1071 1260 893 1464 1170 1256 879 1465 1266 1258 899 1483 1265 1260 898 1047 670 1247 899 1465 776 1277 898 1048 979 1273 882 964 983 1277 901 1451 778 1264 775 1455 767 1282 672 1063 773 1279 878 977 767 1244 904 953 767 1341 792 1454 774 1349 905 958 779 1273 790 959 795 1346 794 1463 777 1340 672 1373 780 1361 668 956 791 1262 978 1166 782 1439 1001 1367 796 1445 979 1373 796 1456 963 1460 1287 1463 1010 1450 1175 1077 776 958 1281 1141 774 959 1180 1143 773 1284 989 1142 773 1271 1190 1145 776 1264 1286 1147 974 1270 1180 1072 674 1266 987 1054 672 1285 872 1075 983 1380 861 1057 1069 1469 866 1057 1068 1300 1276 1077 990 1376 1173 1078 883 1172 1173 1054 1208 1381 1173 1066 674 1076 1177 1150 674 1171 1337 1066 972 1075 897 1049 974 1075 897 1346 882 1170 1181 1058 902 1159 893 1347 883 1074 894 1164 991 1158 1296 1154 886 1066 899 1166 1094 1152 798 965 1082 1165 1273 962 887 1159 1289 1047 966 1164 1304 1045 1087 1300 1010 1073 1082 1085 1201 1051 1071 1169 885 1064 991 1309 1009 1434 783 1292 888 1440 890 1149 890 962 968 1323 1545 1436 1068 1083 888 1156 1082 1152 1270 1099 786 1395 903 955 1096 1070 1178 1186 789 1071 1291 947 992 1078 1081 1080 786 1069 1174 958 1067 1013 977 1086 780 1380 1090 1149 995 1278 1090 1062 1081 1191 1304 1444 786 1086 906 1168 788 1159 1092 1172 785 1178 1095 1180 998 1191 1389 1187 791 1099 794 1065 983 992 1092 1444 789 990 1187 1065 1082 992 798 1166 987 983 790 982 984 970 873 1051 989 1064 802 1055 986 908 1091 1142 792 1080 1391 1098 785 1083 796 1070 791 1345 784 1092 1015 1063 1065 1079 792 1184 802 1082 1150 1089 972 990 789 1100 982 1089 789 1113 996 1064 791 1090 801 986 791 1104 800 1160 788 1093 1093 961 791 1261 803 963 790 1184 802 1068 1006 1106 1191 960 791 1210 806 1204 792 1074 1180 968 782 998 805 974 792 1171 1097 1091 807 1181 1182 967 788 1357 1002 1168 1065 976 1012 871 790 1358 1070 1169 794 1183 1001 1058 964 1360 1369 1275 969 1386 1379 870 964 1386 1381 890 1077 1109 1190 1166 997 1082 1376 1082 973 1106 1071 956 1086 1180 1098 972 1095 1194 1386 960 977 1182 1382 1070 1095 1105 1186 1163 988 1192 1198 971 966 1199 1007 977 987 1083 971 1163 1000 1115 1114 980 965 1340 1307 974 993 1076 1388 978 1005 1010 973 1065 991 1447 1111 1152 992 1187 1189 981 904 1297 1388 968 1003 1380 1008 962 1078 1188 1202 976 793 1094 1064 978 1274 1095 1076 1158 1267 1107 1076 1152 1204 1103 1208 1252 797 1013 1204 1078 1170 1285 1176 1098 796 1361 1299 1073 1186 1286 1090 978 799 1372 1106 1156 703 1288 1091 993 703 1088 1099 998 703 1102 1081 1099 810 976 1082 1144 1213 1152 1268 987 1064 1108 978 1153 1118 1150 1076 984 1081 1106 976 990 1114 1015 1082 1060 1205 1004 1291 1642 1070 990 981 874 1119 1005 1288 874 1067 1073 1206 990 1211 1008 1426 1639 1118 1010 1341 1181 1214 1284 1219 980 1080 1387 1412 982 1213 1062 1423 984 1075 1382 1419 978 1013 1017 1005 1066 1107 1381 980 1560 1012 993 1099 984 1118 1389 1019 1568 1099 1384 1309 998 1059 1377 983 988 992 1395 1018 989 908 1489 1021 1069 1000 1194 1098 1478 1284 1379 1109 1571 1000 1192 1019 986 998 1299 1222 982 1374 1285 1100 975 1105 1318 1019 990 1397 1182 1215 1057 1004 1268 1513 1213 1004 1320 982 996 894 1279 979 1159 1109 1224 1083 1095 797 1384 1115 889 809 1092 1222 879 995 995 979 879 1108 1082 1016

Tree=0
num_leaves=11
num_cat=4
split_feature=6 7 4 5 7 3 4 0 7 6
split_gain=168.731 238.532 10.4168 8.52737 9.06108 0.497498 0.374043 0.26265 0.235689 0.0313869
threshold=1.5000000000000002 1.5000000000000002 0 1 1.5000000000000002 2 3 1.5000000000000002 2.5000000000000004 2.5000000000000004
decision_type=2 2 9 1 2 1 9 2 2 2
left_child=1 5 8 7 -5 6 -1 -2 -3 -9
right_child=3 2 -4 4 -6 -7 -8 9 -10 -11
leaf_value=-0.57826739752050582 -0.85063309481123972 -0.8524257777558335 -0.75402395740036565 -0.73331048774362595 -0.86762772912598929 -0.5673891895654124 -0.5909793605308864 -0.86206775617116382 -0.86762772912598929 -0.86762772912598929
leaf_weight=45.963451623916626 17.652629971504211 26.312410712242126 12.323534131050108 12.656602621078493 8.3267122507095319 20.317177891731262 46.629588603973389 17.985698461532593 16.653424501419067 23.314794301986694
leaf_count=138 53 79 37 38 25 61 140 54 50 70
internal_value=-0.72174 -0.664892 -0.835072 -0.841357 -0.786611 -0.58156 -0.584669 -0.860843 -0.858318 -0.865206
internal_weight=248.136 168.2 55.2894 79.9364 20.9833 112.91 92.593 58.9531 42.9658 41.3005
internal_count=745 505 166 240 63 339 278 177 129 124
cat_boundaries=0 1 2 3 4
cat_threshold=4 2 1 2
is_linear=0
shrinkage=1


Tree=1
num_leaves=9
num_cat=5
split_feature=3 4 5 0 6 2 7 5
split_gain=39.1227 35.1745 48.7318 18.4583 16.0918 8.34731 2.7839 1.00789
threshold=0 1 2 2.5000000000000004 3.5000000000000004 3 2.5000000000000004 4
decision_type=1 9 1 2 2 1 2 1
left_child=4 7 3 -3 5 6 -1 -2
right_child=1 2 -4 -5 -6 -7 -8 -9
leaf_value=-2.7918801193534892 -2.8018440887530658 -2.4600799383475929 -2.8018440887530658 -2.0620948454511763 -2.5072198211621406 -2.5913981833309765 -2.706111833737527 -2.7114302923495015
leaf_weight=40.144643262028694 2.78554667532444 2.0481960847973824 2.2120517715811712 2.7036188319325447 2.3759074583649626 2.3759074583649626 4.1783200129866591 2.2120517715811729
leaf_count=490 34 25 27 33 29 29 51 27
internal_value=-2.72156 -2.5594 -2.41413 -2.23364 -2.76109 -2.77401 -2.78379 -2.76182
internal_weight=61.0362 11.9615 6.96387 4.75181 49.0748 46.6989 44.323 4.9976
internal_count=745 146 85 58 599 570 541 61
cat_boundaries=0 1 2 3 4 5
cat_threshold=1 2 2 1 2
is_linear=0
shrinkage=1


Tree=2
num_leaves=12
num_cat=6
split_feature=6 7 3 3 4 5 6 6 4 3 0
split_gain=120.699 146.025 36.5126 32.2322 16.36 8.46225 5.91484 0.601892 0.471938 0.291673 0.0497648
threshold=1.5000000000000002 1.5000000000000002 0 1 2 3 3.5000000000000004 2.5000000000000004 4 5 1.5000000000000002
decision_type=2 2 1 1 9 1 2 2 9 1 2
left_child=1 8 4 5 -3 6 -2 -5 10 -10 -1
right_child=3 2 -4 7 -6 -7 -8 -9 9 -11 -12
leaf_value=-1.0351635418155083 -0.73392163888741402 -0.75249303673967893 -1.0029071493059665 -0.94277486203509209 -0.90004509763664964 -0.83937474076921936 -0.83180802382057051 -0.9061379717773409 -1.0151184978988643 -1.0351635418155083 -1.0290495850653336
leaf_weight=22.449439465999603 37.843340814113617 34.315571755170822 9.3004820644855482 8.6590695083141345 9.6211883425712568 13.790369957685469 7.3762443959712973 9.3004820644855482 44.898878931999207 8.6590695083141309 32.712040364742279
leaf_count=70 118 107 29 27 30 43 23 29 140 27 102
internal_value=-0.909602 -0.9586 -0.822906 -0.806502 -0.784804 -0.770801 -0.749889 -0.923802 -1.02505 -1.01836 -1.03154
internal_weight=238.926 161.957 53.2372 76.9695 43.9368 59.01 45.2196 17.9596 108.719 53.5579 55.1615
internal_count=745 505 166 240 137 184 141 56 339 167 172
cat_boundaries=0 1 2 3 4 5 6
cat_threshold=1 1 4 2 2 1
is_linear=0
shrinkage=1


Tree=3
num_leaves=8
num_cat=2
split_feature=1 7 7 3 6 0 7
split_gain=47.4081 17.0728 16.7406 36.9679 1.37987 1.09274 1.05967
threshold=0 1.5000000000000002 2.5000000000000004 1 3.5000000000000004 2.5000000000000004 1.5000000000000002
decision_type=1 2 2 1 2 2 2
left_child=2 -2 4 5 6 -4 -1
right_child=1 -3 3 -5 -6 -7 -8
leaf_value=-3.150892512939556 -2.9006919117606156 -2.3907242158282465 -3.1656101953618463 -2.4917963001152375 -3.0508122724679798 -3.0545154312710077 -3.1067394656726841
leaf_weight=27.178191483020782 1.5098995268344872 1.1614611744880674 1.7421917617321008 1.3356803506612775 1.7421917617321003 1.8002648204565046 6.7945478707551947
leaf_count=468 26 20 30 23 30 31 117
internal_value=-3.08702 -2.67897 -3.11388 -2.94011 -3.13761 -3.10915 -3.14206
internal_weight=43.2644 2.67136 40.5931 4.87814 35.7149 3.54246 33.9727
internal_count=745 46 699 84 615 61 585
cat_boundaries=0 1 2
cat_threshold=1 1
is_linear=0
shrinkage=1


Tree=4
num_leaves=12
num_cat=4
split_feature=6 7 4 5 7 3 4 0 7 6 0
split_gain=129.06 182.053 7.84435 6.64742 7.57432 0.416326 0.287677 0.251113 0.212121 0.0376358 0.000178348
threshold=1.5000000000000002 1.5000000000000002 0 1 1.5000000000000002 2 3 1.5000000000000002 2.5000000000000004 2.5000000000000004 2.5000000000000004
decision_type=2 2 9 1 2 1 9 2 2 2 2
left_child=1 5 8 7 -5 6 -1 -2 -3 -9 -7
right_child=3 2 -4 4 -6 10 -8 9 -10 -11 -12
leaf_value=0.12575120810204929 -0.11293369547954175 -0.11507469152953248 -0.029930711563338559 -0.0085513801898827856 -0.13207856049458352 0.13574362883415425 0.11456080337965324 -0.12386744816465055 -0.12966602346041964 -0.1300296527012981 0.13634900075431816
leaf_weight=45.56546825170517 17.257476806640625 25.745343565940857 12.304585129022596 12.634316682815554 8.1761398017406446 11.86762395501137 46.332135319709778 17.545618832111359 16.252610325813293 22.778448075056076 8.2494303286075574
leaf_count=138 53 79 37 38 25 36 140 54 50 70 25
internal_value=0.000257826 0.0501162 -0.100149 -0.105522 -0.0570835 0.122962 0.120109 -0.123028 -0.120721 -0.127348 0.135992
internal_weight=244.709 166.317 54.3025 78.392 20.8105 112.015 91.8976 57.5815 41.998 40.3241 20.1171
internal_count=745 505 166 240 63 339 278 177 129 124 61
cat_boundaries=0 1 2 3 4
cat_threshold=4 2 1 2
is_linear=0
shrinkage=0.1


Tree=5
num_leaves=6
num_cat=2
split_feature=6 7 2 6 1
split_gain=66.3136 57.9317 28.7363 5.34298 1.42486
threshold=4.5000000000000009 4.5000000000000009 0 1.5000000000000002 1
decision_type=2 2 1 2 1
left_child=1 2 4 -4 -1
right_child=-2 -3 3 -5 -6
leaf_value=-0.071429068174386601 0.56449715299826841 0.54828225438555334 0.057105300687494455 0.21108408423945668 0.011021640044330996
leaf_weight=46.267268605530262 2.007701262831687 1.7420347705483425 5.0515322685241681 4.0685148313641548 2.1954130530357352
leaf_count=593 18 16 56 34 28
internal_value=-0.000731985 -0.0198608 -0.0370487 0.125796 -0.067694
internal_weight=61.3325 59.3248 57.5827 9.12005 48.4627
internal_count=745 727 711 90 621
cat_boundaries=0 1 2
cat_threshold=1 1
is_linear=0
shrinkage=0.1


Tree=6
num_leaves=12
num_cat=6
split_feature=6 7 3 3 4 5 6 7 4 3 0
split_gain=89.1772 112.236 28.0514 24.4103 11.8332 5.79576 4.44796 0.516009 0.430024 0.258259 0.0490627
threshold=1.5000000000000002 1.5000000000000002 0 1 2 3 3.5000000000000004 1.5000000000000002 4 5 1.5000000000000002
decision_type=2 2 1 1 9 1 2 2 9 1 2
left_child=1 8 4 5 -3 6 -2 -5 10 -10 -1
right_child=3 2 -4 7 -6 -7 -8 -9 9 -11 -12
leaf_value=-0.11493812344639914 0.14754911194083944 0.13178896648038471 -0.087501090670782752 -0.028553002019952645 0.0070605526354237365 0.060765004506587707 0.063802411319304086 0.0064091161363009578 -0.095190466756060022 -0.11462263077260532 -0.10868762851837908
leaf_weight=21.16171607375145 39.237758100032806 35.52771982550621 9.0827517509460431 11.251009255647661 9.6783832609653455 14.043719798326491 7.5646693706512442 6.7565523087978354 42.733219683170319 8.1425190269947034 30.888066530227661
leaf_count=70 118 107 29 35 30 43 23 21 140 27 102
internal_value=5.4033e-05 -0.0434744 0.0728648 0.0868388 0.105085 0.117107 0.134013 -0.015435 -0.104838 -0.0983005 -0.111229
internal_weight=236.068 157.214 54.2889 78.8537 45.2061 60.8461 46.8024 18.0076 102.926 50.8757 52.0498
internal_count=745 505 166 240 137 184 141 56 339 167 172
cat_boundaries=0 1 2 3 4 5 6
cat_threshold=1 1 4 2 2 1
is_linear=0
shrinkage=0.1


Tree=7
num_leaves=9
num_cat=5
split_feature=1 7 3 5 3 2 0 0
split_gain=26.6322 12.3092 14.3149 9.03857 1.24381 1.33805 0.996715 0.925502
threshold=0 2.5000000000000004 1 2 3 4 2.5000000000000004 1.5000000000000002
decision_type=1 2 1 1 1 1 2 2
left_child=1 4 6 -2 7 -6 -3 -1
right_child=3 2 -4 -5 5 -7 -8 -9
leaf_value=-0.078341408697320356 0.40856137933503867 -0.078298933208911528 0.29808763163550134 0.10609316885996337 0.028530449486074184 -0.078383382274673077 0.029178873880534351 -0.041701103152199909
leaf_weight=11.914871994405987 1.8390065655112267 1.6141135357320302 2.3684199526906013 2.1348670423030844 3.7391380816698065 1.7040757499635217 1.8538413867354391 16.358836032450199
leaf_count=219 22 30 23 24 67 31 31 298
internal_value=-0.000711121 -0.0255047 0.108579 0.246068 -0.0487144 -0.00494045 -0.0208452 -0.0571418
internal_weight=43.5272 39.5533 5.83637 3.97387 33.7169 5.44321 3.46795 28.2737
internal_count=745 699 84 46 615 98 61 517
cat_boundaries=0 1 2 3 4 5
cat_threshold=1 1 2 1 1
is_linear=0
shrinkage=0.1


Tree=8
num_leaves=12
num_cat=6
split_feature=7 6 5 4 6 3 6 4 0 3 2
split_gain=102.609 142.312 10.5083 3.17125 4.19092 0.426936 0.274972 0.252491 0.215132 0.0322266 0.00134249
threshold=1.5000000000000002 1.5000000000000002 0 1 1.5000000000000002 2 2.5000000000000004 3 1.5000000000000002 4 5
decision_type=2 2 1 9 2 1 2 9 2 1 1
left_child=1 5 6 8 -5 7 -3 -1 -2 -10 -7
right_child=3 2 -4 4 -6 10 -8 -9 9 -11 -12
leaf_value=0.11302209293198494 -0.10273345390340652 -0.10300576065952689 -0.0060520976466056789 -0.028714186994677666 -0.1221336122614082 0.12329987253052731 -0.119195974540942 0.10237688805672639 -0.1146816803346529 -0.12175826343811501 0.12498890547123041
leaf_weight=44.0407754778862 17.170761048793793 24.542035967111588 12.60249215364456 12.286692738533022 7.883233278989791 11.437223345041275 18.321530312299728 45.096370100975037 26.611573219299316 8.4878080785274488 7.9955277442932138
leaf_count=138 55 79 38 37 25 36 59 140 86 27 25
internal_value=0.000215368 0.0439896 -0.0863248 -0.0989086 -0.0652263 0.110564 -0.109926 0.107636 -0.111906 -0.116393 0.123995
internal_weight=236.476 164.036 55.4661 72.4401 20.1699 108.57 42.8636 89.1371 52.2701 35.0994 19.4328
internal_count=745 515 176 230 62 339 138 278 168 113 61
cat_boundaries=0 1 2 3 4 5 6
cat_threshold=2 4 1 2 1 1
is_linear=0
shrinkage=0.1


Tree=9
num_leaves=6
num_cat=2
split_feature=6 7 2 3 6
split_gain=42.852 38.1733 21.8943 3.04369 2.85245
threshold=5.5000000000000009 5.5000000000000009 0 1 1.5000000000000002
decision_type=2 2 1 1 2
left_child=1 2 3 -1 -4
right_child=-2 -3 4 -5 -6
leaf_value=-0.069652445460716694 0.45084066415232726 0.46094329689978802 0.051840886248194974 0.0006894780041685946 0.1579630991412066
leaf_weight=39.779964864253998 2.0300733298063269 1.6285292953252781 5.2317771613597852 7.2765955701470366 4.909761406481266
leaf_count=553 11 9 56 82 34
internal_value=-0.000872121 -0.0164605 -0.030053 -0.0587751 0.103217
internal_weight=60.8567 58.8266 57.1981 47.0566 10.1415
internal_count=745 734 725 635 90
cat_boundaries=0 1 2
cat_threshold=1 1
is_linear=0
shrinkage=0.1


Tree=10
num_leaves=12
num_cat=6
split_feature=6 7 3 3 4 5 6 6 4 3 0
split_gain=67.7371 87.2492 22.397 19.567 9.26378 4.418 3.53726 0.474445 0.418031 0.241426 0.0528117
threshold=1.5000000000000002 1.5000000000000002 0 1 2 3 3.5000000000000004 2.5000000000000004 4 5 1.5000000000000002
decision_type=2 2 1 1 9 1 2 2 9 1 2
left_child=1 8 4 5 -3 6 -2 -5 10 -10 -1
right_child=3 2 -4 7 -6 -7 -8 -9 9 -11 -12
leaf_value=-0.10719613805385074 0.12913578935757386 0.11423895966050397 -0.083206242741295844 -0.033351159045233461 0.0041612856821074606 0.053262311364890604 0.054716277449335382 -0.0008791512671590734 -0.086925244282644323 -0.10647392290610072 -0.10046143516811175
leaf_weight=19.611436277627945 39.095261693000793 35.552023857831955 8.8693133592605573 8.6507712900638598 9.7396670877933484 14.186446636915205 7.6341352164745322 9.3765974640846235 40.20030277967453 7.4955022335052481 28.659633934497833
leaf_count=70 118 107 29 27 30 43 23 29 140 27 102
internal_value=6.62408e-05 -0.0393663 0.0621106 0.0750559 0.0905675 0.102139 0.116978 -0.0164615 -0.096637 -0.0899974 -0.103198
internal_weight=229.071 150.128 54.161 78.9432 45.2917 60.9158 46.7294 18.0274 95.9669 47.6958 48.2711
internal_count=745 505 166 240 137 184 141 56 339 167 172
cat_boundaries=0 1 2 3 4 5 6
cat_threshold=1 1 4 2 2 1
is_linear=0
shrinkage=0.1


Tree=11
num_leaves=9
num_cat=4
split_feature=1 3 7 4 4 7 6 6
split_gain=18.0443 9.98541 9.66849 4.42596 1.80484 4.47307 1.48749 0.587674
threshold=0 1 1.5000000000000002 2 3 1.5000000000000002 1.5000000000000002 3.5000000000000004
decision_type=1 1 2 9 9 2 2 2
left_child=1 4 6 -2 5 -1 -3 -6
right_child=3 2 -4 -5 7 -7 -8 -9
leaf_value=-0.051302310399811604 0.082606879191808411 -0.078122293465043735 0.18057706483006886 0.27167115257879099 -0.072765322956232587 0.11481717384612936 0.0422749029329334 -0.0043676827853442795
leaf_weight=7.4914270229637623 2.4231790229678154 2.7044695653021318 4.1691193580627441 2.5319792181253424 18.687882207334045 2.0684962309896946 1.6536258198320863 1.346711866557597
leaf_count=152 23 53 40 23 367 36 28 23
internal_value=-0.00030245 -0.0236365 0.0717086 0.179215 -0.0511088 -0.0153588 -0.0324391 -0.0681677
internal_weight=43.0769 38.1217 8.52721 4.95516 29.5945 9.55992 4.3581 20.0346
internal_count=745 699 121 46 578 188 81 390
cat_boundaries=0 1 2 3 4
cat_threshold=1 1 2 2
is_linear=0
shrinkage=0.1


Tree=12
num_leaves=12
num_cat=6
split_feature=7 6 5 4 6 3 6 4 0 3 2
split_gain=83.3193 112.321 9.10692 2.64289 3.68975 0.449239 0.274292 0.239148 0.216789 0.0401804 0.00255833
threshold=1.5000000000000002 1.5000000000000002 0 1 1.5000000000000002 2 2.5000000000000004 3 1.5000000000000002 4 5
decision_type=2 2 1 9 2 1 2 9 2 1 1
left_child=1 5 6 8 -5 7 -3 -1 -2 -10 -7
right_child=3 2 -4 4 -6 10 -8 -9 9 -11 -12
leaf_value=0.10330013310255354 -0.094374853125268846 -0.09432140688273398 -0.0039162212690137949 -0.026700283505784218 -0.11549677721783608 0.1141305677962558 -0.1110148016500884 0.092694153997697759 -0.10649731313966566 -0.11461569612103575 0.11652141415675897
leaf_weight=41.807310879230499 16.260684132575989 23.107416063547134 12.566444516181944 12.259941726922991 7.5683780908584586 10.814532101154327 17.146868109703064 43.257984578609467 24.96012681722641 8.0666825473308545 7.6356744468212137
leaf_count=138 55 79 38 37 25 36 59 140 86 27 25
internal_value=5.92788e-06 0.0404267 -0.0782324 -0.0914237 -0.0605935 0.100975 -0.101432 0.0979067 -0.103827 -0.10848 0.11512
internal_weight=225.452 156.336 52.8207 69.1158 19.8283 103.516 40.2543 85.0653 49.2875 33.0268 18.4502
internal_count=745 515 176 230 62 339 138 278 168 113 61
cat_boundaries=0 1 2 3 4 5 6
cat_threshold=2 4 1 2 1 1
is_linear=0
shrinkage=0.1


Tree=13
num_leaves=6
num_cat=2
split_feature=6 7 2 3 6
split_gain=26.9916 24.6634 18.3085 2.82272 1.65439
threshold=5.5000000000000009 5.5000000000000009 0 1 1.5000000000000002
decision_type=2 2 1 1 2
left_child=1 2 3 -1 -4
right_child=-2 -3 4 -5 -6
leaf_value=-0.068309169020499452 0.30990965112167584 0.31804871057527001 0.047955179011087284 -0.00035566425320544983 0.12567056930293979
leaf_weight=36.428971700370312 2.6781685650348654 2.1405499279499045 5.3682343289256078 7.3454396948218337 5.5932061225175858
leaf_count=553 11 9 56 82 34
internal_value=-0.00033448 -0.0149431 -0.0279654 -0.0569064 0.0876104
internal_weight=59.5546 56.8764 54.7359 43.7744 10.9614
internal_count=745 734 725 635 90
cat_boundaries=0 1 2
cat_threshold=1 1
is_linear=0
shrinkage=0.1


Tree=14
num_leaves=12
num_cat=6
split_feature=6 7 3 3 4 5 6 4 6 3 0
split_gain=52.1947 68.7779 18.0829 15.8985 7.44338 3.68582 2.92121 0.426804 0.40768 0.238442 0.0561122
threshold=1.5000000000000002 1.5000000000000002 0 1 2 3 3.5000000000000004 4 2.5000000000000004 5 1.5000000000000002
decision_type=2 2 1 1 9 1 2 9 2 1 2
left_child=1 7 4 5 -3 6 -2 10 -5 -9 -1
right_child=3 2 -4 8 -6 -7 -8 9 -10 -11 -12
leaf_value=-0.10132962703640878 0.11583574108214645 0.10113839342439174 -0.078891344929880258 -0.032336201649546835 0.00236678885691833 0.046227060777192922 0.048049536681356718 -0.080014997643851532 -0.0021976122611979351 -0.10036925992544893 -0.094077708714235056
leaf_weight=17.947526708245277 37.936591684818268 34.764442324638367 8.6045084595680219 8.613625645637514 9.7749660015106183 14.262945502996443 7.6372694969177237 37.531231224536896 9.3711222708225232 6.7977734208106986 26.312014132738113
leaf_count=70 118 107 29 27 30 43 23 140 29 27 102
internal_value=1.17662e-05 -0.0361174 0.0538224 0.065812 0.0794612 0.0905916 0.104476 -0.0900719 -0.0166322 -0.0831363 -0.0970184
internal_weight=219.554 141.732 53.1439 77.8216 44.5394 59.8368 45.5739 88.5885 17.9847 44.329 44.2595
internal_count=745 505 166 240 137 184 141 339 56 167 172
cat_boundaries=0 1 2 3 4 5 6
cat_threshold=1 1 4 2 2 1
is_linear=0
shrinkage=0.1


Tree=15
num_leaves=8
num_cat=4
split_feature=1 7 5 5 3 6 7
split_gain=13.1258 8.21672 22.1171 2.52817 1.35803 1.17554 0.89225
threshold=0 2.5000000000000004 1 2 3 3.5000000000000004 1.5000000000000002
decision_type=1 2 1 1 1 2 2
left_child=1 5 4 -2 -3 6 -1
right_child=3 2 -4 -5 -6 -7 -8
leaf_value=-0.05921391917185162 0.20185008774176827 -0.078022365929779652 0.39245937387643515 0.06875604834953257 0.024263379621950049 0.034770319923421326 -0.016902913025347532
leaf_weight=21.515050712972887 3.1145074963569641 2.5062088258564472 1.6784907542169083 2.6344373524188986 2.6925229579210281 1.7632438801228989 6.486679781228303
leaf_count=468 22 51 16 24 17 30 117
internal_value=0.000377442 -0.0216635 0.0768521 0.14086 -0.0250466 -0.0444256 -0.0494125
internal_weight=42.3911 36.6422 6.87722 5.74894 5.19873 29.765 28.0017
internal_count=745 699 84 46 68 615 585
cat_boundaries=0 1 2 3 4
cat_threshold=1 2 2 1
is_linear=0
shrinkage=0.1


Tree=16
num_leaves=12
num_cat=6
split_feature=7 6 5 4 6 3 6 4 0 3 2
split_gain=68.4355 89.818 8.03797 2.31409 3.20225 0.483938 0.286381 0.23611 0.226872 0.0531437 0.00351727
threshold=1.5000000000000002 1.5000000000000002 0 1 1.5000000000000002 2 2.5000000000000004 3 1.5000000000000002 4 5
decision_type=2 2 1 9 2 1 2 9 2 1 1
left_child=1 5 6 8 -5 7 -3 -1 -2 -10 -7
right_child=3 2 -4 4 -6 10 -8 -9 9 -11 -12
leaf_value=0.095569283363323002 -0.087637976990531163 -0.087318314705002412 -0.0022862072993486749 -0.025335246541569423 -0.1095367223026051 0.10724263131315076 -0.10502138546660758 0.084717747081108449 -0.10015917378103463 -0.10977337950590751 0.1101333057949056
leaf_weight=39.166481107473373 15.265656262636183 21.544420808553696 12.529306322336195 12.231548219919206 7.1608984768390647 10.092152833938599 15.868376582860945 41.082399129867554 23.148198544979095 7.6493440419435528 7.2210727334022531
leaf_count=138 55 79 38 37 25 36 59 140 86 27 25
internal_value=-0.000308021 0.0374547 -0.0716106 -0.0854062 -0.0564277 0.0932853 -0.0948269 0.090014 -0.0976061 -0.102547 0.108448
internal_weight=212.96 147.504 49.9421 65.4556 19.3924 97.5621 37.4128 80.2489 46.0632 30.7975 17.3132
internal_count=745 515 176 230 62 339 138 278 168 113 61
cat_boundaries=0 1 2 3 4 5 6
cat_threshold=2 4 1 2 1 1
is_linear=0
shrinkage=0.1


Tree=17
num_leaves=6
num_cat=2
split_feature=6 7 2 1 7
split_gain=19.5597 18.632 16.3499 1.34708 1.28023
threshold=5.5000000000000009 4.5000000000000009 0 1 1.5000000000000002
decision_type=2 2 1 1 2
left_child=1 2 3 -1 -4
right_child=-2 -3 4 -5 -6
leaf_value=-0.063379591087547163 0.24533811772037928 0.2110090061981354 0.047276233469395808 0.021251183012630452 0.11438031497460395
leaf_weight=37.639546748250723 3.0877126753330222 3.4670215398073188 6.741545304656027 1.9797006286680687 4.9165226742625237
leaf_count=600 11 16 59 28 31
internal_value=0.000461104 -0.0133506 -0.0285202 -0.0591507 0.0755758
internal_weight=57.832 54.7443 51.2773 39.6192 11.6581
internal_count=745 734 718 628 90
cat_boundaries=0 1 2
cat_threshold=1 1
is_linear=0
shrinkage=0.1


Tree=18
num_leaves=12
num_cat=6
split_feature=6 7 3 3 4 5 6 4 7 3 0
split_gain=40.8753 54.5028 14.9886 13.1642 6.23726 3.15364 2.47982 0.446227 0.372489 0.245564 0.0610137
threshold=1.5000000000000002 1.5000000000000002 0 1 2 3 3.5000000000000004 4 1.5000000000000002 5 1.5000000000000002
decision_type=2 2 1 1 9 1 2 9 2 1 2
left_child=1 7 4 5 -3 6 -2 10 -5 -9 -1
right_child=3 2 -4 8 -6 -7 -8 9 -10 -11 -12
leaf_value=-0.096784475655059626 0.10586332030946942 0.091040545880257895 -0.075722636115474501 -0.027721039941619577 0.00037150053006580671 0.040823810685603923 0.043007396282792737 -0.073992330719196364 0.0020197139633567176 -0.095732111314871804 -0.088849478278669347
leaf_weight=16.274757280945778 36.140849709510803 33.479834973812103 8.3656657189130765 11.128448516130449 9.8102687597274763 14.281065940856932 7.5958444476127616 34.861790359020233 6.7750567495822898 6.1058524399995795 23.950994983315468
leaf_count=70 118 107 29 35 30 43 23 140 21 27 102
internal_value=-3.90138e-05 -0.0334892 0.0468137 0.0584931 0.0704934 0.0816246 0.094947 -0.0845784 -0.0164665 -0.0772324 -0.0920599
internal_weight=208.77 132.849 51.6558 75.9213 43.2901 58.0178 43.7367 81.1934 17.9035 40.9676 40.2258
internal_count=745 505 166 240 137 184 141 339 56 167 172
cat_boundaries=0 1 2 3 4 5 6
cat_threshold=1 1 4 2 2 1
is_linear=0
shrinkage=0.1


Tree=19
num_leaves=9
num_cat=5
split_feature=1 3 2 7 7 4 5 6
split_gain=9.95268 7.2659 6.66172 6.58407 1.80249 1.77138 2.70793 0.546925
threshold=0 1 2 1.5000000000000002 1.5000000000000002 3 4 3.5000000000000004
decision_type=1 1 1 2 2 9 1 2
left_child=1 5 3 -3 -2 6 -1 -7
right_child=4 2 -4 -5 -6 7 -8 -9
leaf_value=-0.04601710296582634 0.056841069819197315 -0.0079493092444624727 -0.082337292748517948 0.19183221911662698 0.16365833981367262 -0.071176326223686012 0.075594232975952969 -0.0049925781292743804
leaf_weight=6.3268350139260292 2.8557667434215537 2.8462642692029458 2.5303976982831955 3.9236762300133705 3.5355637818574905 15.629599757492544 2.5767129324376583 1.3570140823721875
leaf_count=148 26 57 37 27 20 367 40 23
internal_value=0.00113209 -0.0197177 0.0560964 0.107839 0.11593 -0.0469518 -0.0108224 -0.0658891
internal_weight=41.5818 35.1905 9.30034 6.76994 6.39133 25.8902 8.90355 16.9866
internal_count=745 699 121 84 46 578 188 390
cat_boundaries=0 1 2 3 4 5
cat_threshold=1 1 1 2 2
is_linear=0
shrinkage=0.1


Tree=20
num_leaves=12
num_cat=6
split_feature=7 6 5 4 6 3 6 0 4 3 2
split_gain=56.2777 72.6597 7.25431 2.09844 2.84679 0.513993 0.312428 0.24378 0.241608 0.0582543 0.00394021
threshold=1.5000000000000002 1.5000000000000002 0 1 1.5000000000000002 2 2.5000000000000004 1.5000000000000002 3 4 5
decision_type=2 2 1 9 2 1 2 2 9 1 1
left_child=1 5 6 7 -5 8 -3 -2 -1 -9 -7
right_child=3 2 -4 4 -6 10 -8 9 -10 -11 -12
leaf_value=0.089235117770280203 -0.081726129017443888 -0.081545791276253096 -0.00076407578590143228 -0.023610214178380703 -0.10465987578950933 0.10175186235911871 -0.10077811904450545 -0.095125444746553781 0.077885771991299077 -0.10553568564559249 0.10492362385640459
leaf_weight=36.364475965499878 14.233406871557234 19.981881842017174 12.487042248249052 12.196129798889162 6.7222458422183982 9.3013483285903931 14.631754860281942 21.305935829877853 38.739594161510468 7.1891033351421383 6.7655955851078042
leaf_count=138 55 79 38 37 25 36 59 86 140 27 25
internal_value=-0.000676154 0.0347505 -0.0661039 -0.0801369 -0.0524095 0.0868538 -0.0896756 -0.0924135 0.083381 -0.0977519 0.103087
internal_weight=199.919 138.272 47.1007 61.6468 18.9184 91.171 34.6136 42.7284 75.1041 28.495 16.0669
internal_count=745 515 176 230 62 339 138 168 278 113 61
cat_boundaries=0 1 2 3 4 5 6
cat_threshold=2 4 1 2 1 1
is_linear=0
shrinkage=0.1


Tree=21
num_leaves=6
num_cat=1
split_feature=6 7 2 7 0
split_gain=15.5085 15.2237 13.9302 2.33745 0.969681
threshold=4.5000000000000009 5.5000000000000009 0 4.5000000000000009 2.5000000000000004
decision_type=2 2 1 2 2
left_child=1 2 3 -1 -4
right_child=-2 -3 4 -5 -6
leaf_value=-0.061952120161159044 0.18146638996328412 0.22164352493500694 0.10443477947051577 0.081706995740000093 0.045302137865155745
leaf_weight=35.521175388246775 4.406345695257186 2.6034750640392295 4.2307754456996891 1.1698985844850529 8.049154169857502
leaf_count=621 18 9 37 7 53
internal_value=0.00139526 -0.0139894 -0.0265165 -0.0573715 0.065675
internal_weight=55.9808 51.5745 48.971 36.6911 12.2799
internal_count=745 727 718 628 90
cat_boundaries=0 1
cat_threshold=1
is_linear=0
shrinkage=0.1


Tree=22
num_leaves=12
num_cat=6
split_feature=6 7 3 3 4 5 6 4 7 3 0
split_gain=32.113 43.5351 12.2543 11.199 5.25448 2.7304 2.1755 0.472617 0.344331 0.257868 0.0669229
threshold=1.5000000000000002 1.5000000000000002 0 1 2 3 3.5000000000000004 4 1.5000000000000002 5 1.5000000000000002
decision_type=2 2 1 1 9 1 2 9 2 1 2
left_child=1 7 4 5 -3 6 -2 10 -5 -9 -1
right_child=3 2 -4 8 -6 -7 -8 9 -10 -11 -12
leaf_value=-0.093186275212429018 0.097999700513555651 0.082641473881716873 -0.071760686737906129 -0.027653702596851459 -0.0009892268285781661 0.036506051768053278 0.038554216270538053 -0.068592707420714105 0.00097336542734613679 -0.092119283698718357 -0.084437600490705603
leaf_weight=14.654202222824095 33.970612674951553 31.873809933662415 8.0604483336210233 11.062955290079119 9.829588979482649 14.261785149574278 7.5189516544342032 32.289727389812469 6.7746661007404319 5.4444056600332251 21.678060501813889
leaf_count=70 118 107 29 35 30 43 23 140 21 27 102
internal_value=-0.000132387 -0.0312237 0.0411132 0.0521858 0.0629295 0.0742518 0.0872267 -0.0798255 -0.0167812 -0.0719872 -0.0879663
internal_weight=197.419 123.83 49.7638 73.589 41.7034 55.7513 41.4896 74.0664 17.8376 37.7341 36.3323
internal_count=745 505 166 240 137 184 141 339 56 167 172
cat_boundaries=0 1 2 3 4 5 6
cat_threshold=1 1 4 2 2 1
is_linear=0
shrinkage=0.1


Tree=23
num_leaves=9
num_cat=5
split_feature=1 3 2 7 4 4 0 6
split_gain=7.77228 5.95592 5.33487 4.17567 1.73324 1.72977 2.26507 0.53909
threshold=0 1 2 1.5000000000000002 3 4 1.5000000000000002 3.5000000000000004
decision_type=1 1 1 2 9 9 2 2
left_child=1 5 3 -3 -2 6 -1 -7
right_child=4 2 -4 -5 -6 7 -8 -9
leaf_value=-0.077567893845363944 0.04329329835390363 -0.0061642755100876842 -0.082082256152935337 0.14940596301908332 0.14406446221763208 -0.070212612195030319 0.029645241151554449 -0.0037177291115886601
leaf_weight=3.0584045127034187 3.1003866568207741 2.7758684009313566 2.3687800541520119 4.5589145869016647 3.7972673177719107 14.095679778605698 5.5399773493409157 1.3346721716225154
leaf_count=75 23 57 37 27 23 367 113 23
internal_value=0.00204784 -0.01773 0.0483928 0.09053 0.0987694 -0.0444325 -0.00848997 -0.064461
internal_weight=40.63 33.7323 9.70356 7.33478 6.89765 24.0287 8.59838 15.4304
internal_count=745 699 121 84 46 578 188 390
cat_boundaries=0 1 2 3 4 5
cat_threshold=1 1 1 2 2
is_linear=0
shrinkage=0.1


Tree=24
num_leaves=13
num_cat=7
split_feature=7 6 5 7 4 3 6 4 0 4 3 2
split_gain=46.7947 59.2096 6.54621 2.04805 2.86974 0.552804 0.339469 0.25309 0.218513 0.0587506 0.0178722 0.00471756
threshold=1.5000000000000002 1.5000000000000002 0 2.5000000000000004 1 2 2.5000000000000004 3 1.5000000000000002 4 5 6
decision_type=2 2 1 2 9 1 2 9 2 9 1 1
left_child=1 5 6 4 8 7 -3 -1 -2 10 -5 -7
right_child=3 2 -4 9 -6 11 -8 -9 -10 -11 -12 -13
leaf_value=0.083953011754028611 -0.071694975906506545 -0.076443045081407701 0.00026819536425945663 -0.10222687751421844 -0.023445883748699152 0.10101301968815105 -0.09734901813068976 0.071915238116030428 -0.090938374709903166 -0.10921101094663617 -0.094967855639662258 0.097407746618848531
leaf_weight=33.596054211258888 10.997218906879427 18.44159042835236 12.449107497930525 4.947060152888298 12.91697260737419 6.3335102945566177 13.418691977858542 36.376626253128052 12.733144670724867 5.5567918717861184 10.788133874535559 8.5010092556476575
leaf_count=138 46 79 38 20 41 25 59 140 53 21 49 36
internal_value=-0.00104072 0.0324642 -0.0612215 -0.0757057 -0.0613749 0.0814124 -0.0852481 0.0776949 -0.0820205 -0.100372 -0.0972501 0.098947
internal_weight=187.056 129.117 44.3094 57.9393 36.6473 84.8072 31.8603 69.9727 23.7304 21.292 15.7352 14.8345
internal_count=745 515 176 230 140 339 138 278 99 90 69 61
cat_boundaries=0 1 2 3 4 5 6 7
cat_threshold=2 4 1 2 4 2 2
is_linear=0
shrinkage=0.1


Tree=25
num_leaves=6
num_cat=2
split_feature=6 7 2 3 0
split_gain=12.2331 12.2286 11.0841 2.54877 0.776967
threshold=5.5000000000000009 5.5000000000000009 0 1 2.5000000000000004
decision_type=2 2 1 1 2
left_child=1 2 3 -1 -4
right_child=-2 -3 4 -5 -6
leaf_value=-0.064242658697248697 0.18387761586732657 0.19682035213953003 0.091185559577675351 0.0034409462784264645 0.0396477495147693
leaf_weight=28.131613936275244 3.4748909175395957 2.7037514746189109 4.5176861286163303 6.9353222958743563 8.2981772497296333
leaf_count=553 11 9 37 82 53
internal_value=0.00238015 -0.0100873 -0.0217705 -0.0508566 0.0578152
internal_weight=54.0614 50.5866 47.8828 35.0669 12.8159
internal_count=745 734 725 635 90
cat_boundaries=0 1 2
cat_threshold=1 1
is_linear=0
shrinkage=0.1


Tree=26
num_leaves=12
num_cat=6
split_feature=6 7 3 3 4 5 6 4 6 3 0
split_gain=25.348 34.7697 10.0751 9.54432 4.53149 2.44465 1.93203 0.503219 0.348402 0.271839 0.0748972
threshold=1.5000000000000002 1.5000000000000002 0 1 2 3 3.5000000000000004 4 2.5000000000000004 5 1.5000000000000002
decision_type=2 2 1 1 9 1 2 9 2 1 2
left_child=1 7 4 5 -3 6 -2 10 -5 -9 -1
right_child=3 2 -4 8 -6 -7 -8 9 -10 -11 -12
leaf_value=-0.090307688821390522 0.091578829176155618 0.075538067980925605 -0.068260920161155744 -0.03134041388078998 -0.0025904998937329045 0.032364219249639441 0.034899604129147631 -0.063613401910846051 -0.0033011491550514077 -0.089211365448283383 -0.080539223545614255
leaf_weight=13.131008848547934 31.618699669837952 30.106610745191574 7.7576002627611151 8.5445575118064898 9.8533764183521253 14.215211093425749 7.4265944659709922 29.862477034330368 9.2059349119663221 4.817915365099906 19.512342885136604
leaf_count=70 118 107 29 27 30 43 23 140 29 27 102
internal_value=-0.000274142 -0.0292736 0.0360272 0.0467065 0.056273 0.0678712 0.0807982 -0.0755574 -0.0167984 -0.0671696 -0.0844687
internal_weight=186.052 115.041 47.7176 71.011 39.96 53.2605 39.0453 67.3237 17.7505 34.6804 32.6434
internal_count=745 505 166 240 137 184 141 339 56 167 172
cat_boundaries=0 1 2 3 4 5 6
cat_threshold=1 1 4 2 2 1
is_linear=0
shrinkage=0.1


Tree=27
num_leaves=9
num_cat=5
split_feature=1 3 2 7 4 0 5 6
split_gain=6.10159 4.8896 4.41046 2.80201 1.68338 2.08551 1.29293 0.530376
threshold=0 1 2 1.5000000000000002 3 1.5000000000000002 4 3.5000000000000004
decision_type=1 1 1 2 9 2 1 2
left_child=1 4 3 -3 5 -1 -2 -6
right_child=6 2 -4 -5 7 -7 -8 -9
leaf_value=-0.077325889114936486 0.12245826123763924 -0.0043049245799892796 -0.081879662545856005 0.12171100847627846 -0.069187935178083679 0.029097469017642676 0.037877192982456148 -0.002415311911954991
leaf_weight=2.7524390295147896 4.1116924211382866 2.7058330066502077 2.2219442743808031 5.0719040110707283 12.69350556284189 5.5628750994801521 3.2247036695480338 1.312569402158261
leaf_count=75 22 57 37 27 367 113 24 23
internal_value=0.00295033 -0.0157374 0.042374 0.0778707 -0.0417706 -0.00612956 0.0852808 -0.0629304
internal_weight=39.6575 32.3211 9.99968 7.77774 22.3214 8.31531 7.3364 14.0061
internal_count=745 699 121 84 578 188 46 390
cat_boundaries=0 1 2 3 4 5
cat_threshold=1 1 1 2 2
is_linear=0
shrinkage=0.1


Tree=28
num_leaves=13
num_cat=7
split_feature=7 6 5 7 4 3 6 4 0 4 3 2
split_gain=39.1806 48.3691 5.9312 2.01985 2.53358 0.605001 0.364659 0.267616 0.231912 0.0494537 0.0178223 0.00464499
threshold=1.5000000000000002 1.5000000000000002 0 2.5000000000000004 1 2 2.5000000000000004 3 1.5000000000000002 4 5 6
decision_type=2 2 1 2 9 1 2 9 2 9 1 1
left_child=1 5 6 4 8 7 -3 -1 -2 -5 -11 -7
right_child=3 2 -4 9 -6 11 -8 -9 -10 10 -12 -13
leaf_value=0.079332094950303883 -0.066864490060621867 -0.071828361150085118 0.0012058847041999539 -0.10570370970250323 -0.022015675179665375 0.094125172424898165 -0.094479207006440247 0.066479405468020808 -0.087446001594827322 -0.099489949137091735 -0.091945558220066004 0.097844837495666429
leaf_weight=30.904562264680862 10.216332614421846 16.976472258567814 12.413347423076628 5.2578505128622055 12.851659804582594 7.7701596766710264 12.226274684071539 34.049009650945663 11.796307653188704 4.6125275194644928 9.7501449137926119 5.9112182855606079
leaf_count=138 46 79 38 21 41 36 59 140 53 20 49 25
internal_value=-0.00139219 0.0304819 -0.0566981 -0.0717401 -0.0572961 0.0766203 -0.0813116 0.0725946 -0.0778939 -0.097406 -0.0943684 0.0957323
internal_weight=174.736 120.251 41.6161 54.4848 34.8643 78.6349 29.2027 64.9536 22.0126 19.6205 14.3627 13.6814
internal_count=745 515 176 230 140 339 138 278 99 90 69 61
cat_boundaries=0 1 2 3 4 5 6 7
cat_threshold=2 4 1 2 2 2 1
is_linear=0
shrinkage=0.1


Tree=29
num_leaves=6
num_cat=2
split_feature=6 7 2 1 0
split_gain=10.1888 10.8059 11.148 1.58596 0.644813
threshold=4.5000000000000009 4.5000000000000009 0 1 2.5000000000000004
decision_type=2 2 1 1 2
left_child=1 2 3 -1 -4
right_child=-2 -3 4 -5 -6
leaf_value=-0.064272952447946549 0.14314399160292884 0.14790150889894907 0.080938984269903702 0.033166318062038729 0.034965038438432891
leaf_weight=28.405059508979321 4.743586614727973 3.9444247484207144 4.759259641170499 1.7747808955609823 8.498412013053894
leaf_count=593 18 16 37 28 53
internal_value=0.00341378 -0.0105751 -0.0249659 -0.0585429 0.0514688
internal_weight=52.1255 47.3819 43.4375 30.1798 13.2577
internal_count=745 727 711 621 90
cat_boundaries=0 1 2
cat_threshold=1 1
is_linear=0
shrinkage=0.1


Tree=30
num_leaves=12
num_cat=6
split_feature=6 7 3 3 4 5 6 4 6 3 0
split_gain=20.1631 27.6926 8.26438 8.02462 4.01544 2.22169 1.72067 0.53544 0.317085 0.286318 0.0838362
threshold=1.5000000000000002 1.5000000000000002 0 1 2 3 3.5000000000000004 4 2.5000000000000004 5 1.5000000000000002
decision_type=2 2 1 1 9 1 2 9 2 1 2
left_child=1 7 4 5 -3 6 -2 10 -5 -9 -1
right_child=3 2 -4 8 -6 -7 -8 9 -10 -11 -12
leaf_value=-0.087960117656307471 0.086101193103089696 0.069325005526017752 -0.064909310258442154 -0.03003240067274543 -0.0047265261562755888 0.028569355445587936 0.031829976147173325 -0.058956086058688552 -0.0031977005831430837 -0.086861367747304963 -0.077030848119940168
leaf_weight=11.715091690421106 29.197146728634834 28.283397108316422 7.4629603475332251 8.4924369454383868 9.880706846714018 14.1537549495697 7.3032650351524344 27.624008655548096 9.1450595557689649 4.2413933873176601 17.507334619760513
leaf_count=70 118 107 29 27 30 43 23 140 29 27 102
internal_value=-0.000457175 -0.0276105 0.0313329 0.0419736 0.050153 0.0622009 0.0752422 -0.0716359 -0.0161186 -0.0626704 -0.0814123
internal_weight=175.007 106.715 45.6271 68.2917 38.1641 50.6542 36.5004 61.0878 17.6375 31.8654 29.2224
internal_count=745 505 166 240 137 184 141 339 56 167 172
cat_boundaries=0 1 2 3 4 5 6
cat_threshold=1 1 4 2 2 1
is_linear=0
shrinkage=0.1


Tree=31
num_leaves=9
num_cat=5
split_feature=1 4 7 5 3 0 4 6
split_gain=4.88466 4.07624 7.57317 1.73356 1.29068 1.73448 1.03152 0.519795
threshold=0 1 2.5000000000000004 2 3 1.5000000000000002 4 3.5000000000000004
decision_type=1 9 2 1 1 2 9 2
left_child=1 2 3 -1 7 -6 -2 -3
right_child=6 4 -4 -5 5 -7 -8 -9
leaf_value=-0.044588924446346705 0.033228049491075592 -0.06809970665525622 0.16957983219613557 0.046785029027825858 0.077358616183917386 -0.039959839399156538 0.10718954446795459 -0.001185540369186628
leaf_weight=6.1315376218408346 3.3264859318733215 11.426897462457417 2.9811697229743013 3.1394184269011003 1.7915699742734439 4.2487756535410881 4.353576496243476 1.2921804860234267
leaf_count=176 23 367 18 45 19 51 23 23
internal_value=0.00375607 -0.0139258 0.0309355 -0.013647 -0.0432256 -0.00516312 0.0751544 -0.0613016
internal_weight=38.6916 31.0115 12.2521 9.27096 18.7594 6.04035 7.68006 12.7191
internal_count=745 699 239 221 460 70 46 390
cat_boundaries=0 1 2 3 4 5
cat_threshold=1 2 2 1 2
is_linear=0
shrinkage=0.1


Tree=32
num_leaves=13
num_cat=7
split_feature=7 6 5 7 4 3 6 4 0 4 3 2
split_gain=32.8118 39.5494 5.39181 1.97984 2.22505 0.653284 0.391778 0.272962 0.242967 0.0357221 0.0182733 0.00496172
threshold=1.5000000000000002 1.5000000000000002 0 2.5000000000000004 1 2 2.5000000000000004 3 1.5000000000000002 4 5 6
decision_type=2 2 1 2 9 1 2 9 2 9 1 1
left_child=1 5 6 4 8 7 -3 -1 -2 -5 -11 -7
right_child=3 2 -4 9 -6 11 -8 -9 -10 10 -12 -13
leaf_value=0.075028076760908363 -0.062452273916605572 -0.067574738318437369 0.0020429366823140034 -0.10211959674915153 -0.0209408388237418 0.091215752194827388 -0.092136953693519347 0.061527183079036755 -0.084336894500497805 -0.097423154858101407 -0.089484750447901662 0.095225213928895658
leaf_weight=28.268675461411476 9.4922613203525561 15.609826952219011 12.376157522201536 4.8908046782016754 12.789627969264982 7.0146708190441114 11.119932591915129 31.845602571964264 10.896667346358297 4.3287487924098969 8.7834342718124407 5.5115251839160919
leaf_count=138 46 79 38 21 41 36 59 140 53 20 49 25
internal_value=-0.00181605 0.0285548 -0.0525267 -0.0681257 -0.053638 0.0722049 -0.0777929 0.067876 -0.0741483 -0.094826 -0.0921055 0.0929799
internal_weight=162.928 111.746 39.1059 51.1815 33.1786 72.6405 26.7298 60.1143 20.3889 18.003 13.1122 12.5262
internal_count=745 515 176 230 140 339 138 278 99 90 69 61
cat_boundaries=0 1 2 3 4 5 6 7
cat_threshold=2 4 1 2 2 2 1
is_linear=0
shrinkage=0.1


Tree=33
num_leaves=6
num_cat=2
split_feature=6 7 2 3 0
split_gain=8.49967 8.83089 8.12717 2.25742 0.551044
threshold=5.5000000000000009 5.5000000000000009 0 1 2.5000000000000004
decision_type=2 2 1 1 2
left_child=1 2 3 -1 -4
right_child=-2 -3 4 -5 -6
leaf_value=-0.061186440450534091 0.15349759840036975 0.16775252214313369 0.072967031869134141 0.0042606688543027158 0.031152897911190969
leaf_weight=23.628551200032234 3.5484884679317465 2.7221759855747214 4.9576675668358776 6.7832168005406883 8.651643306016922
leaf_count=553 11 9 37 82 53
internal_value=0.00429018 -0.00703682 -0.0178454 -0.0465887 0.0463852
internal_weight=50.2917 46.7433 44.0211 30.4118 13.6093
internal_count=745 734 725 635 90
cat_boundaries=0 1 2
cat_threshold=1 1
is_linear=0
shrinkage=0.1


Tree=34
num_leaves=13
num_cat=4
split_feature=6 7 0 3 7 5 4 7 7 3 0 7
split_gain=16.3266 21.9776 7.78215 6.77017 2.34218 2.52435 0.570567 0.465574 0.330045 0.300654 0.0930454 0.0479956
threshold=1.5000000000000002 1.5000000000000002 2.5000000000000004 0 1.5000000000000002 1 2 2.5000000000000004 1.5000000000000002 3 1.5000000000000002 2.5000000000000004
decision_type=2 2 2 1 2 1 9 2 2 1 2 2
left_child=1 6 7 4 5 -2 10 -3 -5 -8 -1 -4
right_child=3 2 11 8 -6 -7 9 -9 -10 -11 -12 -13
leaf_value=-0.086030711202728261 0.060777912866187479 0.048170799538711534 -0.043709582255461968 -0.025967350364085429 0.096138533028408954 0.0010939412161866447 -0.08494779925971363 0.078001025471908819 0.002282992821533842 -0.054515781584471845 -0.073844155079216933 -0.031611471269051998
leaf_weight=10.420399457216265 26.648121267557144 23.698988720774654 6.126886844635008 10.78898271918297 11.831777930259703 9.6537878811359388 3.7184064388275146 6.7144684344530097 6.7058634459972373 25.576130628585819 15.711664989590643 7.0552375167608261
leaf_count=70 112 89 22 35 43 29 27 27 21 140 102 28
internal_value=-0.000543829 -0.0261796 0.0269409 0.0381361 0.0574996 0.0449061 -0.0679613 0.0547565 -0.0151389 -0.0583786 -0.0787037 -0.0372345
internal_weight=164.651 99.0222 43.5956 65.6285 48.1337 36.3019 55.4266 30.4135 17.4948 29.2945 26.1321 13.1821
internal_count=745 505 166 240 184 141 339 116 56 167 172 50
cat_boundaries=0 1 2 3 4
cat_threshold=1 2 2 2
is_linear=0
shrinkage=0.1


Tree=35
num_leaves=10
num_cat=6
split_feature=1 4 5 7 3 2 5 7 6
split_gain=3.97001 3.57513 5.55442 1.86221 1.14861 1.54266 0.82526 0.808722 0.508261
threshold=0 1 2 2.5000000000000004 3 4 5 1.5000000000000002 3.5000000000000004
decision_type=1 9 1 2 1 1 1 2 2
left_child=1 2 7 -4 8 -6 -2 -1 -3
right_child=6 4 3 -5 5 -7 -8 -9 -10
leaf_value=-0.056786759703844371 0.095204942618194247 -0.066940965973905461 0.040233821477572082 0.14754844038196546 0.027688527559489896 -0.082355644761025623 0.030096500020652745 0.054664616603191246 6.0257897493799578e-05
leaf_weight=4.9957447443157434 4.5403555855154991 10.289093313738702 3.2983714528381824 3.1720969751477242 4.1962374262511739 1.8292253147810695 3.4080523401498786 0.74863781034946431 1.2721852771937854
leaf_count=166 22 367 45 16 42 28 24 12 23
internal_value=0.00449446 -0.0122533 0.0293066 0.092844 -0.0411187 -0.00571896 0.0672883 -0.0422618 -0.0595683
internal_weight=37.75 29.8016 12.2149 6.47047 17.5867 6.02546 7.94841 5.74438 11.5613
internal_count=745 699 239 61 460 70 46 178 390
cat_boundaries=0 1 2 3 4 5 6
cat_threshold=1 2 2 1 1 2
is_linear=0
shrinkage=0.1


Tree=36
num_leaves=13
num_cat=7
split_feature=7 6 5 7 4 3 6 4 0 4 3 2
split_gain=27.0605 32.8767 4.80539 1.97093 2.10985 0.712041 0.413192 0.276906 0.25365 0.0227201 0.0143344 0.0046514
threshold=1.5000000000000002 1.5000000000000002 0 2.5000000000000004 1 2 2.5000000000000004 3 1.5000000000000002 4 5 6
decision_type=2 2 1 2 9 1 2 9 2 9 1 1
left_child=1 5 6 4 8 7 -3 -1 -2 -5 -11 -7
right_child=3 2 -4 9 -6 11 -8 -9 -10 10 -12 -13
leaf_value=0.071018816968826698 -0.058491897325987474 -0.063995211666683191 0.0015472332191534032 -0.098488720124378343 -0.018126388806886561 0.088978551324441574 -0.090308361480384861 0.056862719003654597 -0.081645588750771866 -0.087691992707378041 -0.0950291976983373 0.093027021698379259
leaf_weight=25.783620044589043 8.8893425464630145 14.507666856050493 12.378611922264097 4.4730621874332428 12.664113610982897 6.3542620688676816 10.137865692377089 29.77514460682869 10.115619197487829 7.9905341118574142 3.993396036326887 5.1283402293920517
leaf_count=138 46 79 38 21 41 36 59 140 53 49 20 25
internal_value=-0.00232775 0.0263477 -0.0492868 -0.0643341 -0.0497458 0.0681174 -0.074819 0.0634323 -0.0708157 -0.092407 -0.090137 0.0907867
internal_weight=152.192 104.066 37.0241 48.1261 31.6691 67.0414 24.6455 55.5588 19.005 16.457 11.9839 11.4826
internal_count=745 515 176 230 140 339 138 278 99 90 69 61
cat_boundaries=0 1 2 3 4 5 6 7
cat_threshold=2 4 1 2 2 1 1
is_linear=0
shrinkage=0.1


Tree=37
num_leaves=6
num_cat=2
split_feature=6 7 2 1 0
split_gain=7.34927 7.79407 8.52052 1.54808 0.495132
threshold=4.5000000000000009 4.5000000000000009 0 1 2.5000000000000004
decision_type=2 2 1 1 2
left_child=1 2 3 -1 -4
right_child=-2 -3 4 -5 -6
leaf_value=-0.06146646298366442 0.12296985045636205 0.12616591832642252 0.066905324770205374 0.036780152310419208 0.027764850276012061
leaf_weight=24.12155756726861 4.7790061980485907 3.9585880041122428 5.1135190129280064 1.7180616855621362 8.7836696356534958
leaf_count=593 18 16 37 28 53
internal_value=0.00523235 -0.00764471 -0.0209749 -0.0549341 0.0421667
internal_weight=48.4744 43.6954 39.7368 25.8396 13.8972
internal_count=745 727 711 621 90
cat_boundaries=0 1 2
cat_threshold=1 1
is_linear=0
shrinkage=0.1


Tree=38
num_leaves=14
num_cat=4
split_feature=6 7 0 3 7 5 4 7 3 7 0 7 7
split_gain=13.1507 17.4353 6.53105 5.65163 2.10159 2.12734 0.603887 0.39969 0.313387 0.305623 0.103491 0.0531019 0.000810487
threshold=1.5000000000000002 1.5000000000000002 2.5000000000000004 0 1.5000000000000002 1 2 2.5000000000000004 3 1.5000000000000002 1.5000000000000002 2.5000000000000004 2.5000000000000004
decision_type=2 2 2 1 2 1 9 2 1 2 2 2 2
left_child=1 6 7 4 5 -2 10 -3 -8 -5 -1 -4 -6
right_child=3 2 11 9 12 -7 8 -9 -10 -11 -12 -13 -14
leaf_value=-0.0844342241107576 0.056204529399721918 0.042754457301939219 -0.043147755189718827 -0.024582770418630554 0.089723833784000062 0.00091631523426189418 -0.050259057929256279 0.071024764955659736 -0.083373782918320649 0.0026926377419667288 -0.070819673309880135 -0.030323903205553723 0.091441653349386087
leaf_weight=9.2487813830375689 24.947031199932098 22.80533587932587 6.0567177683114988 10.666555315256121 4.8865222930908185 9.6519865989685041 23.730113446712494 6.4058230072259894 3.2491464987397221 6.6814185678958884 14.088220573961733 6.9163890182971954 6.271728977560997
leaf_count=70 112 89 22 35 18 29 140 27 27 21 102 28 25
internal_value=-0.000671923 -0.0246836 0.0227321 0.0345247 0.0529515 0.0407809 -0.0644361 0.048954 -0.0542471 -0.0140779 -0.0762153 -0.0363109 0.0906894
internal_weight=155.606 92.5005 42.1843 63.1052 45.7573 34.599 50.3163 29.2112 26.9793 17.348 23.337 12.9731 11.1583
internal_count=745 505 166 240 184 141 339 116 167 56 172 50 43
cat_boundaries=0 1 2 3 4
cat_threshold=1 2 2 1
is_linear=0
shrinkage=0.1


Tree=39
num_leaves=10
num_cat=5
split_feature=1 4 5 7 3 2 7 6 6
split_gain=3.28457 3.16504 4.30347 1.41677 1.06937 1.43526 0.690141 0.520257 0.418712
threshold=0 1 2 2.5000000000000004 3 4 1.5000000000000002 3.5000000000000004 1.5000000000000002
decision_type=1 9 1 2 1 1 2 2 2
left_child=1 2 6 -4 7 -6 -1 -3 -2
right_child=8 4 3 -5 5 -7 -8 -9 -10
leaf_value=-0.054349993592925666 0.040070240257981574 -0.065842197158068175 0.035719417777909372 0.12701492500889458 0.026603251522890826 -0.081919394337738413 0.04679913553548639 0.0035937609321097241 0.085491988943196567
leaf_weight=4.49144615419209 4.2744621559977514 9.3727284241467697 3.4166753962635994 3.3827333003282547 4.211396425962449 1.7149542290717361 0.79376029968261708 1.2194627486169345 3.8641984164714813
leaf_count=166 26 367 45 16 42 28 12 23 20
internal_value=0.00558447 -0.0103644 0.0285269 0.0811393 -0.0388164 -0.00480079 -0.0391589 -0.0578481 0.0616363
internal_weight=36.7418 28.6032 12.0846 6.79941 16.5185 5.92635 5.28521 10.5922 8.13866
internal_count=745 699 239 61 460 70 178 390 46
cat_boundaries=0 1 2 3 4 5
cat_threshold=1 2 2 1 1
is_linear=0
shrinkage=0.1


Tree=40
num_leaves=13
num_cat=7
split_feature=7 6 5 7 4 3 0 4 0 4 3 2
split_gain=22.3087 27.3562 4.29226 1.96175 1.99393 0.762524 0.439239 0.276705 0.263325 0.014407 0.0112126 0.00444876
threshold=1.5000000000000002 1.5000000000000002 0 2.5000000000000004 1 2 1.5000000000000002 3 1.5000000000000002 4 5 6
decision_type=2 2 1 2 9 1 2 9 2 9 1 1
left_child=1 5 6 4 8 7 -3 -1 -2 10 -5 -7
right_child=3 2 -4 9 -6 11 -8 -9 -10 -11 -12 -13
leaf_value=0.067214244340283391 -0.05482917015363982 -0.053647054631093788 0.0011108646936820615 -0.086232333708732511 -0.015642453763757776 0.086961137625264084 -0.082545442222682883 0.052480394056278371 -0.079238051515165719 -0.095489946851416596 -0.093001692423714713 0.091103524398303978
leaf_weight=23.486674293875694 8.3493297100067156 8.2534957379102725 12.376979410648344 7.2653835117816934 12.530769616365435 5.6915031075477582 14.49964055418968 27.873129159212112 9.3907443433999997 4.0539163798093769 3.6893900558352462 4.7616602331399918
leaf_count=138 46 49 38 49 41 36 89 140 53 21 20 25
internal_value=-0.00288542 0.0241819 -0.0462824 -0.0608364 -0.0461799 0.0642288 -0.0720628 0.0592181 -0.0677501 -0.0903969 -0.0885121 0.0888481
internal_weight=142.223 96.9431 35.1301 45.2795 30.2708 61.813 22.7531 51.3598 17.7401 15.0087 10.9548 10.4532
internal_count=745 515 176 230 140 339 138 278 99 90 69 61
cat_boundaries=0 1 2 3 4 5 6 7
cat_threshold=2 4 1 2 4 1 1
is_linear=0
shrinkage=0.1


Tree=41
num_leaves=6
num_cat=1
split_feature=6 7 2 6 0
split_gain=6.4059 6.26522 6.64657 1.46389 0.450858
threshold=5.5000000000000009 4.5000000000000009 0 4.5000000000000009 2.5000000000000004
decision_type=2 2 1 2 2
left_child=1 2 3 -1 -4
right_child=-2 -3 4 -5 -6
leaf_value=-0.052916374265992397 0.13726954707709568 0.11509164141677018 0.061657727126164213 0.054083171960544622 0.024703619364646458
leaf_weight=23.911190126091245 3.4462757706642142 3.9862884283065787 5.2504331544041607 1.350864753127097 8.8943981006741524
leaf_count=621 11 16 37 7 53
internal_value=0.00604355 -0.00437839 -0.0164636 -0.0471947 0.0384206
internal_weight=46.8395 43.3932 39.4069 25.2621 14.1448
internal_count=745 734 718 628 90
cat_boundaries=0 1
cat_threshold=1
is_linear=0
shrinkage=0.1


Tree=42
num_leaves=12
num_cat=5
split_feature=6 7 3 6 3 4 5 6 4 0 0
split_gain=10.7384 13.7451 5.86689 4.82284 3.77694 3.37653 3.03411 1.09639 0.6345 0.132031 0.115062
threshold=1.5000000000000002 1.5000000000000002 0 4.5000000000000009 1 2 3 2.5000000000000004 4 1.5000000000000002 1.5000000000000002
decision_type=2 2 1 2 1 9 1 2 9 2 2
left_child=1 8 5 4 6 -3 -2 -6 10 -10 -1
right_child=3 2 -4 -5 7 -7 -8 -9 9 -11 -12
leaf_value=-0.083107401350169904 0.075617636055731241 0.056723089374604643 -0.063496709132351212 -0.060589842366922067 -0.026560696177119921 -0.012725092284088033 0.017157836436026891 0.026885942074707861 -0.058592027510516967 -0.043892493558998866 -0.067896974145688349
leaf_weight=8.2002192363142985 26.841995999217033 23.765397995710373 7.1451971828937522 5.2023690044879904 8.3236092925071699 9.9243182539939863 13.26565498113632 7.1224973797798148 10.747761301696302 14.161742649972437 12.638443827629088
leaf_count=70 132 107 29 18 27 30 41 22 71 96 102
internal_value=-0.000748845 -0.0233634 0.018809 0.031479 0.0401008 0.036265 0.056282 -0.00191542 -0.0610066 -0.0502349 -0.0738824
internal_weight=147.339 86.5831 40.8349 60.7561 55.5538 33.6897 40.1077 15.4461 45.7482 24.9095 20.8387
internal_count=745 505 166 240 222 137 173 49 339 167 172
cat_boundaries=0 1 2 3 4 5
cat_threshold=1 1 4 2 2
is_linear=0
shrinkage=0.1


Tree=43
num_leaves=10
num_cat=5
split_feature=1 4 5 7 3 0 7 6 2
split_gain=2.73218 2.80805 3.37459 1.16007 0.987745 1.24104 0.587246 0.530329 0.36094
threshold=0 1 2 2.5000000000000004 3 1.5000000000000002 1.5000000000000002 3.5000000000000004 4
decision_type=1 9 1 2 1 2 2 2 1
left_child=1 2 6 -4 5 -3 -1 -6 -2
right_child=8 4 3 -5 7 -7 -8 -9 -10
leaf_value=-0.051741306288374679 0.038336258376841903 0.061034259585836893 0.031623463619904368 0.11271030804390728 -0.064693030668360754 -0.036695700818662851 0.040387354402835154 0.0070320973341852153 0.080290159026610006
leaf_weight=4.0472429301589727 4.6447502151131612 1.9520327635109422 3.5303414314985275 3.5270684361457825 8.5555138103663904 3.8862206116318703 0.83454652130603779 1.1720954850316037 3.6716839075088501
leaf_count=166 28 19 45 16 367 51 12 23 18
internal_value=0.00663373 -0.00855233 0.027931 0.0721481 -0.0365355 -0.00401948 -0.0359918 -0.0560508 0.0568588
internal_weight=35.8215 27.5051 11.9392 7.05741 15.5659 5.83825 4.88179 9.72761 8.31643
internal_count=745 699 239 61 460 70 178 390 46
cat_boundaries=0 1 2 3 4 5
cat_threshold=1 2 2 2 1
is_linear=0
shrinkage=0.1


Tree=44
num_leaves=13
num_cat=7
split_feature=7 6 5 7 4 3 6 5 0 4 3 2
split_gain=18.7766 22.3603 3.85309 1.9494 1.7321 0.830708 0.472702 0.305051 0.271757 0.0111689 0.0110196 0.00446839
threshold=1.5000000000000002 1.5000000000000002 0 2.5000000000000004 1 2 2.5000000000000004 3 1.5000000000000002 4 5 6
decision_type=2 2 1 2 9 1 2 1 2 9 1 1
left_child=1 5 6 4 8 7 -3 -1 -2 10 -5 -7
right_child=3 2 -4 9 -6 11 -8 -9 -10 -11 -12 -13
leaf_value=0.046570102364259458 -0.050977674972623344 -0.056607577940245429 0.0014972568247800604 -0.084758870475522122 -0.015091423238653333 0.085378328636333989 -0.087344261094566555 0.062631541050686759 -0.076743136533003756 -0.093572575994715565 -0.091744893904250863 0.08970644886450943
leaf_weight=22.20623454451561 7.788774341344836 12.382988944649698 12.352175801992415 6.514137528836728 12.478431224823 5.1205445379018766 8.3960073664784414 25.294871672987938 8.6285688132047635 3.7658906728029224 3.4557212442159644 4.465615302324295
leaf_count=142 46 79 38 49 41 36 59 136 53 21 20 25
internal_value=-0.00322734 0.0226158 -0.0427338 -0.0579176 -0.0431743 0.0605421 -0.0690271 0.055123 -0.0645194 -0.0889329 -0.0871803 0.0873945
internal_weight=132.85 90.2184 33.1312 42.6315 28.8958 57.0873 20.779 47.5011 16.4173 13.7357 9.96986 9.58616
internal_count=745 515 176 230 140 339 138 278 99 90 69 61
cat_boundaries=0 1 2 3 4 5 6 7
cat_threshold=2 4 1 2 4 1 1
is_linear=0
shrinkage=0.1


Tree=45
num_leaves=6
num_cat=2
split_feature=6 7 2 3 0
split_gain=5.1924 5.49027 5.21146 1.94454 0.39407
threshold=5.5000000000000009 5.5000000000000009 0 1 2.5000000000000004
decision_type=2 2 1 1 2
left_child=1 2 3 -1 -4
right_child=-2 -3 4 -5 -6
leaf_value=-0.05624417040261509 0.12670592593499994 0.13817706914543681 0.057311465631616376 0.0077355629940890755 0.023005458832829315
leaf_weight=18.560298228636384 3.333023488521575 2.5847650170326224 5.3615774363279316 6.3844888322055366 8.9173364788293839
leaf_count=553 11 9 37 82 53
internal_value=0.00658763 -0.00298835 -0.0122909 -0.0398689 0.035887
internal_weight=45.1415 41.8085 39.2237 24.9448 14.2789
internal_count=745 734 725 635 90
cat_boundaries=0 1 2
cat_threshold=1 1
is_linear=0
shrinkage=0.1


Tree=46
num_leaves=14
num_cat=3
split_feature=6 7 0 3 7 5 4 0 7 7 0 0 7
split_gain=8.81316 10.7997 5.27766 4.1069 2.11785 1.56741 0.661897 0.591538 0.413876 0.304449 0.132944 0.127783 0.0426713
threshold=1.5000000000000002 1.5000000000000002 2.5000000000000004 0 1.5000000000000002 1 2 2.5000000000000004 2.5000000000000004 1.5000000000000002 1.5000000000000002 1.5000000000000002 2.5000000000000004
decision_type=2 2 2 1 2 1 9 2 2 2 2 2 2
left_child=1 6 8 4 5 -2 11 -6 -3 -5 -8 -1 -4
right_child=3 2 12 9 7 -7 10 -9 -10 -11 -12 -13 -14
leaf_value=-0.08199515492515197 0.047965809115025931 0.034079672302897407 -0.044732085449872873 -0.023180091595029553 0.062937888505373185 -0.00055450498750732866 -0.05504507800548894 0.111391871796596 0.064417301692811554 0.0042809734681288391 -0.03970905454479505 -0.0650091256478013 -0.032949845568791006
leaf_weight=7.2645037248730686 21.509476453065872 20.97103109955788 5.8187542855739576 10.414745926856996 5.3866257518529874 9.6425205171108264 9.902877055108549 4.7337142527103424 5.724293738603591 6.5928826332092276 13.169884249567984 11.345861315727232 6.5159721374511719
leaf_count=70 112 89 22 35 25 29 71 18 27 21 96 102 28
internal_value=-0.000815586 -0.0222128 0.0155891 0.0288178 0.0458586 0.0329472 -0.0576086 0.0856019 0.040585 -0.012535 -0.0462913 -0.0716396 -0.038508
internal_weight=138.993 80.7132 39.0301 58.28 41.2723 31.152 41.6831 10.1203 26.6953 17.0076 23.0728 18.6104 12.3347
internal_count=745 505 166 240 184 141 339 43 116 56 167 172 50
cat_boundaries=0 1 2 3
cat_threshold=1 2 2
is_linear=0
shrinkage=0.1


Tree=47
num_leaves=9
num_cat=3
split_feature=1 4 0 0 0 0 4 7
split_gain=2.24606 2.40731 3.04585 1.94882 0.948903 0.641295 0.563696 0.00034256
threshold=0 1 1.5000000000000002 2.5000000000000004 3.5000000000000004 2.5000000000000004 2 1.5000000000000002
decision_type=1 9 2 2 2 2 9 2
left_child=1 2 7 -4 5 -3 -2 -1
right_child=6 4 3 -5 -6 -7 -8 -9
leaf_value=-0.07641645280461129 0.021797765791538151 -0.029622329633939543 0.10330891896400851 0.012095511772481787 0.0403851206056196 -0.079343416301588643 0.073938069594735853 -0.079197427383808514
leaf_weight=1.7035361845046293 3.6063628122210503 9.6076914239674789 4.0816841870546323 5.4968244899064302 1.5207027606666095 3.5534573383629313 4.8781544566154462 0.59857273846864689
leaf_count=77 23 333 90 63 34 93 23 9
internal_value=0.00698313 -0.0073244 0.0261415 0.0509642 -0.0344052 -0.0430468 0.0517757 -0.0771395
internal_weight=35.047 26.5625 11.8806 9.57851 14.6819 13.1611 8.48452 2.30211
internal_count=745 699 239 153 460 426 46 86
cat_boundaries=0 1 2 3
cat_threshold=1 2 2
is_linear=0
shrinkage=0.1


Tree=48
num_leaves=13
num_cat=6
split_feature=7 6 5 7 6 0 3 6 4 4 3 2
split_gain=15.6775 18.7136 3.43259 1.94217 1.62362 2.3204 0.893588 0.49542 0.321101 0.00797513 0.00865424 0.00405184
threshold=1.5000000000000002 1.5000000000000002 0 2.5000000000000004 1.5000000000000002 2.5000000000000004 1 2.5000000000000004 2 3 4 5
decision_type=2 2 1 2 2 2 1 2 9 9 1 1
left_child=1 6 7 4 5 -2 8 -3 -1 -5 -11 -8
right_child=3 2 -4 9 -6 -7 11 -9 -10 10 -12 -13
leaf_value=0.060752101404434891 -0.047454050548426677 -0.053462152609551256 0.0010411373750457643 -0.091666213385794337 -0.091203252205082491 0.025909900391265492 0.084144961876385468 -0.086250307264493925 0.04362153706770891 -0.083755262238386682 -0.090215998214313545 0.088435285725080248
leaf_weight=19.900031894445419 16.870263189077384 11.580061033368112 12.353782773017885 3.4462923407554626 5.0905809625983229 5.7911141961812964 4.6413967013359052 7.6543375402688971 24.307504460215569 5.9183629453182203 3.1912776902318001 4.1870496273040771
leaf_count=138 89 79 38 21 29 22 36 59 140 49 20 25
internal_value=-0.00360667 0.0208417 -0.0400916 -0.0549346 -0.0401699 -0.0287059 0.0571335 -0.0665102 0.0513329 -0.0875687 -0.0860186 0.0861797
internal_weight=124.932 84.6242 31.5882 40.3079 27.752 22.6614 53.036 19.2344 44.2075 12.5559 9.10964 8.82845
internal_count=745 515 176 230 140 111 339 138 278 90 69 61
cat_boundaries=0 1 2 3 4 5 6
cat_threshold=2 1 2 2 1 1
is_linear=0
shrinkage=0.1


Tree=49
num_leaves=6
num_cat=2
split_feature=6 7 2 1 0
split_gain=4.54139 4.62887 5.05947 1.38315 0.367669
threshold=5.5000000000000009 4.5000000000000009 0 1 2.5000000000000004
decision_type=2 2 1 1 2
left_child=1 2 3 -1 -4
right_child=-2 -3 4 -5 -6
leaf_value=-0.049806141862583864 0.12148952470382862 0.10296255570871352 0.053679666841095201 0.047415308593403073 0.020756346537004255
leaf_weight=20.580594832077622 3.217185676097869 3.8080822229385367 5.4544512107968304 1.5753557309508348 8.9702773913741112
leaf_count=600 11 16 37 28 53
internal_value=0.00714544 -0.0019627 -0.0128855 -0.0428934 0.0332057
internal_weight=43.6059 40.3888 36.5807 22.156 14.4247
internal_count=745 734 718 628 90
cat_boundaries=0 1 2
cat_threshold=1 1
is_linear=0
shrinkage=0.1


Tree=50
num_leaves=12
num_cat=5
split_feature=6 7 3 6 4 3 5 6 4 0 0
split_gain=7.09928 8.44016 4.57126 3.48408 2.86022 2.75328 2.50021 0.916578 0.721553 0.140584 0.133904
threshold=1.5000000000000002 1.5000000000000002 0 4.5000000000000009 1 2 3 2.5000000000000004 4 1.5000000000000002 1.5000000000000002
decision_type=2 2 1 2 9 1 1 2 9 2 2
left_child=1 8 4 5 -3 6 -2 -7 9 -1 -10
right_child=3 2 -4 -5 -6 7 -8 -9 10 -11 -12
leaf_value=-0.081149567641990189 0.068663039596502592 0.049643817852561389 -0.061350135660298559 -0.054840082206535759 -0.015501591193434933 -0.024614355393239192 0.013922482088136193 0.024472846657445257 -0.051125737033239554 -0.062375604278837309 -0.03507401994441145
leaf_weight=6.5117583200335529 22.920686811208725 21.117505639791489 6.8609173446893683 4.8718645274639121 9.8987121582031268 8.2185158729553205 13.119535624980925 7.0816785991191855 9.0617731735110301 10.294064097106455 12.185237437486647
leaf_count=70 132 107 29 18 30 27 41 22 71 102 96
internal_value=-0.000960388 -0.0209036 0.0125139 0.0259784 0.0288529 0.0336475 0.0487361 -0.0018944 -0.0541668 -0.06965 -0.04192
internal_weight=132.142 75.93 37.8771 56.2123 31.0162 51.3404 36.0402 15.3002 38.0528 16.8058 21.247
internal_count=745 505 166 240 137 222 173 49 339 172 167
cat_boundaries=0 1 2 3 4 5
cat_threshold=1 4 1 2 2
is_linear=0
shrinkage=0.1


Tree=51
num_leaves=10
num_cat=4
split_feature=1 4 0 0 3 0 6 5 7
split_gain=1.87228 2.0764 2.62356 1.54418 0.869131 1.03165 0.584009 0.476224 0.000264962
threshold=0 1 1.5000000000000002 2.5000000000000004 2 1.5000000000000002 3.5000000000000004 3 1.5000000000000002
decision_type=1 9 2 2 1 2 2 1 2
left_child=1 2 8 -4 5 -3 -6 -2 -1
right_child=7 4 3 -5 6 -7 -8 -9 -10
leaf_value=-0.076283549960521752 0.068371417629364079 0.056148272714562401 0.091345719126792804 0.01144617720095524 -0.062452150756867567 -0.033476618608595528 0.017351405005385994 0.020722547931338878 -0.078838470413773454
leaf_weight=1.5317863486707222 4.9479329884052277 1.99876800365746 4.3167353235185129 5.5016851648688316 7.2836416438221914 3.5931402584537864 1.0490940697491167 3.6410062015056592 0.55225022882223118
leaf_count=77 22 19 90 63 367 51 23 24 9
internal_value=0.00772644 -0.00572402 0.0249444 0.0465746 -0.0319387 -0.00144116 -0.0524049 0.0481722 -0.0769606
internal_weight=34.416 25.8271 11.9025 9.81842 13.9246 5.59191 8.33274 8.58894 2.08404
internal_count=745 699 239 153 460 70 390 46 86
cat_boundaries=0 1 2 3 4
cat_threshold=1 2 2 2
is_linear=0
shrinkage=0.1


Tree=52
num_leaves=13
num_cat=6
split_feature=7 6 5 7 6 0 3 6 5 4 3 2
split_gain=13.3243 15.3289 3.06675 1.93128 1.53943 1.95082 0.950265 0.524689 0.344705 0.00678887 0.00819833 0.00375369
threshold=1.5000000000000002 1.5000000000000002 0 2.5000000000000004 1.5000000000000002 2.5000000000000004 1 2.5000000000000004 2 3 4 5
decision_type=2 2 1 2 2 2 1 2 1 9 1 1
left_child=1 6 7 4 5 -2 8 -3 -1 -5 -11 -8
right_child=3 2 -4 9 -6 -7 11 -9 -10 10 -12 -13
leaf_value=0.037813629354270156 -0.04428727917684077 -0.04978620127910912 0.0013777813371656129 -0.090440704824955614 -0.089545871148508774 0.023392400993165138 0.083034669863308208 -0.085139786852706151 0.056154484898450478 -0.082679187008696045 -0.089228802650970163 0.087339378692500691
leaf_weight=19.058831915259361 16.138053297996528 10.706590190529825 12.330831408500673 3.2325749099254608 4.6906398609280577 5.7858444899320594 4.1808108240365964 6.9054843112826338 22.16424123197794 5.3062418550252897 2.9869570136070251 3.9296912103891373
leaf_count=142 89 79 38 21 29 22 36 59 136 49 20 25
internal_value=-0.00379244 0.0195732 -0.0368696 -0.052359 -0.0375506 -0.0264262 0.053831 -0.0636479 0.0476749 -0.0865534 -0.0850382 0.0851204
internal_weight=117.417 79.2765 29.9429 38.1403 26.6145 21.9239 49.3336 17.6121 41.2231 11.5258 8.2932 8.1105
internal_count=745 515 176 230 140 111 339 138 278 90 69 61
cat_boundaries=0 1 2 3 4 5 6
cat_threshold=2 1 2 2 1 1
is_linear=0
shrinkage=0.1


Tree=53
num_leaves=6
num_cat=2
split_feature=6 7 2 3 0
split_gain=3.7481 4.08548 3.91069 1.68129 0.318586
threshold=5.5000000000000009 5.5000000000000009 0 1 2.5000000000000004
decision_type=2 2 1 1 2
left_child=1 2 3 -1 -4
right_child=-2 -3 4 -5 -6
leaf_value=-0.052522879136434802 0.11433311917079675 0.1262507874172939 0.050305850451488276 0.00862876423251519 0.019784880645320479
leaf_weight=15.984226105734708 3.0501931607723227 2.3784987777471533 5.5350168272852871 6.2555619105696669 8.9503675512969494
leaf_count=553 11 9 37 82 53
internal_value=0.00756731 -0.000760716 -0.00898659 -0.0353223 0.0314473
internal_weight=42.1539 39.1037 36.7252 22.2398 14.4854
internal_count=745 734 725 635 90
cat_boundaries=0 1 2
cat_threshold=1 1
is_linear=0
shrinkage=0.1


Tree=54
num_leaves=14
num_cat=2
split_feature=6 7 0 3 7 0 4 0 7 7 0 0 7
split_gain=5.70648 6.60128 4.0494 3.03623 1.91678 1.44666 0.731923 0.592138 0.413543 0.256459 0.155889 0.133087 0.0191752
threshold=1.5000000000000002 1.5000000000000002 2.5000000000000004 0 1.5000000000000002 1.5000000000000002 1 2.5000000000000004 2.5000000000000004 1.5000000000000002 1.5000000000000002 1.5000000000000002 2.5000000000000004
decision_type=2 2 2 1 2 2 9 2 2 2 2 2 2
left_child=1 6 8 4 5 -2 10 -6 -3 -5 -1 -8 -4
right_child=3 2 12 9 7 -7 11 -9 -10 -11 -12 -13 -14
leaf_value=-0.080345693878574473 0.054603774296315966 0.026507181024328683 -0.042413184018844627 -0.02197329643432587 0.054892062639969923 0.0082432010682600334 -0.047737682349387078 0.10605291100382921 0.058420758615650652 0.0034083091792808254 -0.05940222833184651 -0.031163813380735324 -0.034327067194605786
leaf_weight=5.7691045999526986 11.069734171032907 19.489954546093944 5.6102194935083372 10.165132164955141 4.7506599426269513 17.172091722488403 8.4068776965141314 4.3190251216292381 5.1289386898279181 6.5434323251247397 9.2561657130718213 11.434918925166128 6.1446773931384087
leaf_count=70 56 89 22 35 25 85 71 18 27 21 102 96 28
internal_value=-0.00111682 -0.019703 0.0101002 0.0233943 0.0392592 0.0264148 -0.0507941 0.0792551 0.0331558 -0.0120333 -0.0674437 -0.0381861 -0.0381863
internal_weight=125.261 71.2409 36.3738 54.0201 37.3115 28.2418 34.8671 9.06969 24.6189 16.7086 15.0253 19.8418 11.7549
internal_count=745 505 166 240 184 141 339 43 116 56 172 167 50
cat_boundaries=0 1 2
cat_threshold=1 2
is_linear=0
shrinkage=0.1


Tree=55
num_leaves=9
num_cat=4
split_feature=1 5 0 0 0 0 2 4
split_gain=1.57352 1.80143 2.50335 1.31783 0.71383 0.884446 0.233317 0.000131748
threshold=0 1 1.5000000000000002 2.5000000000000004 3.5000000000000004 2.5000000000000004 2 3
decision_type=1 1 2 2 2 2 1 9
left_child=1 4 7 -4 5 -1 -2 -3
right_child=6 2 3 -5 -6 -7 -8 -9
leaf_value=-0.019743985641281697 0.030080165587323821 -0.077930872444383389 0.096094231962783952 0.01692618270822354 0.036865070111866315 -0.079051386191756834 0.063107899467685802 -0.076125844866787917
leaf_weight=9.6219927668571454 4.8803886920213682 0.57783025503158569 3.5624510720372182 5.1310298629105091 1.5346109773963696 3.4041021084412924 3.8076477348804474 1.3470202479511506
leaf_count=342 28 13 81 64 34 92 18 73
internal_value=0.00786013 -0.00480146 0.0265207 0.049368 -0.027643 -0.0352428 0.044555 -0.0766677
internal_weight=33.8671 25.179 10.6183 8.69348 14.5607 13.0261 8.68804 1.92485
internal_count=745 699 231 145 468 434 46 86
cat_boundaries=0 1 2 3 4
cat_threshold=1 2 1 2
is_linear=0
shrinkage=0.1


Tree=56
num_leaves=13
num_cat=5
split_feature=7 6 5 7 4 3 0 0 5 6 2 0
split_gain=11.1815 12.7229 2.87975 1.90261 1.46306 1.01146 0.566139 0.384842 0.358593 0.00490131 0.00344405 0.000333859
threshold=1.5000000000000002 1.5000000000000002 0 2.5000000000000004 1 2 1.5000000000000002 2.5000000000000004 3 1.5000000000000002 4 2.5000000000000004
decision_type=2 2 1 2 9 1 2 2 1 2 1 2
left_child=1 5 6 4 7 8 -3 -2 -1 11 -7 -5
right_child=3 2 -4 9 -6 10 -8 -9 -10 -11 -12 -13
leaf_value=0.033645155857409979 -0.048646586864986033 -0.037286571784374584 0.0024911202704939253 -0.086339103222719066 -0.0094551728234921906 0.082124861269611341 -0.075657733260874729 -0.08969144346955861 0.052992871817836656 -0.082482636807910972 0.086415818034859676 -0.087723567375268457
leaf_weight=17.779482416808605 10.824809581041334 6.1036480441689518 12.286289364099504 3.4240025505423528 11.957276314496994 3.7862892746925345 10.39159771054983 2.8953775316476831 20.77053602039814 3.560000829398632 3.6968359872698784 3.545322809368372
leaf_count=142 81 49 38 27 41 36 89 18 136 35 25 28
internal_value=-0.00408475 0.0179927 -0.0341602 -0.0497037 -0.0350244 0.0506004 -0.0614595 -0.0573083 0.0440696 -0.0855014 0.0842447 -0.0870434
internal_weight=111.021 74.8147 28.7815 36.2068 25.6775 46.0331 16.4952 13.7202 38.55 10.5293 7.48313 6.96933
internal_count=745 515 176 230 140 339 138 99 278 90 61 55
cat_boundaries=0 1 2 3 4 5
cat_threshold=2 4 1 2 1
is_linear=0
shrinkage=0.1


Tree=57
num_leaves=8
num_cat=3
split_feature=0 0 2 6 3 6 4
split_gain=3.60081 3.77381 2.64084 3.14431 1.59268 2.67135 0.00163992
threshold=3.5000000000000004 2.5000000000000004 0 4.5000000000000009 1 5.5000000000000009 2
decision_type=2 2 1 2 1 2 9
left_child=1 2 -1 -4 5 -3 -2
right_child=6 4 3 -5 -6 -7 -8
leaf_value=0.047582651516708839 -0.08312509210006247 -0.0138862173714236 -0.043516962381641315 0.16964640355164634 0.083918845720372379 0.1167752301985293 -0.079108151800848334
leaf_weight=5.5982477515935898 2.1751448679715395 5.7879633679986 14.082379374653101 0.72775246202945787 8.3993560206145066 2.1444474458694458 1.9076671618968237
leaf_count=37 37 86 496 3 43 7 36
internal_value=0.00784378 0.0177443 -0.010926 -0.0330424 0.053571 0.0214368 -0.0812482
internal_weight=40.823 36.7401 20.4084 14.8101 16.3318 7.93241 4.08281
internal_count=745 672 536 499 136 93 73
cat_boundaries=0 1 2 3
cat_threshold=2 1 4
is_linear=0
shrinkage=0.1


Tree=58
num_leaves=13
num_cat=4
split_feature=6 7 3 4 3 7 0 4 0 7 0 0
split_gain=4.53506 5.13708 3.48688 2.6243 2.54463 1.69777 1.26899 0.784768 0.564689 0.219504 0.168844 0.133497
threshold=1.5000000000000002 1.5000000000000002 0 1 2 1.5000000000000002 1.5000000000000002 3 2.5000000000000004 1.5000000000000002 1.5000000000000002 1.5000000000000002
decision_type=2 2 1 9 1 2 2 9 2 2 2 2
left_child=1 7 3 -3 5 6 -2 10 -7 -6 -1 -9
right_child=4 2 -4 -5 9 8 -8 11 -10 -11 -12 -13
leaf_value=-0.079740814059512818 0.050849432880503767 0.044369487470073424 -0.05819347140556097 -0.019204668706591394 -0.020774930852962666 0.05044302596114203 0.006572434759192578 -0.043875410038724055 0.10213068908264833 0.0027810704506792058 -0.056826808203152362 -0.026620820181444967
leaf_weight=5.1838921345770368 10.573627650737764 19.103326857089996 6.5190389826893798 9.8364441096782702 10.054480195045473 4.451453469693659 16.690595164895058 7.7424231842160252 4.0246835500001907 6.5217724442481986 8.4699795097112638 10.654384337365626
leaf_count=70 56 107 29 30 35 25 85 71 18 21 102 96
internal_value=-0.00122244 -0.0183483 0.00787769 0.022761 0.0208768 0.0358964 0.023744 -0.0473631 0.0749856 -0.011507 -0.0655264 -0.0338825
internal_weight=119.826 67.5095 35.4588 28.9398 52.3166 35.7404 27.2642 32.0507 8.47614 16.5763 13.6539 18.3968
internal_count=745 505 166 137 240 184 141 339 43 56 172 167
cat_boundaries=0 1 2 3 4
cat_threshold=1 4 1 2
is_linear=0
shrinkage=0.1


Tree=59
num_leaves=10
num_cat=5
split_feature=1 3 0 5 7 0 4 5 7
split_gain=1.32043 1.6654 1.50127 1.02033 2.04342 0.960744 0.834513 0.376675 9.02619e-05
threshold=0 1 1.5000000000000002 2 2.5000000000000004 1.5000000000000002 3 4 1.5000000000000002
decision_type=1 1 2 1 2 2 9 1 2
left_child=1 2 8 5 -5 -3 -4 -2 -1
right_child=7 3 6 4 -6 -7 -8 -9 -10
leaf_value=-0.075959150187773744 0.059494930451384598 0.055178298762349393 0.020453095939140856 0.0016463985862331517 0.13973544165246687 -0.032136436016853023 -0.035518417517039248 0.017548889744034138 -0.076948939664051128
leaf_weight=2.6670668665319708 5.0497462600469589 1.9857702972367404 5.8546563014388084 2.3397732619196159 1.9771535694599149 3.4488173639401793 4.8875512937083823 3.7164289504289609 1.4075895622372625
leaf_count=170 22 21 113 38 6 56 238 24 57
internal_value=0.00839279 -0.00349569 -0.0246174 0.0285975 0.0648912 -0.000232082 -0.00501314 0.0417119 -0.0763011
internal_weight=33.3346 24.5684 14.8169 9.75151 4.31693 5.43459 10.7422 8.76618 4.07466
internal_count=745 699 578 121 44 77 351 46 227
cat_boundaries=0 1 2 3 4 5
cat_threshold=1 1 2 2 2
is_linear=0
shrinkage=0.1


Tree=60
num_leaves=14
num_cat=4
split_feature=7 6 6 0 7 6 0 3 2 3 6 2 0
split_gain=9.36188 10.5222 2.86933 1.93479 1.8601 1.4535 1.52389 1.06257 1.19995 0.0229045 0.00447749 0.00293574 0.000244833
threshold=1.5000000000000002 1.5000000000000002 2.5000000000000004 2.5000000000000004 2.5000000000000004 1.5000000000000002 2.5000000000000004 0 1 2 1.5000000000000002 3 2.5000000000000004
decision_type=2 2 2 2 2 2 2 1 1 1 2 1 2
left_child=1 7 3 -3 5 6 -2 8 -1 -4 12 -9 -6
right_child=4 2 9 -5 10 -7 -8 11 -10 -11 -12 -13 -14
leaf_value=0.045594932347297334 -0.038767168483443887 -0.032424042009631164 -0.084439724324531562 0.035185851546873113 -0.085529824975258642 -0.087555751621805539 0.022024705854346727 0.081309306378792981 -0.024879907721070894 -0.096500236062014494 -0.081559699032813737 0.08544009262485508 -0.086764420664736677
leaf_weight=33.540547765791416 14.94722287356854 15.233801171183591 4.0099468789994708 5.8611555993556967 3.1548612266778928 4.0444333627820006 5.6943603903055182 3.4170020520687094 2.6035156249999991 2.5928626134991646 3.1572230085730553 3.4653052464127541 3.2723928652703762
leaf_count=264 89 90 44 25 27 29 22 36 14 17 35 25 28
internal_value=-0.00435766 0.0164285 -0.031646 -0.0136389 -0.0472541 -0.0327375 -0.0219966 0.0473759 0.0405185 -0.0891758 -0.0846435 0.0833892 -0.0861584
internal_weight=104.995 70.7241 27.6978 21.095 34.2705 24.686 20.6416 43.0264 36.1441 6.60281 9.58448 6.88231 6.42725
internal_count=745 515 176 115 230 140 111 339 278 61 90 61 55
cat_boundaries=0 1 2 3 4
cat_threshold=1 1 1 1
is_linear=0
shrinkage=0.1


Tree=61
num_leaves=8
num_cat=3
split_feature=0 0 2 7 3 6 4
split_gain=3.30825 3.10157 2.29875 2.7405 1.11749 2.25779 0.0014624
threshold=3.5000000000000004 2.5000000000000004 0 4.5000000000000009 1 5.5000000000000009 2
decision_type=2 2 1 2 1 2 9
left_child=1 2 -1 -4 5 -3 -2
right_child=6 4 3 -5 -6 -7 -8
leaf_value=0.044730051951242605 -0.082755235073296435 -0.010475986894584167 -0.041421776377967456 0.15288974240859754 0.075179441785426793 0.1119003588719733 -0.078804511617615286
leaf_weight=5.6623388007283211 2.0158218014985323 5.6011448856443167 13.242455095052719 0.76791729032993394 8.4598764292895812 2.0628405213356018 1.7506279274821275
leaf_count=37 37 86 496 3 43 7 36
internal_value=0.00822849 0.0176084 -0.00904007 -0.0307714 0.0501222 0.0224629 -0.080919
internal_weight=39.563 35.7966 19.6727 14.0104 16.1239 7.66399 3.76645
internal_count=745 672 536 499 136 93 73
cat_boundaries=0 1 2 3
cat_threshold=2 1 4
is_linear=0
shrinkage=0.1


Tree=62
num_leaves=13
num_cat=3
split_feature=6 7 0 6 6 5 2 4 7 0 0 7
split_gain=3.80966 3.84156 3.18622 2.26077 1.86867 2.63738 2.02061 0.830211 0.405795 0.184584 0.131248 0.00291046
threshold=1.5000000000000002 1.5000000000000002 2.5000000000000004 4.5000000000000009 2.5000000000000004 0 1 2 2.5000000000000004 2.5000000000000004 1.5000000000000002 2.5000000000000004
decision_type=2 2 2 2 2 1 1 9 2 2 2 2
left_child=1 7 8 4 5 -2 -6 9 -3 -1 -9 -4
right_child=3 2 11 -5 6 -7 -8 10 -10 -11 -12 -13
leaf_value=-0.069657262202186543 0.037814612575247465 0.019984466000510646 -0.040107284786922499 -0.050335353590652714 0.075306485572122051 -0.022043478708195112 -0.00042704027301312817 -0.040018539008811638 0.053165556194506559 -0.039079406893925639 -0.022274455543549173 -0.036879573097749571
leaf_weight=9.9865506477653962 16.147202625870705 18.266403049230579 5.3933907598257047 4.2853010147809973 11.627192325890064 13.527434766292574 5.0543880164623269 7.1555922366678741 4.6174338907003394 2.4605562388896951 9.986002314835785 5.7956575900316238
leaf_count=138 99 89 22 18 63 43 17 71 27 34 96 28
internal_value=-0.0013119 -0.0175947 0.0052968 0.0191572 0.0255813 0.0105278 0.0523598 -0.0439554 0.0266796 -0.0636126 -0.0296816 -0.0384354
internal_weight=114.303 63.6616 34.0729 50.6415 46.3562 29.6746 16.6816 29.5887 22.8838 12.4471 17.1416 11.189
internal_count=745 505 166 240 222 142 80 339 116 172 167 50
cat_boundaries=0 1 2 3
cat_threshold=2 1 2
is_linear=0
shrinkage=0.1


Tree=63
num_leaves=10
num_cat=6
split_feature=1 5 0 0 2 3 4 7 4
split_gain=1.13613 1.48342 1.93207 1.05571 0.707589 1.00588 0.343816 0.0015736 8.88496e-05
threshold=0 1 1.5000000000000002 2.5000000000000004 2 3 4 2.5000000000000004 5
decision_type=1 1 2 2 1 1 9 2 9
left_child=1 4 8 -4 5 -1 -2 -6 -3
right_child=6 2 3 -5 7 -7 -8 -9 -10
leaf_value=0.025162097184456663 0.016329946761841449 -0.07752035208577418 0.085172459633692632 0.014688897079047403 -0.077007308148765469 -0.036662560022017475 0.05629152345858042 -0.082685878836237292 -0.075896196828123375
leaf_weight=4.0563109125941992 3.7427041456103325 0.49069377593696117 3.6613994156941754 5.0644065961241722 1.1470209583640087 7.4925491819158196 5.0688010901212674 0.84934537671506394 1.0741177052259452
leaf_count=48 23 13 81 64 45 363 23 12 73
internal_value=0.00863595 -0.00270634 0.0259149 0.0442642 -0.0244506 -0.0149479 0.0393178 -0.0794232 -0.0764055
internal_weight=32.6473 23.8358 10.2906 8.72581 13.5452 11.5489 8.81151 1.99637 1.56481
internal_count=745 699 231 145 468 411 46 57 86
cat_boundaries=0 1 2 3 4 5 6
cat_threshold=1 2 1 2 2 2
is_linear=0
shrinkage=0.1


Tree=64
num_leaves=14
num_cat=5
split_feature=7 6 6 7 0 6 4 3 2 3 6 2 0
split_gain=7.87566 8.69657 2.6224 1.83454 1.64778 1.33851 1.3792 1.10492 1.03812 0.0166271 0.00356221 0.002485 0.000432094
threshold=1.5000000000000002 1.5000000000000002 2.5000000000000004 2.5000000000000004 2.5000000000000004 1.5000000000000002 0 1 2 3 1.5000000000000002 4 2.5000000000000004
decision_type=2 2 2 2 2 2 9 1 1 1 2 1 2
left_child=1 7 4 5 -3 6 -2 8 -1 -4 12 -9 -5
right_child=3 2 9 10 -6 -7 -8 11 -10 -11 -12 -13 -14
leaf_value=0.042231360263184657 -0.04631835906526563 -0.030212433705564864 -0.083440604283771036 -0.08431765330019457 0.032484863921371031 -0.086011637134349908 0.0059411959956789826 0.080610943392184789 -0.023105210792416529 -0.09421486299148335 -0.080922742414085203 0.084572216206745876 -0.086025041285047441
leaf_weight=31.375622026622295 10.161014683544636 14.812056317925459 3.5640604160726062 2.8392076864838582 5.8463200181722632 3.6676703393459311 10.039948791265491 3.0879697278141967 2.636171042919158 2.3947157263755798 2.8784356340765953 3.2507680132985115 3.1012408286333084
leaf_count=264 79 90 44 27 25 29 32 36 14 17 35 25 28
internal_value=-0.00459772 0.0150428 -0.0293268 -0.0448356 -0.0124691 -0.0304355 -0.0203452 0.0443111 0.0371673 -0.0877706 -0.08381 0.0826424 -0.085209
internal_weight=99.6552 66.9677 26.6172 32.6875 20.6584 23.8686 20.201 40.3505 34.0118 5.95878 8.81888 6.33874 5.94045
internal_count=745 515 176 230 115 140 111 339 278 61 90 61 55
cat_boundaries=0 1 2 3 4 5
cat_threshold=4 1 1 1 1
is_linear=0
shrinkage=0.1


Tree=65
num_leaves=8
num_cat=3
split_feature=0 0 6 2 3 6 4
split_gain=3.00234 2.45353 1.966 2.54835 0.968717 1.95577 0.0012421
threshold=3.5000000000000004 2.5000000000000004 4.5000000000000009 0 1 5.5000000000000009 2
decision_type=2 2 2 1 1 2 9
left_child=1 2 3 -1 5 -3 -2
right_child=6 4 -4 -5 -6 -7 -8
leaf_value=0.04111841594960014 -0.082275663934121182 -0.01043972776516941 0.14974204766395705 -0.039243484794089199 0.069131934932059866 0.10625060087749372 -0.078478049303425113
leaf_weight=5.7724027559161186 1.8703861441463232 5.5505408104509097 0.76575793325900932 12.471551820635801 8.4653884246945363 1.9377318918704984 1.596317443996667
leaf_count=37 37 86 3 496 43 7 36
internal_value=0.00823823 0.0170395 -0.00722835 -0.0138169 0.0459561 0.0197561 -0.080527
internal_weight=38.4301 34.9634 19.0097 18.244 15.9537 7.48827 3.4667
internal_count=745 672 536 533 136 93 73
cat_boundaries=0 1 2 3
cat_threshold=2 1 4
is_linear=0
shrinkage=0.1


Tree=66
num_leaves=13
num_cat=5
split_feature=6 4 5 3 5 3 7 0 7 0 7 0
split_gain=3.07988 3.17634 11.4057 4.84466 3.33328 1.83445 1.46214 1.08919 0.638191 0.591136 0.211102 0.180195
threshold=1.5000000000000002 0 1 2 3 4 1.5000000000000002 1.5000000000000002 1.5000000000000002 2.5000000000000004 1.5000000000000002 2.5000000000000004
decision_type=2 9 1 1 1 1 2 2 2 2 2 2
left_child=1 4 3 -3 8 6 7 -2 -1 -8 -7 -4
right_child=5 2 11 -5 -6 10 9 -9 -10 -11 -12 -13
leaf_value=-0.061408308024080163 0.045291263366482822 0.072730413211876982 -0.067914775307263878 -0.042016527279193298 0.0081075829370278428 -0.019580705308862821 0.042510015872963776 0.002691553417668348 -0.10878487398961803 0.098406145393628519 0.0037801057781599633 -0.042072723554703761
leaf_weight=11.234035637229679 9.8149562031030673 17.214310579001904 12.787384957075121 4.6796880066394833 7.5290766693651685 9.7789495438337344 3.9452165216207495 15.449303120374678 3.8067993819713601 3.6354913786053658 6.3998684585094443 3.4199438802897921
leaf_count=171 56 108 130 22 26 35 25 85 12 18 21 36
internal_value=-0.00141855 -0.0164807 0.00112964 0.0482041 -0.0462094 0.0172221 0.0307986 0.0192412 -0.0733992 0.0693162 -0.0103398 -0.0624618
internal_weight=109.695 60.6712 38.1013 21.894 22.5699 49.0238 32.845 25.2643 15.0408 7.58071 16.1788 16.2073
internal_count=745 505 296 130 209 240 184 141 183 43 56 166
cat_boundaries=0 1 2 3 4 5
cat_threshold=2 2 1 2 1
is_linear=0
shrinkage=0.1


Tree=67
num_leaves=9
num_cat=4
split_feature=1 2 3 0 7 2 7 6
split_gain=0.991412 1.34321 1.83991 1.47617 0.773772 0.187513 0.00131455 2.22588e-05
threshold=0 1 2 1.5000000000000002 2.5000000000000004 3 2.5000000000000004 2.5000000000000004
decision_type=1 1 1 2 2 1 2 2
left_child=1 6 3 -3 -4 -2 7 -1
right_child=5 2 4 -5 -6 -7 -8 -9
leaf_value=-0.076388591894066687 0.025040779721660741 -0.076128048107747787 0.012463605749120085 0.0018719664120001212 0.073872679262443036 0.054430083618208495 -0.08192980895469236 -0.077243995669697571
leaf_weight=0.77199991140514634 5.018428720533846 3.2280777571722892 4.1297303829342145 9.7689183568581921 4.0780369192361832 3.8261591494083405 0.784101903438568 0.50201535783708096
leaf_count=46 28 214 67 329 17 18 12 14
internal_value=0.00925639 -0.00157867 0.00590748 -0.017501 0.0429748 0.0377546 -0.0787083 -0.0767257
internal_weight=32.1075 23.2629 21.2048 12.997 8.20777 8.84459 2.05812 1.27402
internal_count=745 699 627 543 84 46 72 60
cat_boundaries=0 1 2 3 4
cat_threshold=1 2 1 1
is_linear=0
shrinkage=0.1


Tree=68
num_leaves=12
num_cat=4
split_feature=6 7 6 7 0 3 0 5 3 3 6
split_gain=6.7675 6.48344 3.50193 2.21585 1.3542 1.16347 1.12825 0.0332867 0.00422776 0.000481594 0.00024649
threshold=2.5000000000000004 1.5000000000000002 1.5000000000000002 2.5000000000000004 2.5000000000000004 0 2.5000000000000004 1 2 3 3.5000000000000004
decision_type=2 2 2 2 2 1 2 1 1 1 2
left_child=1 2 5 6 -4 -1 -3 8 10 -5 -2
right_child=7 3 4 9 -6 -7 -8 -9 -10 -11 -12
leaf_value=0.033288155383508176 -0.07924021691350247 -0.034284172610549821 -0.027219642606135963 -0.082841093487450113 0.02980625782424505 0.081951418883942265 0.018766563782593199 -0.094959766058350034 -0.085172932138348922 -0.084520036016785913 -0.080795202610520964
leaf_weight=31.795555949211121 2.2869577892124653 13.981902256608015 14.420315563678743 4.6480039209127417 5.8550668805837622 5.810998521745204 5.6203502416610709 2.7673186063766462 2.4569845870137215 2.7014633193612099 1.8392423018813131
leaf_count=278 34 90 90 56 25 61 22 20 21 25 23
internal_value=-0.0050167 0.00388266 0.0227469 -0.0366306 -0.0107519 0.0408076 -0.0190735 -0.0857573 -0.0818889 -0.0834582 -0.0799333
internal_weight=94.1842 84.8337 57.8819 26.9517 20.2754 37.6066 19.6023 9.3505 6.58318 7.34947 4.1262
internal_count=745 647 454 193 115 339 112 98 78 81 57
cat_boundaries=0 1 2 3 4
cat_threshold=1 2 1 1
is_linear=0
shrinkage=0.1


Tree=69
num_leaves=6
num_cat=2
split_feature=7 6 2 1 0
split_gain=3.06456 2.69937 2.56878 1.45068 0.31594
threshold=4.5000000000000009 4.5000000000000009 0 1 2.5000000000000004
decision_type=2 2 1 1 2
left_child=1 2 3 -1 -4
right_child=-2 -3 4 -5 -6
leaf_value=-0.048671073843690384 0.10051771947712636 0.079568942794635028 0.037620608416145201 0.055749938625923694 0.0077611375418035755
leaf_weight=13.953793545253575 3.3154426366090766 3.7716159969568244 5.8684887886047354 1.4706620406359423 8.9445177949965
leaf_count=593 16 18 37 28 53
internal_value=0.00874501 -0.000201639 -0.0101517 -0.0387149 0.0195906
internal_weight=37.3245 34.0091 30.2375 15.4245 14.813
internal_count=745 729 711 621 90
cat_boundaries=0 1 2
cat_threshold=1 1
is_linear=0
shrinkage=0.1


Tree=70
num_leaves=13
num_cat=5
split_feature=6 4 5 7 5 3 7 5 0 7 7 0
split_gain=2.53343 2.64657 9.61046 4.50892 3.00857 1.40869 1.31841 0.992412 0.586393 0.50367 0.185823 0.185238
threshold=1.5000000000000002 0 1 3.5000000000000004 2 3 1.5000000000000002 4 2.5000000000000004 1.5000000000000002 1.5000000000000002 2.5000000000000004
decision_type=2 9 1 2 1 1 2 1 2 2 2 2
left_child=1 4 3 -3 9 6 7 -2 -8 -1 -7 -4
right_child=5 2 11 -5 -6 10 8 -9 -10 -11 -12 -13
leaf_value=-0.059244213061440537 0.032804411709929378 0.065579601650215633 -0.065881023529002741 -0.06371823269680027 0.0076189309793869538 -0.017455723041563613 0.038294985960822342 -0.0084370461261334771 0.095863561955687335 -0.10194864258866061 0.004590839473615319 -0.038696455357830395
leaf_weight=10.223982859402893 15.003566026687622 17.327238596975807 11.709618974477051 3.1942589171230784 7.5239086262881765 9.6229091584682447 3.7153429612517348 9.5478679835796392 3.3781550973653793 3.7840597629547128 6.3432511091232291 3.1893254257738581
leaf_count=171 112 114 130 16 26 35 25 29 18 12 21 36
internal_value=-0.00150482 -0.0157367 0.00107067 0.0454538 -0.0433852 0.0155194 0.0277374 0.0167659 0.065711 -0.0707802 -0.00869677 -0.0600618
internal_weight=104.563 56.9524 35.4204 20.5215 21.532 47.6111 31.6449 24.5514 7.0935 14.008 15.9662 14.8989
internal_count=745 505 296 130 209 240 184 141 43 183 56 166
cat_boundaries=0 1 2 3 4 5
cat_threshold=2 2 2 1 2
is_linear=0
shrinkage=0.1


Tree=71
num_leaves=10
num_cat=5
split_feature=1 4 0 0 2 3 4 7 7
split_gain=0.870403 1.26708 1.62112 1.09522 0.564377 0.85196 0.286346 0.000867053 0.000141606
threshold=0 1 1.5000000000000002 2.5000000000000004 2 3 4 2.5000000000000004 1.5000000000000002
decision_type=1 9 2 2 1 1 9 2 2
left_child=1 2 8 -4 5 -3 -2 -6 -1
right_child=6 4 3 -5 7 -7 -8 -9 -10
leaf_value=-0.075826875965613605 0.05163994110250128 -0.040501235248159712 0.073853166025736203 0.0068917143333916383 -0.076746712903009856 0.019375016421226788 0.015272930620169682 -0.081390941864832561 -0.077988743960432122
leaf_weight=0.9949335744604475 5.0995204150676727 5.6265463121235362 4.4913873160257918 5.354676553979516 0.90706229768693336 4.1137902662158021 3.7625463902950305 0.7219457570463419 0.43565885722637177
leaf_count=77 23 365 90 63 41 42 23 12 9
internal_value=0.00963054 -0.000766773 0.0229844 0.0374369 -0.0243243 -0.0152128 0.0361997 -0.0788049 -0.0764852
internal_weight=31.5081 22.646 11.2767 9.84606 11.3693 9.74034 8.86207 1.62901 1.43059
internal_count=745 699 239 153 460 407 46 53 86
cat_boundaries=0 1 2 3 4 5
cat_threshold=1 2 1 1 4
is_linear=0
shrinkage=0.1


Tree=72
num_leaves=11
num_cat=2
split_feature=6 7 7 6 0 5 3 6 6 0
split_gain=5.98314 5.39069 1.99687 2.83156 0.907847 0.0275523 0.00356398 0.00199528 0.000168811 2.61055e-05
threshold=2.5000000000000004 2.5000000000000004 1.5000000000000002 1.5000000000000002 2.5000000000000004 0 1 1.5000000000000002 3.5000000000000004 2.5000000000000004
decision_type=2 2 2 2 2 1 1 2 2 2
left_child=1 2 3 -1 -4 6 8 9 -2 -3
right_child=5 7 4 -5 -6 -7 -8 -9 -10 -11
leaf_value=0.037391373640638347 -0.078794071797191556 -0.083694808854184843 -0.031383309289557397 -0.0097647545288574965 0.01662351957591459 -0.093716115430515987 -0.084413679582612977 -0.080010375505438186 -0.080150799645973353 -0.084154490814548233
leaf_weight=35.22130748257041 2.0678921937942509 2.367934249341487 13.394514240324499 19.943872906267643 5.5802941769361487 2.549295347183941 2.2863505631685257 1.7548906877636907 1.647961378097534 2.5831267386674881
leaf_count=339 34 27 90 115 22 20 21 26 23 28
internal_value=-0.00546192 0.00295192 0.0107179 0.020343 -0.017265 -0.0850064 -0.0813072 -0.0829077 -0.0793958 -0.0839346
internal_weight=89.3974 80.8459 74.14 55.1652 18.9748 8.5515 6.0022 6.70595 3.71585 4.95106
internal_count=745 647 566 454 112 98 78 81 57 55
cat_boundaries=0 1 2
cat_threshold=2 1
is_linear=0
shrinkage=0.1


Tree=73
num_leaves=6
num_cat=2
split_feature=0 7 6 3 4
split_gain=2.66829 2.13517 1.87656 1.7245 0.00101148
threshold=3.5000000000000004 5.5000000000000009 5.5000000000000009 0 1
decision_type=2 2 2 1 9
left_child=1 2 3 -1 -2
right_child=4 -3 -4 -5 -6
leaf_value=-0.019387259065235744 -0.081778945496378735 0.11785774771614602 0.097322911199129641 0.029481842132102892 -0.07812966553365118
leaf_weight=15.029871230013669 1.6650995099917054 1.990833356976508 2.3330458998680106 13.89821696840227 1.3965502222999921
leaf_count=553 37 9 11 99 36
internal_value=0.00921883 0.0174441 0.0110494 0.00409142 -0.0801144
internal_weight=36.3136 33.252 31.2611 28.9281 3.06165
internal_count=745 672 663 652 73
cat_boundaries=0 1 2
cat_threshold=1 4
is_linear=0
shrinkage=0.1


Tree=74
num_leaves=12
num_cat=6
split_feature=6 4 5 3 5 6 6 5 2 7 0
split_gain=2.05188 2.30705 8.19568 4.19637 2.66198 1.47139 1.38136 2.08875 1.48365 0.420338 0.192227
threshold=1.5000000000000002 0 1 2 3 4.5000000000000009 2.5000000000000004 4 5 1.5000000000000002 2.5000000000000004
decision_type=2 9 1 1 1 2 2 1 1 2 2
left_child=1 4 3 -3 9 6 7 -2 -8 -1 -4
right_child=5 2 10 -5 -6 -7 8 -9 -10 -11 -12
leaf_value=-0.057073694120757294 -0.022584082393989693 0.068600666937300853 -0.063885813039764858 -0.040950473142442767 0.0062893762171048646 -0.045880901991819822 -0.0015914371072582305 0.032286029971148232 0.066019645860128193 -0.096735768948621015 -0.035263809449298071
leaf_weight=9.3500173687934858 13.309657931327822 14.981813751161098 10.786424614489077 4.561030440032483 7.506247442215682 3.7906948477029792 4.8252175748348236 14.491307839751242 9.914283160120247 3.7412496507167825 2.9988204687833777
leaf_count=171 43 108 130 22 26 18 17 99 63 12 36
internal_value=-0.00161573 -0.0148762 0.00138432 0.0430329 -0.0411867 0.0138183 0.019138 0.00601707 0.043886 -0.0684084 -0.0576594
internal_weight=100.257 53.9256 33.3281 19.5428 20.5975 46.3312 42.5405 27.801 14.7395 13.0913 13.7852
internal_count=745 505 296 130 209 240 222 142 80 183 166
cat_boundaries=0 1 2 3 4 5 6
cat_threshold=2 2 1 2 1 2
is_linear=0
shrinkage=0.1


Tree=75
num_leaves=9
num_cat=3
split_feature=1 2 3 0 7 7 7 6
split_gain=0.751132 1.16411 1.29563 1.35854 0.595478 0.483089 0.000778605 1.30205e-05
threshold=0 1 2 1.5000000000000002 2.5000000000000004 1.5000000000000002 2.5000000000000004 2.5000000000000004
decision_type=1 1 1 2 2 2 2 2
left_child=1 6 4 -4 -3 -2 7 -1
right_child=5 2 3 -5 -6 -7 -8 -9
leaf_value=-0.076178670411304647 0.0077284727167026869 0.011081470384023219 -0.076018148568728239 0.0041870051841425412 0.064881624838628235 0.05486466246894333 -0.080803570445145301 -0.076891656413593579
leaf_weight=0.64719106489792444 3.7962651178240794 4.1635308656841516 2.7172077503055379 9.4796057194471341 4.0668234601616859 5.0889979302883148 0.67179122660309087 0.42389424331486225
leaf_count=46 26 67 214 329 17 20 12 14
internal_value=0.0101593 0.000313712 0.00700705 -0.0136811 0.0376655 0.0347255 -0.0781347 -0.0764608
internal_weight=31.0553 22.17 20.4272 12.1968 8.23035 8.88526 1.74288 1.07109
internal_count=745 699 627 543 84 46 72 60
cat_boundaries=0 1 2 3
cat_threshold=1 2 2
is_linear=0
shrinkage=0.1


Tree=76
num_leaves=11
num_cat=6
split_feature=6 7 3 5 0 5 4 3 3 6
split_gain=5.1843 4.71271 1.83174 1.1491 1.03198 0.0193933 0.00633703 0.00263946 0.00229557 0.000151873
threshold=2.5000000000000004 2.5000000000000004 0 1 3.5000000000000004 2 3 4 5 3.5000000000000004
decision_type=2 2 1 1 2 1 9 1 1 2
left_child=1 2 3 -1 -4 7 8 9 -3 -2
right_child=5 6 4 -5 -6 -7 -8 -9 -10 -11
leaf_value=-0.012550550942918612 -0.078289231649602747 -0.078762044294476252 0.019500662044453096 0.015572661725711518 0.076638657877442395 -0.091586680989904773 -0.088056631187049053 -0.083438706171728577 -0.083329722044911125 -0.079649994638662444
leaf_weight=28.924985475838184 1.8158193454146387 2.7530734688043594 7.6742861047387105 29.191057696938515 5.374806135892868 2.322640746831893 1.5099425092339505 2.095726627856493 1.8327270466834304 1.4958589971065519
leaf_count=290 34 49 65 184 27 20 12 21 20 23
internal_value=-0.00586276 0.00194938 0.00917766 0.00157543 0.0430353 -0.0839441 -0.0824377 -0.0806614 -0.0805875 -0.0789039
internal_weight=84.9909 77.2609 71.1651 58.116 13.0491 7.73005 6.09574 5.4074 4.5858 3.31168
internal_count=745 647 566 474 92 98 81 78 69 57
cat_boundaries=0 1 2 3 4 5 6
cat_threshold=1 2 2 4 1 1
is_linear=0
shrinkage=0.1


Tree=77
num_leaves=6
num_cat=2
split_feature=0 7 6 3 4
split_gain=2.4196 1.99062 1.60519 1.38194 0.000783537
threshold=3.5000000000000004 5.5000000000000009 5.5000000000000009 0 1
decision_type=2 2 2 1 9
left_child=1 2 3 -1 -2
right_child=4 -3 -4 -5 -6
leaf_value=0.027193253699078962 -0.081223179921245156 0.11597161665502256 0.094418275638507021 -0.016917306100317716 -0.077863074029934531
leaf_weight=13.963049100711942 1.5158936250954866 1.9221786558628071 2.1475721299648276 14.455061397515241 1.2799767227843395
leaf_count=99 37 9 11 553 36
internal_value=0.00958118 0.0172633 0.0110559 0.00475612 -0.0796849
internal_weight=35.2837 32.4879 30.5657 28.4181 2.79587
internal_count=745 672 663 652 73
cat_boundaries=0 1 2
cat_threshold=2 4
is_linear=0
shrinkage=0.1


Tree=78
num_leaves=9
num_cat=5
split_feature=3 0 1 1 6 7 4 4
split_gain=1.92815 3.68929 2.54595 1.89367 1.78626 2.3279 1.78928 0.694688
threshold=0 1.5000000000000002 1 2 1.5000000000000002 1.5000000000000002 3 4
decision_type=1 2 1 1 2 2 9 9
left_child=2 -2 4 -3 6 -6 -1 -5
right_child=1 3 -4 7 5 -7 -8 -9
leaf_value=-0.028494850036485261 -0.11848823413603203 0.048286930633942814 -0.065702834453889053 -0.052022867958991109 0.016754735479810639 0.090306606304826453 0.014750263279349057 -0.0089559844233272103
leaf_weight=15.579555064439774 3.6692895181477097 4.4291451424360275 4.5694256499409667 6.133379902690649 21.934039533138279 5.3532591685652724 24.793935485184193 9.6201083995401877
leaf_count=161 30 25 21 40 137 39 241 51
internal_value=-0.00159907 -0.0262508 0.00654144 -0.0094816 0.0114204 0.0311842 -0.00193741 -0.0257234
internal_weight=96.0821 23.8519 72.2302 20.1826 67.6608 27.2873 40.3735 15.7535
internal_count=745 146 599 116 578 176 402 91
cat_boundaries=0 1 2 3 4 5
cat_threshold=1 1 2 2 2
is_linear=0
shrinkage=0.1


Tree=79
num_leaves=10
num_cat=2
split_feature=0 6 1 7 6 2 6 7 6
split_gain=0.668276 3.06586 1.6555 1.32747 1.7943 1.56584 0.705416 0.624498 0.202383
threshold=2.5000000000000004 3.5000000000000004 0 2.5000000000000004 1.5000000000000002 1 1.5000000000000002 4.5000000000000009 1.5000000000000002
decision_type=2 2 1 2 2 1 2 2 2
left_child=1 2 -1 5 -5 8 -7 -4 -2
right_child=3 -3 7 4 -6 6 -8 -9 -10
leaf_value=0.056494594669842906 -0.045353243632556377 0.16834371844646012 -0.0051378703297121596 0.095575311453163642 -0.024692100897083638 -0.018002937350636759 0.096766006018749559 -0.11115912006569116 -0.085022467811317406
leaf_weight=5.4181661531329155 2.611383453011511 1.3341027386486519 10.950741281267263 2.3476634882390499 2.6304217288270593 1.1218573567457499 1.0247202683240173 0.58527189493179399 2.5340877054259181
leaf_count=27 71 13 494 28 20 22 19 2 49
internal_value=0.0102709 0.0223839 0.0108985 -0.0077831 0.032026 -0.0349597 0.0367848 -0.0105168 -0.0648899
internal_weight=30.5584 18.2883 16.9542 12.2701 4.97809 7.29205 2.14658 11.536 5.14547
internal_count=745 536 523 209 48 161 41 496 120
cat_boundaries=0 1 2
cat_threshold=2 1
is_linear=0
shrinkage=0.1


Tree=80
num_leaves=11
num_cat=4
split_feature=6 7 7 6 0 5 4 3 3 6
split_gain=4.66498 4.19893 1.57508 2.29257 0.645259 0.0163548 0.00523152 0.00222822 0.00179062 9.60826e-05
threshold=2.5000000000000004 2.5000000000000004 1.5000000000000002 1.5000000000000002 2.5000000000000004 0 1 2 3 3.5000000000000004
decision_type=2 2 2 2 2 1 9 1 1 2
left_child=1 2 3 -1 -4 7 8 9 -3 -2
right_child=5 6 4 -5 -6 -7 -8 -9 -10 -11
leaf_value=0.033160586407551894 -0.077969991618399306 -0.078402550941725546 -0.029442511732585153 -0.010153746422112376 0.01156367423209699 -0.090631037616274654 -0.087128642528104996 -0.08283242339173337 -0.082622634292240205 -0.079113020997567257
leaf_weight=32.625910367816687 1.6505595762282612 2.4814510866999626 12.816086769104006 19.537101045250893 5.4774340689182273 2.1634708084166041 1.4260073676705349 1.9434960968792436 1.6903652027249334 1.3263840507715938
leaf_count=339 34 49 90 115 22 20 12 21 20 23
internal_value=-0.00576906 0.00146028 0.0080833 0.0169377 -0.0171645 -0.0833848 -0.0818998 -0.0801987 -0.0801125 -0.0784793
internal_weight=83.1383 76.0544 70.4565 52.163 18.2935 7.08391 5.59782 4.92044 4.17182 2.97694
internal_count=745 647 566 454 112 98 81 78 69 57
cat_boundaries=0 1 2 3 4
cat_threshold=2 4 1 1
is_linear=0
shrinkage=0.1


Tree=81
num_leaves=6
num_cat=2
split_feature=0 7 6 3 4
split_gain=2.18887 1.81111 1.45739 1.11575 0.000614119
threshold=3.5000000000000004 5.5000000000000009 5.5000000000000009 0 1
decision_type=2 2 2 1 9
left_child=1 2 3 -1 -2
right_child=4 -3 -4 -5 -6
leaf_value=-0.015128237720588198 -0.080732093424536813 0.11234583676533659 0.092756021359365781 0.024697732284889754 -0.077631268141748991
leaf_weight=14.083468283526603 1.3946830295026302 1.8592061102390278 2.0172613412141791 14.054719724692404 1.1783181335777035
leaf_count=553 37 9 11 99 36
internal_value=0.00942472 0.0165564 0.0106506 0.0047644 -0.0793121
internal_weight=34.5877 32.0147 30.1554 28.1382 2.573
internal_count=745 672 663 652 73
cat_boundaries=0 1 2
cat_threshold=1 4
is_linear=0
shrinkage=0.1


Tree=82
num_leaves=9
num_cat=5
split_feature=3 0 1 1 6 7 4 4
split_gain=1.56015 3.36808 2.041 1.64243 1.54153 2.13561 1.59911 0.625829
threshold=0 1.5000000000000002 1 2 1.5000000000000002 1.5000000000000002 3 4
decision_type=1 2 1 1 2 2 9 9
left_child=2 -2 4 -3 6 -6 -1 -5
right_child=1 3 -4 7 5 -7 -8 -9
leaf_value=-0.027140458896788427 -0.11422372078668318 0.045671571825626235 -0.058393421211749355 -0.049031173817032911 0.015581634527463896 0.088700272513938166 0.013948056880363213 -0.0074830229977554093
leaf_weight=15.465489443391562 3.5053146500140455 4.4426136910915375 4.6091452278196803 5.8702057525515556 21.487467303872112 4.9066932052373877 24.440561905503273 9.4802640564739722
leaf_count=161 30 25 21 40 137 39 241 51
internal_value=-0.00142455 -0.0238752 0.00595195 -0.00787462 0.0104252 0.0291744 -0.00197569 -0.0233715
internal_weight=94.2078 23.2984 70.9094 19.7931 66.3002 26.3942 39.9061 15.3505
internal_count=745 146 599 116 578 176 402 91
cat_boundaries=0 1 2 3 4 5
cat_threshold=1 1 2 2 2
is_linear=0
shrinkage=0.1


Tree=83
num_leaves=9
num_cat=5
split_feature=1 5 0 7 7 2 5 4
split_gain=0.559851 1.16181 1.33532 0.736544 0.595097 0.720519 0.274294 3.95511e-05
threshold=0 1 1.5000000000000002 2.5000000000000004 4.5000000000000009 2 3 4
decision_type=1 1 2 2 2 1 1 9
left_child=1 4 7 -4 5 -1 -2 -3
right_child=6 2 3 -5 -6 -7 -8 -9
leaf_value=-0.0034484190014415269 0.045524224189152987 -0.075638721656333507 0.016243384990116499 0.076630134787506882 -0.096358135313619406 -0.078302580478261996 0.010349360097716323 -0.076900148581657377
leaf_weight=9.4024491752497852 5.1326176524162292 0.74673068709671497 5.0953848152421397 3.3463371396064758 0.94634693954140026 1.4896498518064589 3.9025429040193576 0.37258128635585375
leaf_count=398 22 73 129 16 13 57 24 13
internal_value=0.00945815 0.00064525 0.0265728 0.040181 -0.0202945 -0.0136858 0.0303312 -0.0760586
internal_weight=30.4346 21.3995 9.56103 8.44172 11.8384 10.8921 9.03516 1.11931
internal_count=745 699 231 145 468 455 46 86
cat_boundaries=0 1 2 3 4 5
cat_threshold=1 2 1 2 4
is_linear=0
shrinkage=0.1


Tree=84
num_leaves=11
num_cat=4
split_feature=6 7 7 6 0 5 4 3 3 6
split_gain=4.22223 3.77131 1.41748 1.96286 0.560637 0.0140967 0.00423561 0.00187187 0.00150188 6.4112e-05
threshold=2.5000000000000004 2.5000000000000004 1.5000000000000002 1.5000000000000002 2.5000000000000004 0 1 2 3 3.5000000000000004
decision_type=2 2 2 2 2 1 9 1 1 2
left_child=1 2 3 -1 -4 7 8 9 -3 -2
right_child=5 6 4 -5 -6 -7 -8 -9 -10 -11
leaf_value=0.031232708621887501 -0.077688925837126152 -0.078091883527618033 -0.028361630786669197 -0.0092130783494206916 0.010026375831852792 -0.08987575576168827 -0.086312565452324949 -0.082286235651856707 -0.082121127478778991 -0.078673795274723402
leaf_weight=31.543821454048157 1.5015915874391796 2.2407657690346241 12.597789898514749 19.365350030362606 5.4504327476024619 2.0094715952873221 1.3278416655957688 1.8070862554013727 1.575566101819277 1.1806849520653484
leaf_count=339 34 49 90 115 22 20 12 21 20 23
internal_value=-0.00562889 0.00114919 0.00731087 0.0158475 -0.0167687 -0.0829144 -0.0814479 -0.0797985 -0.0797554 -0.0781224
internal_weight=80.6004 74.1016 68.9574 50.9092 18.0482 6.49883 5.14417 4.48936 3.81633 2.68228
internal_count=745 647 566 454 112 98 81 78 69 57
cat_boundaries=0 1 2 3 4
cat_threshold=2 4 1 1
is_linear=0
shrinkage=0.1


Tree=85
num_leaves=6
num_cat=2
split_feature=0 7 6 2 4
split_gain=2.00192 1.6209 1.3288 0.973618 0.000502166
threshold=3.5000000000000004 5.5000000000000009 5.5000000000000009 0 1
decision_type=2 2 2 1 9
left_child=1 2 3 -1 -2
right_child=4 -3 -4 -5 -6
leaf_value=0.023962149565257738 -0.080364248319792053 0.10942544345791386 0.091323559951676014 -0.013506100217001252 -0.077454211931619832
leaf_weight=13.61029502376914 1.2949889069423079 1.7508661150932301 1.8995318859815586 14.140824961476035 1.093914662487804
leaf_count=76 37 9 11 576 36
internal_value=0.00921583 0.0159294 0.0104084 0.00486988 -0.0790317
internal_weight=33.7904 31.4015 29.6507 27.7511 2.3889
internal_count=745 672 663 652 73
cat_boundaries=0 1 2
cat_threshold=2 4
is_linear=0
shrinkage=0.1


Tree=86
num_leaves=12
num_cat=5
split_feature=5 4 4 3 3 6 6 7 0 0 7
split_gain=1.44373 11.7384 8.51069 4.7919 2.28561 1.36072 1.3582 0.525354 0.200722 0.153342 0.00803657
threshold=0 1 2 3 4 1.5000000000000002 3.5000000000000004 1.5000000000000002 2.5000000000000004 2.5000000000000004 1.5000000000000002
decision_type=1 9 9 1 1 2 2 2 2 2 2
left_child=1 9 5 6 -4 8 -3 -5 -2 10 -1
right_child=2 3 4 7 -6 -7 -8 -9 -10 -11 -12
leaf_value=-0.087670916600557036 -0.061441743376273408 0.066205456351530731 0.047223503366337884 0.0062295016023345418 -0.023021857864893226 -0.12241938527876561 0.002918067526221231 -0.032381484741607729 -0.030941752484708814 -0.05975314749426458 -0.080697038277044331
leaf_weight=6.5501439571380597 9.6508522350341099 24.3557966016233 14.683032758533955 6.7508672624826414 6.766599267721177 3.885879158973693 3.9394949898123732 7.3722806982696056 2.7790661528706542 3.0113262943923482 2.2099342048168182
leaf_count=139 130 224 50 26 27 12 23 32 36 39 7
internal_value=-0.00132971 0.00913055 -0.0163392 0.0336484 0.0250636 -0.0707695 0.0573941 -0.0139254 -0.0546226 -0.0792198 -0.0859116
internal_weight=91.9553 54.1898 37.7654 42.4184 21.4496 16.3158 28.2953 14.1231 12.4299 11.7714 8.76008
internal_count=745 490 255 305 77 178 247 58 166 185 146
cat_boundaries=0 1 2 3 4 5
cat_threshold=2 2 4 1 1
is_linear=0
shrinkage=0.1


Tree=87
num_leaves=10
num_cat=2
split_feature=0 6 1 7 6 2 6 7 6
split_gain=0.497381 2.37144 1.12083 1.08162 1.57805 1.52633 0.575561 0.538026 0.211086
threshold=2.5000000000000004 3.5000000000000004 0 2.5000000000000004 1.5000000000000002 1 1.5000000000000002 4.5000000000000009 1.5000000000000002
decision_type=2 2 1 2 2 1 2 2 2
left_child=1 2 -1 5 -5 8 -7 -4 -2
right_child=3 -3 7 4 -6 6 -8 -9 -10
leaf_value=0.044659361056209795 -0.042928217490870536 0.14453793201407661 -0.0046291427706387084 0.087732076597357947 -0.026540197329581534 -0.013189914325688499 0.091610102476572447 -0.10593147175823486 -0.084631907498339765
leaf_weight=5.7562281712889671 2.4830729318782669 1.3917538262903679 10.701243382412947 2.3529284037649632 2.4845730308443308 1.056711108889431 1.0396097805351017 0.55129057168960649 2.3741581528447568
leaf_count=27 71 13 494 28 20 22 19 2 49
internal_value=0.00876264 0.0190372 0.008768 -0.00727131 0.0290411 -0.0325334 0.0387826 -0.0095922 -0.0633125
internal_weight=30.1916 18.4005 17.0088 11.7911 4.8375 6.95355 2.09632 11.2525 4.85723
internal_count=745 536 523 209 48 161 41 496 120
cat_boundaries=0 1 2
cat_threshold=2 1
is_linear=0
shrinkage=0.1


Tree=88
num_leaves=11
num_cat=6
split_feature=6 7 3 2 0 5 4 3 3 6
split_gain=3.78005 3.31371 1.35507 1.23526 0.835114 0.0126585 0.00373695 0.00150232 0.00125812 6.6186e-05
threshold=2.5000000000000004 2.5000000000000004 0 1 3.5000000000000004 2 3 4 5 3.5000000000000004
decision_type=2 2 1 1 2 1 9 1 1 2
left_child=1 2 3 -1 -4 7 8 9 -3 -2
right_child=5 6 4 -5 -6 -7 -8 -9 -10 -11
leaf_value=0.0032545901076162795 -0.077332879014789024 -0.077686098880159274 0.014514069022057744 -0.058483823761389914 0.067752034795836316 -0.08931292476958555 -0.085732329700154153 -0.081715050201018227 -0.081562202607575351 -0.078388474373669692
leaf_weight=50.47288566082716 1.3146739620715382 1.9615086615085604 7.2382218763232213 3.4631271809339514 4.9693653546273708 1.8924835436046112 1.2484486661851395 1.6717324107885358 1.4612080436199901 1.0835221391171215
leaf_count=451 34 49 65 23 27 20 12 21 20 23
internal_value=-0.00608714 0.000351319 0.00609994 -0.000709514 0.0361857 -0.0825559 -0.0810491 -0.0794139 -0.0793409 -0.0778098
internal_weight=76.7772 70.8148 66.1436 53.936 12.2076 5.96241 4.67117 4.06993 3.42272 2.3982
internal_count=745 647 566 474 92 98 81 78 69 57
cat_boundaries=0 1 2 3 4 5 6
cat_threshold=1 1 2 4 1 1
is_linear=0
shrinkage=0.1


Tree=89
num_leaves=7
num_cat=1
split_feature=0 7 6 2 6 7
split_gain=1.8473 1.55347 1.26144 1.35248 0.000400522 0.000197192
threshold=3.5000000000000004 4.5000000000000009 4.5000000000000009 0 2.5000000000000004 2.5000000000000004
decision_type=2 2 2 1 2 2
left_child=1 2 3 -1 5 -2
right_child=4 -3 -4 -5 -6 -7
leaf_value=-0.024284953354431132 -0.076927442565406276 0.085985156955969699 0.069531428598950146 0.022565706333297679 -0.080658289811625594 -0.079331358638803459
leaf_weight=11.267768792808056 0.95550516899675064 2.8741637468338004 3.044415444135665 13.597092498093851 0.72092744894325722 0.53079166822135448
leaf_count=562 45 16 18 76 15 13
internal_value=0.00964658 0.0159829 0.0087739 0.00133485 -0.0787241 -0.0777859
internal_weight=32.9907 30.7834 27.9093 24.8649 2.20722 1.4863
internal_count=745 672 656 638 73 58
cat_boundaries=0 1
cat_threshold=1
is_linear=0
shrinkage=0.1


Tree=90
num_leaves=13
num_cat=5
split_feature=5 4 4 3 3 7 6 7 7 0 0 7
split_gain=1.30222 10.4925 7.251 4.28614 2.04702 1.2696 1.09709 0.447329 0.334327 0.204597 0.16398 0.0187658
threshold=0 1 2 3 4 3.5000000000000004 1.5000000000000002 1.5000000000000002 1.5000000000000002 1.5000000000000002 2.5000000000000004 1.5000000000000002
decision_type=1 9 9 1 1 2 2 2 2 2 2 2
left_child=1 10 4 5 8 -3 9 -5 -2 -4 11 -1
right_child=2 3 6 7 -6 -7 -8 -9 -10 -11 -12 -13
leaf_value=-0.087999598220063549 0.062520565062611486 0.062828986025633346 -0.067976047483520249 0.0061290007491054364 -0.023440306777129827 -0.012801545891397096 -0.11335912505279906 -0.02974626821371254 0.031367597813753194 -0.041006452554512789 -0.05718410935511932 -0.077194602044116656
leaf_weight=5.907596664503215 5.6135982237756261 24.228160012513403 4.7963322605937702 6.67714776098728 6.6912561655044565 2.4434358179569236 3.918892413377761 7.2489466220140457 8.9167969822883588 6.8019779473543167 2.85184544697404 2.2082056105136871
leaf_count=139 18 230 72 26 27 17 12 32 32 94 39 7
internal_value=-0.00127453 0.00897576 -0.0156615 0.0324217 0.0223271 0.0559003 -0.0676155 -0.0125451 0.0434031 -0.0521594 -0.0778114 -0.0850597
internal_weight=88.3042 51.5653 36.7389 40.5977 21.2217 26.6716 15.5172 13.9261 14.5304 11.5983 10.9676 8.1158
internal_count=745 490 255 305 77 247 178 58 50 166 185 146
cat_boundaries=0 1 2 3 4 5
cat_threshold=2 2 2 1 1
is_linear=0
shrinkage=0.1


Tree=91
num_leaves=10
num_cat=2
split_feature=0 6 1 7 2 6 7 6 6
split_gain=0.456671 1.81145 0.982062 0.94771 1.40386 1.35847 0.508161 0.450022 0.216882
threshold=2.5000000000000004 3.5000000000000004 0 2.5000000000000004 1 1.5000000000000002 4.5000000000000009 1.5000000000000002 1.5000000000000002
decision_type=2 2 1 2 1 2 2 2 2
left_child=1 2 -1 4 8 -5 -4 -6 -2
right_child=3 -3 6 5 7 -7 -8 -9 -10
leaf_value=0.042660970009574917 -0.040917323305561443 0.1252109747002518 -0.0033725845666087943 0.080946928799961473 -0.011010728155768632 -0.025379393971010418 -0.10352670998429021 0.081110039870672321 -0.084290514464391481
leaf_weight=5.7885763645172119 2.3780404748395068 1.4662426188588131 10.482235783245422 2.3739732354879379 1.0322552532888951 2.4332443289458752 0.53232491016388017 1.0905320793390272 2.2377024656161666
leaf_count=27 71 13 494 28 22 20 2 19 49
internal_value=0.00877583 0.0186144 0.0093128 -0.00679223 -0.0309909 0.0271283 -0.00821295 0.0363142 -0.0619446
internal_weight=29.8151 18.2694 16.8031 11.5457 6.73853 4.80722 11.0146 2.12279 4.61574
internal_count=745 536 523 209 161 48 496 41 120
cat_boundaries=0 1 2
cat_threshold=2 1
is_linear=0
shrinkage=0.1


Tree=92
num_leaves=11
num_cat=6
split_feature=6 7 3 2 0 5 4 3 3 6
split_gain=3.36679 2.93905 1.13741 0.991994 0.716541 0.0114696 0.00340051 0.0012177 0.00100385 4.47259e-05
threshold=2.5000000000000004 2.5000000000000004 0 1 3.5000000000000004 2 3 4 5 3.5000000000000004
decision_type=2 2 1 1 2 1 9 1 1 2
left_child=1 2 3 -1 -4 7 8 9 -3 -2
right_child=5 6 4 -5 -6 -7 -8 -9 -10 -11
leaf_value=0.0021981788923041731 -0.077031217852828945 -0.081019523976162022 0.012792793580151904 -0.053149541692002145 0.062924065650368038 -0.088789127798440115 -0.085278929824016858 -0.081149616097921262 -0.077390824318339546 -0.077956906998619277
leaf_weight=48.998817913234234 1.1535727605223658 1.3484548442065716 7.1456532664597017 3.4673995450139037 4.7441077306866646 1.7883438505232323 1.1779616959393013 1.5400294847786429 1.754068685695529 0.95327161252498616
leaf_count=451 34 20 65 23 27 20 12 21 49 23
internal_value=-0.00646725 -0.000467775 0.00486899 -0.00145965 0.0327956 -0.0822292 -0.0807047 -0.0790123 -0.078968 -0.0774501
internal_weight=74.0717 68.6365 64.356 52.4662 11.8898 5.43522 4.28049 3.64687 3.10252 2.10684
internal_count=745 647 566 474 92 98 81 78 69 57
cat_boundaries=0 1 2 3 4 5 6
cat_threshold=1 1 2 4 1 2
is_linear=0
shrinkage=0.1


Tree=93
num_leaves=7
num_cat=1
split_feature=0 7 6 1 6 7
split_gain=1.66784 1.39799 1.15473 0.890768 0.000301903 0.000149749
threshold=3.5000000000000004 5.5000000000000009 5.5000000000000009 0 2.5000000000000004 2.5000000000000004
decision_type=2 2 2 1 2 2
left_child=1 2 3 -1 5 -2
right_child=4 -3 -4 -5 -6 -7
leaf_value=-0.040101262436030023 -0.076756096012718558 0.10512803962408919 0.089502749078376229 0.012452460230806685 -0.080142056660967048 -0.078946227486615991
leaf_weight=3.7435770742595196 0.86648151930421524 1.641291670501231 1.7276073098182667 23.291932594962429 0.66869759000837792 0.48803265206515789
leaf_count=36 45 9 11 616 15 13
internal_value=0.00951239 0.0153626 0.0102404 0.0051754 -0.0784035 -0.0775452
internal_weight=32.4276 30.4044 28.7631 27.0355 2.02321 1.35451
internal_count=745 672 663 652 73 58
cat_boundaries=0 1
cat_threshold=2
is_linear=0
shrinkage=0.1


Tree=94
num_leaves=13
num_cat=5
split_feature=5 4 4 3 3 6 6 7 7 0 0 7
split_gain=1.15634 9.51395 6.41636 3.77735 1.7734 1.21472 0.866554 0.384559 0.283899 0.205384 0.166117 0.0366049
threshold=0 1 2 3 4 3.5000000000000004 1.5000000000000002 1.5000000000000002 1.5000000000000002 2.5000000000000004 2.5000000000000004 1.5000000000000002
decision_type=1 9 9 1 1 2 2 2 2 2 2 2
left_child=1 10 4 5 8 -3 9 -5 -2 -4 11 -1
right_child=2 3 6 7 -6 -7 -8 -9 -10 -11 -12 -13
leaf_value=-0.088088490168444833 0.058298753499681659 0.063391097006852137 -0.057732742106709145 0.0065489051739823006 -0.022217804053169019 0.001708106235969396 -0.10494951345355095 -0.02697431113178635 0.029484436080827531 -0.025410456108921498 -0.054985280078370218 -0.072812384871304175
leaf_weight=5.47109379991889 5.574053470045329 21.639822706580166 8.5475024413317424 6.5921753048896772 6.5220158994197854 3.7451494932174674 3.9280335605144492 7.1155495774000883 8.8457673788070661 2.5531130097806445 2.7301082089543343 2.1991045773029327
leaf_count=139 18 224 130 26 27 23 12 32 32 36 39 7
internal_value=-0.00108231 0.00883409 -0.0147266 0.0314484 0.021052 0.0542908 -0.0645828 -0.0108527 0.0406228 -0.0502987 -0.0761687 -0.0837087
internal_weight=85.4635 49.493 35.9705 39.0927 20.9418 25.385 15.0286 13.7077 14.4198 11.1006 10.4003 7.6702
internal_count=745 490 255 305 77 247 178 58 50 166 185 146
cat_boundaries=0 1 2 3 4 5
cat_threshold=2 2 2 1 1
is_linear=0
shrinkage=0.1


Tree=95
num_leaves=9
num_cat=3
split_feature=0 6 1 6 7 2 4 7
split_gain=0.406633 1.50763 0.859385 0.814887 0.986158 0.634752 0.485848 0.44527
threshold=2.5000000000000004 3.5000000000000004 0 2.5000000000000004 2.5000000000000004 1 2 4.5000000000000009
decision_type=2 2 1 2 2 1 9 2
left_child=1 2 -1 4 5 -2 -5 -4
right_child=3 -3 7 6 -6 -7 -8 -9
leaf_value=0.040458791921154813 0.032415858582983494 0.11381415339406178 -0.0026963352739278936 -0.0018158269187937893 0.04530519829322846 -0.048775128251307011 -0.086916680806756741 -0.099646696099453036
leaf_weight=5.8347764760255814 1.4102771440520883 1.5112927444279183 10.354162509553142 1.1190571384504437 4.0248582791537046 3.0355265848338586 1.6750087663531295 0.49643558263778764
leaf_count=27 28 13 494 38 41 90 12 2
internal_value=0.00892945 0.018173 0.00951022 -0.00600228 0.00944485 -0.0230201 -0.0528328 -0.007132
internal_weight=29.4614 18.1967 16.6854 11.2647 8.47066 4.4458 2.79407 10.8506
internal_count=745 536 523 209 159 118 50 496
cat_boundaries=0 1 2 3
cat_threshold=2 2 4
is_linear=0
shrinkage=0.1


Tree=96
num_leaves=11
num_cat=6
split_feature=6 7 3 5 7 5 4 3 3 6
split_gain=3.05013 2.61032 0.951489 0.826591 0.658311 0.0102223 0.00309589 0.000961383 0.000842172 4.39799e-05
threshold=2.5000000000000004 2.5000000000000004 0 1 1.5000000000000002 2 3 4 5 3.5000000000000004
decision_type=2 2 1 1 2 1 9 1 1 2
left_child=1 2 3 -1 -4 7 8 9 -3 -2
right_child=5 6 4 -5 -6 -7 -8 -9 -10 -11
leaf_value=-0.015287410467665503 -0.076767078561771909 -0.080577210595643961 0.044377952800224219 0.010171348295828747 -0.0090034316506307204 -0.088251245216449781 -0.084908909420725875 -0.080657094365673407 -0.077084451405705551 -0.077735292196698114
leaf_weight=24.298699997365475 1.0104191452264788 1.2533477507531643 8.4427485391497594 26.840059772133827 3.1804994568228713 1.6923127491027106 1.1042718365788453 1.4264105223119257 1.5368153173476458 0.87579221092164505
leaf_count=290 34 20 79 184 13 20 12 21 49 23
internal_value=-0.00663806 -0.000984848 0.00394461 -0.00192544 0.0297711 -0.0819283 -0.0804272 -0.0786981 -0.0786534 -0.0772166
internal_weight=71.6614 66.6564 62.762 51.1388 11.6232 5.00493 3.89443 3.31262 2.79016 1.88621
internal_count=745 647 566 474 92 98 81 78 69 57
cat_boundaries=0 1 2 3 4 5 6
cat_threshold=1 2 2 4 1 2
is_linear=0
shrinkage=0.1


Tree=97
num_leaves=7
num_cat=1
split_feature=0 7 6 1 6 7
split_gain=1.50673 1.33704 1.0568 0.747424 0.000259036 0.000108682
threshold=3.5000000000000004 5.5000000000000009 5.5000000000000009 0 2.5000000000000004 2.5000000000000004
decision_type=2 2 2 1 2 2
left_child=1 2 3 -1 5 -2
right_child=4 -3 -4 -5 -6 -7
leaf_value=-0.037280408120244378 -0.07660364602297999 0.10404022351818357 0.088239095826207814 0.011591751466289943 -0.079804775367443473 -0.078566594968285414
leaf_weight=3.61449552513659 0.78630073182284721 1.5874438956379879 1.6181014031171788 23.310741604305818 0.62837240705266584 0.43983405269682407
leaf_count=36 45 9 11 616 15 13
internal_value=0.00933127 0.0147159 0.00974806 0.00503106 -0.0781539 -0.0773078
internal_weight=31.9853 30.1308 28.5433 26.9252 1.85451 1.22613
internal_count=745 672 663 652 73 58
cat_boundaries=0 1
cat_threshold=2
is_linear=0
shrinkage=0.1


Tree=98
num_leaves=13
num_cat=5
split_feature=5 4 4 3 3 7 6 7 7 0 0 7
split_gain=1.03351 8.61296 5.67029 3.4258 1.49415 1.0843 0.694098 0.329541 0.250824 0.201315 0.166568 0.0580257
threshold=0 1 2 3 4 3.5000000000000004 1.5000000000000002 1.5000000000000002 1.5000000000000002 1.5000000000000002 2.5000000000000004 1.5000000000000002
decision_type=1 9 9 1 1 2 2 2 2 2 2 2
left_child=1 10 4 5 8 -3 9 -5 -2 -4 11 -1
right_child=2 3 6 7 -6 -7 -8 -9 -10 -11 -12 -13
leaf_value=-0.088104756290915451 0.054464410998248558 0.059853238526962629 -0.065017125069237944 0.0063481737975430441 -0.020566622057707967 -0.012376200802134517 -0.097675168359666192 -0.024847573682184161 0.027250388718973284 -0.037029828473603831 -0.052813741082691358 -0.068618007817355539
leaf_weight=5.0725960675626993 5.5290484465658674 21.899934096261862 4.3368419799953681 6.5469055473804456 6.3338428214192399 2.2962869778275481 3.9148550629615775 7.0141984596848488 8.7408754974603635 6.3089981097728014 2.6184376291930676 2.1868198812007904
leaf_count=139 18 230 72 26 27 17 12 32 32 94 39 7
internal_value=-0.000900223 0.00869889 -0.0139036 0.0304481 0.0198538 0.0529985 -0.0616711 -0.00978718 0.0377948 -0.0484311 -0.0744357 -0.0822346
internal_weight=82.7996 47.6352 35.1645 37.7573 20.6038 24.1962 14.5607 13.5611 14.2699 10.6458 9.87785 7.25942
internal_count=745 490 255 305 77 247 178 58 50 166 185 146
cat_boundaries=0 1 2 3 4 5
cat_threshold=2 2 2 1 1
is_linear=0
shrinkage=0.1


Tree=99
num_leaves=10
num_cat=4
split_feature=5 4 0 1 2 7 0 0 7
split_gain=0.419205 1.37343 1.3403 1.08143 0.602606 0.527602 0.182357 0.291591 0.000750268
threshold=0 1 2.5000000000000004 2 3 4.5000000000000009 1.5000000000000002 2.5000000000000004 2.5000000000000004
decision_type=1 9 2 1 1 2 2 2 2
left_child=3 6 -3 -1 8 -6 -2 -8 -5
right_child=1 2 -4 4 5 -7 7 -9 -10
leaf_value=0.035900249810159574 -0.077513609308437925 0.075445479268530638 0.0023015738091177792 -0.076597450734653044 -0.0034699984482001222 -0.089786373355155463 0.006874743163841123 -0.076710723492510902 -0.081117381652901083
leaf_weight=5.1657087206840515 0.89942685514688525 5.0789202228188532 4.9437497183680534 0.83905705763027072 8.9315150249749404 0.76912265736609775 1.1865903413854537 0.64381159096956242 0.65309050213545561
leaf_count=22 75 43 34 45 398 13 63 40 12
internal_value=0.00864852 0.0222398 0.0393668 -0.00194672 -0.0194139 -0.0103137 -0.0406427 -0.022525 -0.0785758
internal_weight=29.111 12.7525 10.0227 16.3585 11.1928 9.70064 2.72983 1.8304 1.49215
internal_count=745 255 77 490 468 411 178 103 57
cat_boundaries=0 1 2 3 4
cat_threshold=2 4 2 2
is_linear=0
shrinkage=0.1


Tree=100
num_leaves=11
num_cat=6
split_feature=6 7 3 2 0 5 4 3 3 6
split_gain=2.74661 2.35361 0.802667 0.786313 0.624125 0.0091059 0.00282543 0.00079074 0.000714185 3.09664e-05
threshold=2.5000000000000004 2.5000000000000004 0 1 3.5000000000000004 2 3 4 5 3.5000000000000004
decision_type=2 2 1 1 2 1 9 1 1 2
left_child=1 2 3 -1 -4 7 8 9 -3 -2
right_child=5 6 4 -5 -6 -7 -8 -9 -10 -11
leaf_value=0.0010616979460304355 -0.07654295144197501 -0.076868096465434466 0.0083944161585327529 -0.048630021905850078 0.056469402903091465 -0.087763327604368377 -0.084600430331933985 -0.080222607994958992 -0.080225873215025736 -0.077408828843105765
leaf_weight=46.331691041588783 0.88739293534308694 1.3762340154498813 6.9374752491712552 3.419416792690753 4.4215205349028111 1.5930379014462221 1.0389040261507028 1.3238558582961557 1.1736334301531317 0.77264334727078676
leaf_count=451 34 49 65 23 27 20 12 21 20 23
internal_value=-0.00679547 -0.00149949 0.00312257 -0.00235364 0.0271077 -0.0816588 -0.0802046 -0.0783997 -0.0784136 -0.076946
internal_weight=69.2758 64.6989 61.1101 49.7511 11.359 4.57693 3.58877 2.98389 2.54987 1.66004
internal_count=745 647 566 474 92 98 81 78 69 57
cat_boundaries=0 1 2 3 4 5 6
cat_threshold=1 1 2 4 1 1
is_linear=0
shrinkage=0.1


Tree=101
num_leaves=7
num_cat=0
split_feature=0 7 6 6 6 7
split_gain=1.37285 1.18086 1.01552 0.959868 0.000187084 9.43787e-05
threshold=3.5000000000000004 5.5000000000000009 4.5000000000000009 3.5000000000000004 2.5000000000000004 2.5000000000000004
decision_type=2 2 2 2 2 2
left_child=1 2 3 -1 5 -2
right_child=4 -3 -4 -5 -6 -7
leaf_value=0.0076683633976561243 -0.076479228566908919 0.10125735089801598 0.066572156762280454 -0.082992066871233131 -0.079375561488008048 -0.078378707737846887
leaf_weight=24.235924983862802 0.7220354676246632 1.4792308807373036 2.8173119425773612 1.2269408144056786 0.58033603522926558 0.41018146462738514
leaf_count=627 45 9 18 18 15 13
internal_value=0.00914866 0.0141589 0.00960312 0.00329985 -0.0779157 -0.0771674
internal_weight=31.472 29.7594 28.2802 25.4629 1.71255 1.13222
internal_count=745 672 663 645 73 58
is_linear=0
shrinkage=0.1


Tree=102
num_leaves=13
num_cat=5
split_feature=5 4 4 3 3 6 6 7 7 0 0 7
split_gain=0.809027 7.81159 5.07581 3.08305 1.33999 1.09372 0.562774 0.298019 0.2152 0.201874 0.165698 0.076393
threshold=0 1 2 3 4 3.5000000000000004 1.5000000000000002 1.5000000000000002 1.5000000000000002 2.5000000000000004 2.5000000000000004 1.5000000000000002
decision_type=1 9 9 1 1 2 2 2 2 2 2 2
left_child=1 10 4 5 8 -3 9 -5 -2 -4 11 -1
right_child=2 3 6 7 -6 -7 -8 -9 -10 -11 -12 -13
leaf_value=-0.088093752820640275 0.051983047721460167 0.060617733325536716 -0.054037735226938312 0.0064271416114935658 -0.019162518894071463 -0.00015478315203716186 -0.090974603286833877 -0.023365081539798726 0.026711524519127644 -0.020822295997820199 -0.051082198708660598 -0.065463084521832582
leaf_weight=4.7461080327630043 5.4941986873745927 19.433635365217928 7.7530868742614967 6.5023379027843458 6.2226446717977533 3.4937351271510115 3.8803315460681906 6.9427544102072716 8.7138263136148435 2.3950267937034369 2.5314596369862556 2.175274133682251
leaf_count=139 18 224 130 26 27 23 12 32 32 36 39 7
internal_value=-0.000691008 0.00801392 -0.0122672 0.029062 0.0195355 0.0513571 -0.0585839 -0.00895692 0.0364839 -0.0461987 -0.0729744 -0.0809813
internal_weight=80.2844 45.8253 34.4591 36.3725 20.4307 22.9274 14.0284 13.4451 14.208 10.1481 9.45284 6.92138
internal_count=745 490 255 305 77 247 178 58 50 166 185 146
cat_boundaries=0 1 2 3 4 5
cat_threshold=2 2 2 1 1
is_linear=0
shrinkage=0.1


Tree=103
num_leaves=11
num_cat=5
split_feature=5 4 0 1 2 7 0 0 1 7
split_gain=0.360385 1.17346 1.15809 0.913057 0.574119 0.479624 0.179942 0.271591 0.0007541 0.000613136
threshold=0 1 2.5000000000000004 2 3 4.5000000000000009 1.5000000000000002 2.5000000000000004 4 2.5000000000000004
decision_type=1 9 2 1 1 2 2 2 1 2
left_child=3 6 -3 -1 9 -6 8 -8 -2 -5
right_child=1 2 -4 4 5 -7 7 -9 -10 -11
leaf_value=0.032955957943501951 -0.075539782376087466 0.06911415870393621 0.0015229448291385612 -0.076452520507187163 -0.0030349050854889831 -0.088992108484107268 0.0064433797053130119 -0.076527247832058512 -0.082389185387413411 -0.080692045566222351
leaf_weight=5.1613686233758926 0.6142320581711832 5.2062979042530078 4.9402609877288342 0.76750080985948443 8.8258503507822734 0.70067145396024066 1.1925017870962618 0.58956536184996355 0.21771383285522461 0.61406621523201466
leaf_count=22 73 43 34 45 398 13 63 40 2 12
internal_value=0.00826613 0.0208127 0.0362047 -0.00169699 -0.0180937 -0.00935702 -0.0389326 -0.021006 -0.0773322 -0.0783369
internal_weight=28.83 12.7606 10.1466 16.0695 10.9081 9.52652 2.61401 1.78207 0.831946 1.38157
internal_count=745 255 77 490 468 411 178 103 75 57
cat_boundaries=0 1 2 3 4 5
cat_threshold=2 4 2 2 1
is_linear=0
shrinkage=0.1


Tree=104
num_leaves=11
num_cat=6
split_feature=6 7 3 2 0 5 4 3 3 6
split_gain=2.50009 2.11461 0.678608 0.652377 0.650852 0.00816819 0.00257247 0.000616344 0.000612558 3.02567e-05
threshold=2.5000000000000004 2.5000000000000004 0 1 2.5000000000000004 2 3 4 5 3.5000000000000004
decision_type=2 2 1 1 2 1 9 1 1 2
left_child=1 2 3 -1 -4 7 8 9 -3 -2
right_child=5 6 4 -5 -6 -7 -8 -9 -10 -11
leaf_value=0.00049896019134118791 -0.076346478427340381 -0.076635266751431896 0.056063682833712429 -0.044827512536462916 0.0060256803162831891 -0.087333366874336987 -0.084310871820078903 -0.079804133400507113 -0.079898163112766263 -0.077247147868568997
leaf_weight=45.09879383072257 0.77835097722709201 1.2079780735075469 4.1478496529161912 3.4158857241272917 6.963432565331459 1.4998083822429169 0.97738038375973646 1.2246042713522909 1.098648630548269 0.71617438364773989
leaf_count=451 34 49 46 23 46 20 12 21 20 23
internal_value=-0.00688729 -0.00188965 0.00241304 -0.00269245 0.0247049 -0.0814088 -0.0800113 -0.0781409 -0.0781894 -0.0767781
internal_weight=67.1289 62.91 59.626 48.5147 11.1113 4.21894 3.28401 2.71913 2.30663 1.49453
internal_count=745 647 566 474 92 98 81 78 69 57
cat_boundaries=0 1 2 3 4 5 6
cat_threshold=1 1 2 4 1 1
is_linear=0
shrinkage=0.1


Tree=105
num_leaves=7
num_cat=1
split_feature=7 0 6 1 6 7
split_gain=1.24551 1.11852 0.950825 0.591713 0.000155075 7.54706e-05
threshold=5.5000000000000009 3.5000000000000004 5.5000000000000009 0 2.5000000000000004 2.5000000000000004
decision_type=2 2 2 1 2 2
left_child=1 2 3 -1 5 -3
right_child=-2 4 -4 -5 -6 -7
leaf_value=-0.033957904174447488 0.10054110981735553 -0.076352686945222487 0.086901463166128901 0.010328103162158899 -0.079087867821802382 -0.078130363347235235
leaf_weight=3.4692964535206556 1.4084488078951825 0.6556772575713683 1.4801833480596531 23.142648987937733 0.54320788709446777 0.37564355880022049
leaf_count=36 9 45 11 616 15 13
internal_value=0.00865882 0.00429663 0.00889358 0.00455471 -0.0777204 -0.0770002
internal_weight=31.0751 29.6667 28.0921 26.6119 1.57453 1.03132
internal_count=745 736 663 652 73 58
cat_boundaries=0 1
cat_threshold=2
is_linear=0
shrinkage=0.1


Tree=106
num_leaves=13
num_cat=4
split_feature=5 4 4 0 3 6 6 6 7 0 0 7
split_gain=0.667985 7.01801 4.59529 3.33914 2.77852 1.02284 0.659623 0.467137 0.2655 0.196921 0.165568 0.0979625
threshold=0 1 2 1.5000000000000002 3 3.5000000000000004 1.5000000000000002 1.5000000000000002 1.5000000000000002 1.5000000000000002 2.5000000000000004 1.5000000000000002
decision_type=1 9 9 2 1 2 2 2 2 2 2 2
left_child=1 10 3 -2 5 -3 -5 9 -6 -4 11 -1
right_child=2 4 7 6 8 -7 -8 -9 -10 -11 -12 -13
leaf_value=-0.087975834294869548 0.088880107056626453 0.058982909512075313 -0.061734747205184237 -0.034965815198967493 0.0063503865580746806 -0.00099997653150940861 0.0098414168042886482 -0.085574627389252089 -0.021897991483883213 -0.032782381552697186 -0.048904832485720119 -0.061974652505895227
leaf_weight=4.4117899900302291 5.1275779269635704 18.457306861877445 3.9224514141678792 4.8382000327110282 6.4530008882284147 3.3604374900460234 10.237457580864428 3.8348947763442984 6.8687391877174377 5.8571862522512674 2.4343722015619278 2.1576968729496002
leaf_count=139 17 224 72 18 26 23 42 12 32 94 39 7
internal_value=-0.00051369 0.00758816 -0.0110893 0.0191711 0.0277714 0.0497442 -0.00453848 -0.0559941 -0.00821458 -0.0443947 -0.0711813 -0.0794359
internal_weight=77.9611 44.1433 33.8178 20.2032 35.1395 21.8177 15.0757 13.6145 13.3217 9.77964 9.00386 6.56949
internal_count=745 490 255 77 305 247 60 178 58 166 185 146
cat_boundaries=0 1 2 3 4
cat_threshold=2 2 2 1
is_linear=0
shrinkage=0.1


Tree=107
num_leaves=11
num_cat=5
split_feature=5 4 0 1 2 7 0 0 1 7
split_gain=0.302354 1.0315 0.975216 0.808678 0.551507 0.438164 0.176178 0.248425 0.00059675 0.000503319
threshold=0 1 2.5000000000000004 2 3 4.5000000000000009 1.5000000000000002 2.5000000000000004 4 2.5000000000000004
decision_type=1 9 2 1 1 2 2 2 1 2
left_child=3 6 -3 -1 5 -5 8 -8 -2 -6
right_child=1 2 -4 4 9 -7 7 -9 -10 -11
leaf_value=0.031465833917656401 -0.075509874218808309 0.063396478246509388 0.001577635555966242 -0.0025000964080489378 -0.076357865156039248 -0.088281907803081233 0.005209983560713497 -0.076346585239249129 -0.081811180582059564 -0.080334216141619716
leaf_weight=5.1471537947654724 0.57455153996124897 5.3243466960266215 4.9006946571171284 8.7138710313010943 0.71689277654513428 0.6391253964975484 1.2098852870985863 0.5402679475955664 0.20352940261363983 0.57257022522389889
leaf_count=22 73 43 34 398 45 13 63 40 2 12
internal_value=0.00817403 0.0196261 0.0337677 -0.00107581 -0.0168144 -0.00836189 -0.0375675 -0.0199663 -0.0771582 -0.0781235
internal_weight=28.5429 12.7533 10.225 15.7896 10.6425 9.353 2.52823 1.75015 0.778081 1.28946
internal_count=745 255 77 490 468 411 178 103 75 57
cat_boundaries=0 1 2 3 4 5
cat_threshold=2 4 2 1 1
is_linear=0
shrinkage=0.1


Tree=108
num_leaves=11
num_cat=6
split_feature=6 7 3 1 7 5 4 3 3 6
split_gain=2.27481 1.91121 0.576321 0.644446 0.604155 0.00702363 0.00237221 0.000517233 0.000485591 2.82389e-05
threshold=2.5000000000000004 2.5000000000000004 0 1 1.5000000000000002 2 3 4 5 3.5000000000000004
decision_type=2 2 1 1 2 1 9 1 1 2
left_child=1 2 3 -1 -4 8 7 -3 9 -2
right_child=5 6 4 -5 -6 -7 -8 -9 -10 -11
leaf_value=-0.0059776662286311682 -0.076177049666861882 -0.076433468646339264 0.037348479988876283 0.042312888260705561 -0.014537396377452275 -0.086764762113624924 -0.084063840988144053 -0.079581143504760588 -0.079436080662802513 -0.077093611239350768
leaf_weight=44.420418597757816 0.68341261893510796 1.0611220598220821 7.8227408751845342 2.9468488544225684 3.1469040289521217 1.4038792243227356 0.92552214488387052 1.0275874943472449 1.1357495449483397 0.66151778493076563
leaf_count=457 34 49 79 17 13 20 12 20 21 23
internal_value=-0.006901 -0.00220217 0.00180981 -0.00297338 0.0224638 -0.0811124 -0.0798495 -0.077982 -0.0779136 -0.0766279
internal_weight=65.2357 61.3511 58.3369 47.3673 10.9696 3.88456 3.01423 2.08871 2.48068 1.34493
internal_count=745 647 566 474 92 98 81 69 78 57
cat_boundaries=0 1 2 3 4 5 6
cat_threshold=1 1 2 4 1 1
is_linear=0
shrinkage=0.1


Tree=109
num_leaves=7
num_cat=1
split_feature=7 0 6 2 6 7
split_gain=1.17598 1.02536 0.872364 0.562711 0.00012569 5.89136e-05
threshold=5.5000000000000009 3.5000000000000004 5.5000000000000009 0 2.5000000000000004 2.5000000000000004
decision_type=2 2 2 1 2 2
left_child=1 2 3 -1 5 -3
right_child=-2 4 -4 -5 -6 -7
leaf_value=0.018756599162790242 0.099821685230902735 -0.076269876739628442 0.085875443934001164 -0.010415531691953086 -0.078809674300950497 -0.077906363662183342
leaf_weight=13.43121299892664 1.3439516872167576 0.6108922348357726 1.3826615959405888 13.024033766705553 0.50521491933614016 0.34377912804484367
leaf_count=76 9 45 11 576 15 13
internal_value=0.00835373 0.0041579 0.00844203 0.00439503 -0.0775342 -0.0768592
internal_weight=30.6417 29.2978 27.8379 26.4552 1.45989 0.954671
internal_count=745 736 663 652 73 58
cat_boundaries=0 1
cat_threshold=2
is_linear=0
shrinkage=0.1


Tree=110
num_leaves=9
num_cat=5
split_feature=7 5 4 4 3 3 6 0
split_gain=0.618 0.891492 7.02664 3.99139 2.83274 0.958129 0.394075 0.163625
threshold=4.5000000000000009 0 1 2 3 4 1.5000000000000002 2.5000000000000004
decision_type=2 1 9 9 1 1 2 2
left_child=1 2 7 5 -4 -3 -5 -1
right_child=-2 3 4 6 -6 -7 -8 -9
leaf_value=-0.077825054387579792 -0.052428927592560674 0.03216752446498039 0.05628914554878043 -0.042560019021792544 -0.0042842191522372286 -0.016112106511766696 -0.080770222838164152 -0.046869228896535955
leaf_weight=6.2315757302567363 2.2093896847218266 13.673514269292355 19.605150245130062 9.4410563074052316 12.735774621367453 5.8773603439331064 3.7796821892261496 2.3519870936870575
leaf_count=146 16 48 241 166 51 26 12 39
internal_value=-0.000316196 0.00124613 0.0110884 -0.0110446 0.0324355 0.0176538 -0.0534839 -0.0693428
internal_weight=75.9055 73.6961 40.9245 32.7716 32.3409 19.5509 13.2207 8.58356
internal_count=745 729 477 252 292 74 178 185
cat_boundaries=0 1 2 3 4 5
cat_threshold=2 2 2 1 1
is_linear=0
shrinkage=0.1


Tree=111
num_leaves=5
num_cat=0
split_feature=7 7 6 7
split_gain=0.253477 0.641893 0.232192 0.556677
threshold=4.5000000000000009 3.5000000000000004 3.5000000000000004 1.5000000000000002
decision_type=2 2 2 2
left_child=1 2 3 -1
right_child=-2 -3 -4 -5
leaf_value=-0.013404170436677043 -0.042065966316936022 0.074210854510440183 0.043394798356226838 0.017015504188334821
leaf_weight=10.837698251940322 0.98788874968886276 1.4513271995820094 1.5502508883364488 13.5211873317603
leaf_count=494 16 18 32 185
internal_value=0.0076978 0.00949459 0.00586945 0.00348125
internal_weight=28.3484 27.3605 25.9091 24.3589
internal_count=745 729 711 679
is_linear=0
shrinkage=0.1


Tree=112
num_leaves=11
num_cat=7
split_feature=6 7 5 4 4 5 4 3 3 6
split_gain=2.05938 1.71385 0.504292 11.8271 6.33242 0.0062623 0.00225435 0.000407629 0.000402402 1.95534e-05
threshold=2.5000000000000004 2.5000000000000004 0 1 2 3 4 5 6 3.5000000000000004
decision_type=2 2 1 9 9 1 9 1 1 2
left_child=1 2 3 -1 -4 8 7 -3 9 -2
right_child=5 6 4 -5 -6 -7 -8 -9 -10 -11
leaf_value=0.053630113679304071 -0.0760319797759096 -0.076259303265388406 0.04983173118698242 -0.079530250979307007 -0.042394256657738077 -0.086375829439858845 -0.083892348817366999 -0.079200122766353548 -0.079117650860142122 -0.076844558051295239
leaf_weight=14.196935571730137 0.60144528560340382 0.93730518408119667 17.194651734083891 12.580853939056396 13.130036674439909 1.3222246048972004 0.86981614120304507 0.94809284433722507 1.0545082520693543 0.58337719738483429
leaf_count=183 34 49 177 158 48 20 12 20 21 23
internal_value=-0.00704375 -0.00264815 0.00106871 -0.00893185 0.00989956 -0.0809188 -0.079681 -0.0777381 -0.0776967 -0.0764321
internal_weight=63.4192 59.8577 57.1025 26.7778 30.3247 3.56156 2.75521 1.8854 2.23933 1.18482
internal_count=745 647 566 341 225 98 81 69 78 57
cat_boundaries=0 1 2 3 4 5 6 7
cat_threshold=2 2 4 2 4 1 1
is_linear=0
shrinkage=0.1


Tree=113
num_leaves=7
num_cat=1
split_feature=0 7 6 1 6 7
split_gain=1.02691 0.919855 0.833033 0.496133 9.59248e-05 4.42978e-05
threshold=3.5000000000000004 5.5000000000000009 5.5000000000000009 0 2.5000000000000004 2.5000000000000004
decision_type=2 2 2 1 2 2
left_child=1 2 3 -1 5 -2
right_child=4 -3 -4 -5 -6 -7
leaf_value=-0.031481753163827918 -0.076176845608463134 0.09654062983846369 0.085517300842640614 0.0097361483876753693 -0.078482528924779402 -0.077661725350539834
leaf_weight=3.3475527558475733 0.56295814737677463 1.2370312511920918 1.3328150957822789 22.880433404818191 0.46622435841709375 0.31239755172282457
leaf_count=36 45 9 11 616 15 13
internal_value=0.0081968 0.0121809 0.0083945 0.00447539 -0.0773239 -0.0767068
internal_weight=30.1394 28.7978 27.5608 26.228 1.34158 0.875356
internal_count=745 672 663 652 73 58
cat_boundaries=0 1
cat_threshold=2
is_linear=0
shrinkage=0.1


Tree=114
num_leaves=13
num_cat=5
split_feature=5 4 4 3 3 6 6 7 0 0 7 7
split_gain=0.50298 5.71071 3.69853 2.2499 0.973038 0.922554 0.341205 0.227743 0.197429 0.157607 0.14869 0.126143
threshold=0 1 2 3 4 3.5000000000000004 1.5000000000000002 1.5000000000000002 2.5000000000000004 2.5000000000000004 1.5000000000000002 1.5000000000000002
decision_type=1 9 9 1 1 2 2 2 2 2 2 2
left_child=1 9 4 5 11 -3 8 -5 -4 10 -1 -2
right_child=2 3 6 7 -6 -7 -8 -9 -10 -11 -12 -13
leaf_value=-0.0875995872604175 0.044002959221953103 0.056401294124515257 -0.049185731129250669 0.0071989703263180315 -0.016389645118906435 -0.0028089602320304306 -0.076774396265431422 -0.019181685987602219 -0.014928218542230628 -0.044939206478173802 -0.054590015078709836 0.024457953955098189
leaf_weight=3.8460073499009013 5.3516635969281205 16.668887598440055 6.9247368145734054 6.3624447137117368 5.934100218117238 3.1247644275426856 3.7225940227508536 6.7381606642156839 2.2221229709684849 2.2729315012693405 2.1149995923042297 8.6223406046628934
leaf_count=139 18 224 130 26 27 23 12 32 36 39 7 32
internal_value=-0.000230583 0.00713411 -0.00947155 0.0257772 0.0175364 0.0470539 -0.0512509 -0.00636965 -0.0408633 -0.0673445 -0.0758876 0.0319432
internal_weight=73.9058 41.1282 32.7776 32.8943 19.9081 19.7937 12.8695 13.1006 9.14686 8.23394 5.96101 13.974
internal_count=745 490 255 305 77 247 178 58 166 185 146 50
cat_boundaries=0 1 2 3 4 5
cat_threshold=2 2 2 1 1
is_linear=0
shrinkage=0.1


Tree=115
num_leaves=6
num_cat=0
split_feature=6 6 7 0 6
split_gain=0.285586 0.724222 0.545832 0.678556 0.27495
threshold=4.5000000000000009 3.5000000000000004 1.5000000000000002 3.5000000000000004 1.5000000000000002
decision_type=2 2 2 2 2
left_child=1 2 3 -1 -4
right_child=-2 -3 4 -5 -6
leaf_value=-0.0021467774282767954 -0.047274752100989366 0.077224337772767576 0.026596984243730776 -0.078221507073430341 -0.0029019454358489246
leaf_weight=9.2851155502721756 0.91436663875356217 1.4942460432648648 10.621168654877691 1.3419306809082616 4.497671333840116
leaf_count=445 18 20 166 49 47
internal_value=0.00769695 0.00954218 0.00561403 -0.0117531 0.0178214
internal_weight=28.1545 27.2401 25.7459 10.627 15.1188
internal_count=745 727 707 494 213
is_linear=0
shrinkage=0.1


Tree=116
num_leaves=11
num_cat=5
split_feature=6 7 3 1 0 5 0 3 3 6
split_gain=1.87929 1.54352 0.605856 0.695148 0.618057 0.00552669 0.00229344 0.000317933 0.000118816 1.75453e-05
threshold=2.5000000000000004 2.5000000000000004 0 1 2.5000000000000004 2 1.5000000000000002 3 4 3.5000000000000004
decision_type=2 2 1 1 2 1 2 1 1 2
left_child=1 2 3 -1 -4 7 -3 9 -8 -2
right_child=5 6 4 -5 -6 -7 8 -9 -10 -11
leaf_value=-0.0078695452671549738 -0.075904687531576087 -0.084642844920812504 0.054326262928060753 0.043793343390780039 0.0037773778126124454 -0.085957452411541485 -0.078559210606273203 -0.078808595903022916 -0.076966019311455899 -0.076715610873565557
leaf_weight=41.00152799487114 0.52901068609207846 0.64274891652166788 3.8087143115699273 2.7811351642012587 6.6283529698848724 1.244793304242193 0.89074404537677765 0.97952334955334697 0.98654193524271228 0.53830892127007246
leaf_count=457 34 11 46 17 46 20 22 21 48 23
internal_value=-0.00724409 -0.00298252 0.000573275 -0.00458785 0.0222238 -0.0807031 -0.0794872 -0.0775076 -0.077722 -0.0763137
internal_weight=60.0314 56.7398 54.2197 43.7827 10.4371 3.29164 2.52003 2.04684 1.87729 1.06732
internal_count=745 647 566 474 92 98 81 78 70 57
cat_boundaries=0 1 2 3 4 5
cat_threshold=1 1 2 1 2
is_linear=0
shrinkage=0.1


Tree=117
num_leaves=7
num_cat=1
split_feature=0 7 6 1 6 7
split_gain=0.952951 0.869513 0.749888 0.454365 7.95049e-05 3.21445e-05
threshold=3.5000000000000004 5.5000000000000009 5.5000000000000009 0 2.5000000000000004 2.5000000000000004
decision_type=2 2 2 1 2 2
left_child=1 2 3 -1 5 -2
right_child=4 -3 -4 -5 -6 -7
leaf_value=-0.029790041144347159 -0.07610949823420507 0.095795434215032865 0.084598397689578581 0.010066122855219602 -0.078252241242457624 -0.077431527538341302
leaf_weight=3.2750547584146261 0.5212747287005175 1.1958103738725174 1.2409332543611515 22.586948259733632 0.43614375102333724 0.28418524004518986
leaf_count=36 45 9 11 616 15 13
internal_value=0.00858233 0.0123445 0.00866253 0.00501891 -0.0771648 -0.0765759
internal_weight=29.5404 28.2987 27.1029 25.862 1.2416 0.80546
internal_count=745 672 663 652 73 58
cat_boundaries=0 1
cat_threshold=2
is_linear=0
shrinkage=0.1


Tree=118
num_leaves=9
num_cat=5
split_feature=7 5 4 4 3 3 6 0
split_gain=0.45863 0.654964 5.22684 2.73974 2.27472 0.719232 0.285536 0.159115
threshold=4.5000000000000009 0 1 2 3 4 1.5000000000000002 2.5000000000000004
decision_type=2 1 9 9 1 1 2 2
left_child=1 2 7 5 -4 -3 -5 -1
right_child=-2 3 4 6 -6 -7 -8 -9
leaf_value=-0.072986278318388387 -0.046734673875190466 -0.01558354710753735 0.052034801035529349 -0.036903307748448758 -0.0037445861623676344 0.026519692148533919 -0.070449733796595401 -0.040757099618730086
leaf_weight=5.5103805353865027 2.0751124033704391 5.8159182071685791 17.439894633367658 8.53422126080841 12.588254891335966 13.417936824262144 3.6107873022556296 2.121625043451786
leaf_count=146 16 26 241 166 51 48 12 39
internal_value=-0.000413456 0.000978825 0.00986959 -0.00969165 0.0286512 0.0137885 -0.0468769 -0.0640269
internal_weight=71.1141 69.039 37.6602 31.3789 30.0281 19.2339 12.145 7.63201
internal_count=745 729 477 252 292 74 178 185
cat_boundaries=0 1 2 3 4 5
cat_threshold=2 2 2 1 2
is_linear=0
shrinkage=0.1


Tree=119
num_leaves=8
num_cat=2
split_feature=0 6 6 7 2 1 7
split_gain=0.303108 0.906569 0.769802 0.706892 0.645396 0.552673 0.380275
threshold=2.5000000000000004 3.5000000000000004 2.5000000000000004 2.5000000000000004 0 1 2.5000000000000004
decision_type=2 2 2 2 1 1 2
left_child=1 5 3 4 -2 -1 -7
right_child=2 -3 -4 -5 -6 6 -8
leaf_value=0.032955910229706349 -0.045891719179757436 0.08831194334207787 -0.05277351968015697 0.041996701220238165 0.041675393366958746 0.003760557634161442 -0.04535924935037848
leaf_weight=5.8545081466436386 2.7547674621455354 1.5584787651896466 2.630139330169186 3.6152945645153522 1.2119728785473856 8.3153942907229155 1.9447022676467884
leaf_count=27 90 13 50 41 28 459 37
internal_value=0.00755777 0.015483 -0.00615763 0.010013 -0.019137 0.00843961 -0.00554963
internal_weight=27.8853 17.6731 10.2122 7.58203 3.96674 16.1146 10.2601
internal_count=745 536 209 159 118 523 496
cat_boundaries=0 1 2
cat_threshold=1 2
is_linear=0
shrinkage=0.1


Tree=120
num_leaves=11
num_cat=5
split_feature=6 7 3 1 0 5 0 3 3 6
split_gain=1.71494 1.40151 0.505069 0.656257 0.566217 0.0048468 0.00227134 0.000260389 9.69442e-05 1.22614e-05
threshold=2.5000000000000004 2.5000000000000004 0 1 3.5000000000000004 2 1.5000000000000002 3 4 3.5000000000000004
decision_type=2 2 1 1 2 1 2 1 1 2
left_child=1 2 3 -1 -4 7 -3 9 -8 -2
right_child=5 6 4 -5 -6 -7 8 -9 -10 -11
leaf_value=-0.0079182906834539858 -0.07579655555834125 -0.084587120324332077 0.0013460901372678304 0.042407938728784768 0.049408103276760623 -0.085537216822315465 -0.076766416471225521 -0.078532074250746972 -0.078277303391949146 -0.07651774269045028
leaf_weight=40.275765798985958 0.46709815505892038 0.61502111703157369 6.336653143167494 2.7692622840404502 3.997577715665102 1.1741053974255911 0.87964201066642966 0.90946942567825317 0.82107943971641373 0.47597048711031675
leaf_count=457 34 11 65 17 27 20 48 21 22 23
internal_value=-0.00720233 -0.00321853 8.55374e-05 -0.0046806 0.0199379 -0.0805106 -0.0793792 -0.0773248 -0.0774958 -0.0761605
internal_weight=58.7216 55.695 53.3793 43.045 10.3342 3.02664 2.31574 1.85254 1.70072 0.943069
internal_count=745 647 566 474 92 98 81 78 70 57
cat_boundaries=0 1 2 3 4 5
cat_threshold=1 1 2 1 1
is_linear=0
shrinkage=0.1


Tree=121
num_leaves=7
num_cat=0
split_feature=0 7 6 6 6 7
split_gain=0.871332 0.758545 0.72263 0.855162 6.37879e-05 2.25634e-05
threshold=3.5000000000000004 5.5000000000000009 4.5000000000000009 3.5000000000000004 2.5000000000000004 2.5000000000000004
decision_type=2 2 2 2 2 2
left_child=1 2 3 -1 5 -2
right_child=4 -3 -4 -5 -6 -7
leaf_value=0.0075219972629072306 -0.076034972778693477 0.093089205426393387 0.06056951695017504 -0.082206573640410813 -0.077995542944678212 -0.0771952824509511
leaf_weight=23.372547544538989 0.48601594334468134 1.1065833717584599 2.4346087723970404 1.1127196792513121 0.40496462024748325 0.25580171309411526
leaf_count=627 45 9 18 18 15 13
internal_value=0.00845031 0.0119462 0.00861068 0.00344433 -0.0769861 -0.0764351
internal_weight=29.1732 28.0265 26.9199 24.4853 1.14678 0.741818
internal_count=745 672 663 645 73 58
is_linear=0
shrinkage=0.1


Tree=122
num_leaves=8
num_cat=3
split_feature=3 0 1 1 0 0 0
split_gain=0.38943 3.35944 2.50785 1.53414 1.36131 0.673433 0.53578
threshold=0 1.5000000000000002 1 2 3.5000000000000004 2.5000000000000004 2.5000000000000004
decision_type=1 2 1 1 2 2 2
left_child=2 -2 4 -3 5 -1 -5
right_child=1 3 -4 6 -6 -7 -8
leaf_value=0.014969636830814188 -0.11155773847765534 0.059374479127788982 -0.069225892624427646 0.02092239988180649 0.093412591043827486 -0.013257549838363551 -0.024573168681364176
leaf_weight=32.090337472036481 2.9066543960943845 3.9509118869900703 4.2413598150014868 3.5912326695397523 1.9275231976062048 11.474041204899548 9.2705650366842729
leaf_count=450 30 25 21 29 35 93 62
internal_value=-0.000397974 -0.0122898 0.00431715 0.00487211 0.0111738 0.00753512 -0.01187
internal_weight=69.4526 19.7194 49.7333 16.8127 45.4919 43.5644 12.8618
internal_count=745 146 599 116 578 543 91
cat_boundaries=0 1 2 3
cat_threshold=1 1 2
is_linear=0
shrinkage=0.1


Tree=123
num_leaves=8
num_cat=2
split_feature=0 6 6 7 3 1 7
split_gain=0.289959 0.749984 0.682319 0.610527 0.593999 0.506411 0.348203
threshold=2.5000000000000004 3.5000000000000004 2.5000000000000004 2.5000000000000004 0 1 2.5000000000000004
decision_type=2 2 2 2 1 1 2
left_child=1 5 3 4 -2 -1 -7
right_child=2 -3 -4 -5 -6 6 -8
leaf_value=0.032105861620688035 -0.077634127602001612 0.080774627080801686 -0.051079380281574431 0.038788327171040478 0.0073587899767653675 0.0040525151781574112 -0.043290502549961203
leaf_weight=5.840454638004303 1.1805780534632486 1.5828277245163906 2.5316988138947636 3.580532003659755 2.709389753639698 8.2903782385401517 1.911782694980501
leaf_count=27 72 13 50 41 46 459 37
internal_value=0.00738572 0.0151032 -0.00621364 0.00899104 -0.018436 0.00862376 -0.00481909
internal_weight=27.6276 17.6254 10.0022 7.4705 3.88997 16.0426 10.2022
internal_count=745 536 209 159 118 523 496
cat_boundaries=0 1 2
cat_threshold=1 2
is_linear=0
shrinkage=0.1


Tree=124
num_leaves=11
num_cat=5
split_feature=6 7 3 0 1 5 0 3 3 6
split_gain=1.59707 1.29407 0.389577 0.571305 0.504326 0.00369047 0.00177518 0.000211068 7.55481e-05 9.44665e-06
threshold=2.5000000000000004 2.5000000000000004 0 2.5000000000000004 1 2 1.5000000000000002 3 4 3.5000000000000004
decision_type=2 2 1 2 1 1 2 1 1 2
left_child=1 2 4 -4 -1 7 -3 9 -8 -2
right_child=5 6 3 -5 -6 -7 8 -9 -10 -11
leaf_value=-0.0066133696045132268 -0.075717334723037599 -0.083789922414622631 0.048849777037533008 -0.00014425888945925424 0.037134879276573433 -0.084598278975738794 -0.076619559356750189 -0.078282827274572253 -0.07801441585021858 -0.076381795899319108
leaf_weight=40.397685315459967 0.421617416664958 0.57752090133726541 3.7740435600280744 6.4434796590358019 2.8189325109124175 1.098050093278288 0.79949353076517549 0.84438930079340935 0.75497047672979545 0.43442572047933936
leaf_count=457 34 11 46 46 17 20 48 21 22 23
internal_value=-0.00636856 -0.00265626 0.000392026 0.0179527 -0.00375976 -0.0800792 -0.0790558 -0.077161 -0.077297 -0.0760545
internal_weight=58.3646 55.5661 53.4341 10.2175 43.2166 2.79848 2.13198 1.70043 1.55446 0.856043
internal_count=745 647 566 92 474 98 81 78 70 57
cat_boundaries=0 1 2 3 4 5
cat_threshold=1 1 2 1 1
is_linear=0
shrinkage=0.1


Tree=125
num_leaves=7
num_cat=1
split_feature=0 7 6 2 6 7
split_gain=0.766533 0.701257 0.674771 0.492256 5.09025e-05 1.66038e-05
threshold=3.5000000000000004 5.5000000000000009 5.5000000000000009 0 2.5000000000000004 2.5000000000000004
decision_type=2 2 2 1 2 2
left_child=1 2 3 -1 5 -2
right_child=4 -3 -4 -5 -6 -7
leaf_value=0.017790723012959687 -0.075935898773464516 0.091298545468058837 0.083573969308246621 -0.0098630210768851923 -0.077753938553044563 -0.0769879752038031
leaf_weight=13.106691144406796 0.44013888388872036 1.0374373979866494 1.117769882082938 12.649401997216057 0.37217196333222091 0.22756526712328196
leaf_count=76 45 9 11 576 15 13
internal_value=0.00748395 0.0106247 0.00751037 0.00420934 -0.0768168 -0.0762945
internal_weight=28.9512 27.9113 26.8739 25.7561 1.03988 0.667704
internal_count=745 672 663 652 73 58
cat_boundaries=0 1
cat_threshold=2
is_linear=0
shrinkage=0.1


Tree=126
num_leaves=13
num_cat=6
split_feature=5 4 4 3 2 3 6 0 7 0 7 6
split_gain=0.377128 4.45429 2.70292 1.67452 0.910808 0.782091 0.261508 0.195911 0.176205 0.159128 0.180331 0.0506727
threshold=0 1 2 3 4 5 1.5000000000000002 1.5000000000000002 1.5000000000000002 2.5000000000000004 1.5000000000000002 1.5000000000000002
decision_type=1 9 9 1 1 1 2 2 2 2 2 2
left_child=1 9 6 4 -3 -4 7 -2 -5 10 -1 -7
right_child=2 3 5 8 -6 11 -8 -9 -10 -11 -12 -13
leaf_value=-0.086712644007236786 -0.055173910338689784 0.052946983018146689 -0.01645799850166612 0.0079725904199146602 -0.012514854917569082 0.020551284100631895 -0.06860679833874346 -0.023995071383404943 -0.015518512443073741 -0.039684797661227698 -0.048871142417671841 0.032856672584445641
leaf_weight=3.2913911086507142 3.3212558440864068 14.905722586438058 5.7237543761730194 6.2297006547451037 2.4789242371916798 5.862516716122629 3.5481066405773172 5.1252183299511671 6.5507394876331091 2.091111071407795 2.0397313237190247 7.7972982078790665
leaf_count=139 72 227 27 26 20 19 12 94 32 39 7 31
internal_value=-0.000421264 0.00633523 -0.00851474 0.0234111 0.0436126 0.0145729 -0.0458249 -0.036255 -0.004068 -0.0630638 -0.0722342 0.0275754
internal_weight=68.9655 37.5873 31.3782 30.1651 17.3846 19.3836 11.9946 8.44647 12.7804 7.42223 5.33112 13.6598
internal_count=745 490 255 305 247 77 178 166 58 185 146 50
cat_boundaries=0 1 2 3 4 5 6
cat_threshold=2 2 4 1 1 2
is_linear=0
shrinkage=0.1


Tree=127
num_leaves=6
num_cat=0
split_feature=6 6 7 0 6
split_gain=0.277881 0.489608 0.363231 0.616625 0.274012
threshold=4.5000000000000009 3.5000000000000004 1.5000000000000002 3.5000000000000004 1.5000000000000002
decision_type=2 2 2 2 2
left_child=1 2 3 -1 -4
right_child=-2 -3 4 -5 -6
leaf_value=-0.00058907300442046819 -0.048996488731028125 0.063052255508629529 0.023826845669789834 -0.077897642052819766 -0.0058979235830980284
leaf_weight=9.0572960772551685 0.86825265735387702 1.5491098389029492 10.530593761242924 1.1643631160259236 4.3957445374689987
leaf_count=445 18 20 166 49 47
internal_value=0.00667802 0.00848869 0.00512759 -0.0093954 0.015073
internal_weight=27.5654 26.6971 25.148 10.2217 14.9263
internal_count=745 727 707 494 213
is_linear=0
shrinkage=0.1


Tree=128
num_leaves=11
num_cat=6
split_feature=6 7 5 4 4 5 0 3 3 6
split_gain=1.45611 1.17089 0.336648 9.22854 4.82782 0.00329087 0.00160716 0.0001679 5.94852e-05 7.44567e-06
threshold=2.5000000000000004 2.5000000000000004 0 1 2 3 1.5000000000000002 4 5 3.5000000000000004
decision_type=2 2 1 9 9 1 2 1 1 2
left_child=1 2 3 -1 -4 7 -3 9 -8 -2
right_child=5 6 4 -5 -6 -7 8 -9 -10 -11
leaf_value=0.04812396891279562 -0.075631173928999429 -0.083509577197541957 0.043616178151381739 -0.076397481279100884 -0.039237716399697906 -0.084297980366842218 -0.076479448792144133 -0.078036287595744283 -0.077776064963209782 -0.076256031204677666
leaf_weight=12.99179613776505 0.37181443069130182 0.54498984105884929 15.98007002286613 10.983430717140436 12.560622215270996 1.0325973732396951 0.71766748838126648 0.7823749603703618 0.69790071644820262 0.39147719601169229
leaf_count=183 34 11 177 158 48 20 48 21 22 23
internal_value=-0.00649379 -0.00301835 -0.000185662 -0.00892128 0.00715258 -0.0799269 -0.0788952 -0.0770068 -0.0771187 -0.0759517
internal_weight=57.0547 54.4765 52.5159 23.9752 28.5407 2.57826 1.96056 1.54567 1.41557 0.763292
internal_count=745 647 566 341 225 98 81 78 70 57
cat_boundaries=0 1 2 3 4 5 6
cat_threshold=2 2 4 2 1 1
is_linear=0
shrinkage=0.1


Tree=129
num_leaves=6
num_cat=0
split_feature=7 6 0 7 6
split_gain=0.722302 0.698216 0.609546 0.426382 4.24162e-05
threshold=5.5000000000000009 5.5000000000000009 3.5000000000000004 2.5000000000000004 2.5000000000000004
decision_type=2 2 2 2 2
left_child=1 2 3 -1 -4
right_child=-2 -3 4 -5 -6
leaf_value=0.010699522629270548 0.090744917287421317 0.08328167634980467 -0.07619867657119779 -0.02107611795790856 -0.077576774577308202
leaf_weight=20.266073450446143 1.0023076273500908 1.0764933973550785 0.62083152844570477 5.3344427021220318 0.34883493953384459
leaf_count=584 9 11 58 68 15
internal_value=0.00735267 0.00432935 0.00113059 0.00407835 -0.0766944
internal_weight=28.649 27.6467 26.5702 25.6005 0.969666
internal_count=745 736 725 652 73
is_linear=0
shrinkage=0.1


Tree=130
num_leaves=13
num_cat=6
split_feature=5 4 4 3 2 3 6 0 6 0 7 6
split_gain=0.355679 4.04463 2.39664 1.47988 0.843784 0.699348 0.233481 0.182078 0.163552 0.15245 0.189921 0.0399643
threshold=0 1 2 3 4 5 1.5000000000000002 1.5000000000000002 2.5000000000000004 2.5000000000000004 1.5000000000000002 1.5000000000000002
decision_type=1 9 9 1 1 1 2 2 2 2 2 2
left_child=1 9 6 4 -3 11 7 -2 -5 10 -1 -4
right_child=2 3 5 8 -6 -7 -8 -9 -10 -11 -12 -13
leaf_value=-0.086033525192618629 -0.053370928962868547 0.051592410093430165 0.019631530860425458 0.0057632701573996211 -0.011373651643060411 -0.015962257494627232 -0.065590080869999262 -0.022873757742680155 -0.017673605738635381 -0.038073797152319649 -0.046579260848006371 0.030602370779241023
leaf_weight=3.0841772588901222 3.1984771899878961 14.260717314667998 5.8487730100750923 7.8743140464648622 2.5015540271997478 5.6756531968712816 3.4810675382614145 5.0463175512850285 4.7880433946847916 2.0383947640657425 2.0186240077018738 7.6810218915343285
leaf_count=139 72 227 19 37 20 27 12 94 21 39 7 31
internal_value=-0.000357069 0.00631942 -0.00824976 0.0227039 0.0421955 0.0135004 -0.0438737 -0.0347048 -0.00309896 -0.0611912 -0.0704258 0.0258598
internal_weight=67.4971 36.5658 30.9313 29.4246 16.7623 19.2054 11.7259 8.24479 12.6624 7.1412 5.1028 13.5298
internal_count=745 490 255 305 247 77 178 166 58 185 146 50
cat_boundaries=0 1 2 3 4 5 6
cat_threshold=2 2 4 1 1 1
is_linear=0
shrinkage=0.1


Tree=131
num_leaves=6
num_cat=3
split_feature=7 7 1 3 2
split_gain=0.288633 0.596912 0.20763 0.877933 0.812787
threshold=4.5000000000000009 3.5000000000000004 0 1 2
decision_type=2 2 1 1 1
left_child=1 2 3 -1 -4
right_child=-2 -3 4 -5 -6
leaf_value=0.051988195594627355 -0.049154424477195278 0.073046642339148204 -0.078147732886292662 -0.011024107410172746 0.0049077872339708326
leaf_weight=4.0218549519777298 0.89472814556211133 1.3630221094936121 1.2790529173798859 4.9111196100711823 14.951513455249376
leaf_count=21 16 18 66 25 599
internal_value=0.00670852 0.00859275 0.00510151 0.0173457 -0.00163742
internal_weight=27.4213 26.5266 25.1635 8.93297 16.2306
internal_count=745 729 711 46 665
cat_boundaries=0 1 2 3
cat_threshold=2 1 2
is_linear=0
shrinkage=0.1


Tree=132
num_leaves=11
num_cat=5
split_feature=6 7 3 1 0 5 0 3 3 6
split_gain=1.33907 1.07032 0.430212 0.596543 0.553687 0.00296321 0.00144613 0.000138535 5.06166e-05 5.97427e-06
threshold=2.5000000000000004 2.5000000000000004 0 1 2.5000000000000004 2 1.5000000000000002 3 4 3.5000000000000004
decision_type=2 2 1 1 2 1 2 1 1 2
left_child=1 2 3 -1 -4 7 -3 9 -8 -2
right_child=5 6 4 -5 -6 -7 8 -9 -10 -11
leaf_value=-0.0083052831294084927 -0.075556032564688472 -0.083240875494691335 0.049622838502684799 0.040271907687084073 0.00033226774999214686 -0.084059765371061468 -0.077595655020351803 -0.077844429121457101 -0.076345498861641589 -0.07614835185361811
leaf_weight=37.732291337102652 0.32819543592631806 0.51452191919088264 3.5812430791556817 2.7095321342349044 6.2670767698436975 0.97265002317726534 0.65170685923658311 0.73157239798456442 0.64380193315446355 0.35390899190679193
leaf_count=457 34 11 46 17 46 20 22 21 48 23
internal_value=-0.00656075 -0.00320567 -0.000486488 -0.0050507 0.0182563 -0.0798115 -0.0787557 -0.0768886 -0.0769744 -0.0758634
internal_weight=54.4865 52.1002 50.2901 40.4418 9.84832 2.38633 1.81003 1.41368 1.29551 0.682104
internal_count=745 647 566 474 92 98 81 78 70 57
cat_boundaries=0 1 2 3 4 5
cat_threshold=1 1 2 1 2
is_linear=0
shrinkage=0.1


Tree=133
num_leaves=5
num_cat=0
split_feature=7 6 6 7
split_gain=0.683276 0.663968 0.770468 0.665598
threshold=5.5000000000000009 4.5000000000000009 3.5000000000000004 1.5000000000000002
decision_type=2 2 2 2
left_child=1 2 3 -1
right_child=-2 -3 -4 -5
leaf_value=-0.011518831370906039 0.090249058544589297 0.056410287736224321 -0.081562766178548046 0.021990123168922376
leaf_weight=13.135721501894308 0.96217103116214175 2.2607034519314757 1.1115771075710643 10.802665355615316
leaf_count=494 9 18 20 204
internal_value=0.00742559 0.00450767 -0.000176428 0.00360274
internal_weight=28.2728 27.3107 25.05 23.9384
internal_count=745 736 718 698
is_linear=0
shrinkage=0.1


Tree=134
num_leaves=9
num_cat=4
split_feature=7 5 4 4 0 3 6 0
split_gain=0.297942 0.449213 3.65394 1.75612 1.5816 0.520686 0.205866 0.150995
threshold=4.5000000000000009 0 1 2 1.5000000000000002 3 1.5000000000000002 2.5000000000000004
decision_type=2 1 9 9 2 1 2 2
left_child=1 2 7 6 -4 -5 -3 -1
right_child=-2 3 4 5 -6 -7 -8 -9
leaf_value=-0.067364366685529573 -0.040704208857166385 -0.03087203934062667 -0.012419926130673321 -0.015161920436170401 0.040349581897370264 0.021370219413620339 -0.060501282482412821 -0.034118902011266619
leaf_weight=4.7650343808345497 1.7980390563607205 7.777716351673007 8.0741922445595282 5.5724148824810982 19.152658925391734 13.010695062577726 3.3572166562080383 1.9152629151940344
leaf_count=146 16 166 100 26 192 48 12 39
internal_value=-0.000560719 0.000573731 0.00844013 -0.00840153 0.0247006 0.0104155 -0.0398053 -0.0578328
internal_weight=65.4232 63.6252 33.9071 29.718 27.2269 18.5831 11.1349 6.6803
internal_count=745 729 477 252 292 74 178 185
cat_boundaries=0 1 2 3 4
cat_threshold=2 2 4 2
is_linear=0
shrinkage=0.1


Tree=135
num_leaves=6
num_cat=0
split_feature=6 6 7 0 6
split_gain=0.268061 0.46749 0.252359 0.599309 0.238163
threshold=4.5000000000000009 3.5000000000000004 1.5000000000000002 3.5000000000000004 1.5000000000000002
decision_type=2 2 2 2 2
left_child=1 2 3 -1 -4
right_child=-2 -3 4 -5 -6
leaf_value=0.0014289835071174956 -0.04904761783088625 0.062112846193438279 0.021585960656477998 -0.077726128947879392 -0.006207464985148679
leaf_weight=8.8513594840187668 0.83386200177483161 1.534085489809512 10.542962620966135 1.072405976243316 4.3573676622472695
leaf_count=445 18 20 166 49 47
internal_value=0.00677455 0.00854052 0.00522985 -0.00712487 0.0134582
internal_weight=27.192 26.3582 24.8241 9.92377 14.9003
internal_count=745 727 707 494 213
is_linear=0
shrinkage=0.1


Tree=136
num_leaves=11
num_cat=5
split_feature=6 7 3 1 0 5 0 3 3 6
split_gain=1.21179 0.963975 0.382405 0.552311 0.50268 0.00265211 0.001347 0.000102222 3.71627e-05 4.26593e-06
threshold=2.5000000000000004 2.5000000000000004 0 1 3.5000000000000004 2 1.5000000000000002 3 4 3.5000000000000004
decision_type=2 2 1 1 2 1 2 1 1 2
left_child=1 2 3 -1 -4 -2 -3 9 -8 -7
right_child=5 6 4 -5 -6 7 8 -9 -10 -11
leaf_value=-0.0087472254542409686 -0.083755578402340852 -0.083032664545642926 -0.0014793774338160068 0.038098527216914972 0.045220916321024665 -0.075500322063465533 -0.076222678155938944 -0.077563736520290527 -0.077348213000429752 -0.076028486817328378
leaf_weight=37.292823702096939 0.91619752673432142 0.49054726772010226 5.9806440435349923 2.6989112421870223 3.7502070739865303 0.29563520196825266 0.57919935788959254 0.66563588194549106 0.59440516727045167 0.31679055350832641
leaf_count=457 20 11 65 17 27 34 48 21 22 23
internal_value=-0.00687317 -0.00376556 -0.00125987 -0.00558576 0.0165186 -0.0796494 -0.0786321 -0.0767059 -0.0767927 -0.0757735
internal_weight=53.581 51.3867 49.7226 39.9917 9.73085 2.19426 1.66415 1.27806 1.1736 0.612426
internal_count=745 647 566 474 92 98 81 78 70 57
cat_boundaries=0 1 2 3 4 5
cat_threshold=1 1 1 1 1
is_linear=0
shrinkage=0.1


Tree=137
num_leaves=7
num_cat=0
split_feature=0 7 6 7 6 7
split_gain=0.655549 0.555908 0.595687 0.428876 2.96715e-05 9.97197e-06
threshold=3.5000000000000004 5.5000000000000009 5.5000000000000009 2.5000000000000004 2.5000000000000004 2.5000000000000004
decision_type=2 2 2 2 2 2
left_child=1 2 3 -1 5 -2
right_child=4 -3 -4 -5 -6 -7
leaf_value=0.011458235995277221 -0.07582874581914395 0.088398778111542967 0.082854607499602828 -0.020602900178119252 -0.077327928496463 -0.076708171413524415
leaf_weight=19.971270485315486 0.3810601532459249 0.88415611162781615 1.0160495489835728 5.2741298070177427 0.3194990623742342 0.19487966131418943
leaf_count=584 45 9 11 68 15 13
internal_value=0.00763044 0.0104074 0.00778166 0.0047602 -0.0765551 -0.0761263
internal_weight=28.041 27.1456 26.2614 25.2454 0.895439 0.57594
internal_count=745 672 663 652 73 58
is_linear=0
shrinkage=0.1


Tree=138
num_leaves=8
num_cat=2
split_feature=3 0 1 0 0 7 0
split_gain=0.30393 2.90823 2.11059 1.37593 1.14691 1.12795 0.508694
threshold=0 1.5000000000000002 1 2.5000000000000004 3.5000000000000004 1.5000000000000002 2.5000000000000004
decision_type=1 2 1 2 2 2 2
left_child=2 -2 4 -3 6 -5 -1
right_child=1 3 -4 5 -6 -7 -8
leaf_value=0.014155097734053629 -0.10786478201489738 0.04952950222658823 -0.063491034960672973 -0.050132203858252636 0.090514893583341291 0.012940528157812346 -0.011521810730036114
leaf_weight=29.067818880081177 2.6705503445118692 4.8251415537670281 4.2113027935847631 4.9529938194900733 1.7303157178685058 6.6316742920316756 10.50368391536176
leaf_count=450 30 35 21 47 35 34 93
internal_value=-0.000493593 -0.0110878 0.00394778 0.00466183 0.0108241 -0.014026 0.00733953
internal_weight=64.5935 19.0804 45.5131 16.4098 41.3018 11.5847 39.5715
internal_count=745 146 599 116 578 81 543
cat_boundaries=0 1 2
cat_threshold=1 1
is_linear=0
shrinkage=0.1


Tree=139
num_leaves=6
num_cat=3
split_feature=7 7 1 3 2
split_gain=0.293188 0.519503 0.201652 0.803844 0.754601
threshold=4.5000000000000009 3.5000000000000004 0 1 2
decision_type=2 2 1 1 1
left_child=1 2 3 -1 -4
right_child=-2 -3 4 -5 -6
leaf_value=0.05050864274115964 -0.050500949805568573 0.06941231305477763 -0.077980629322765616 -0.0097849940853214547 0.0049114218562444668
leaf_weight=4.0428278297185898 0.86274646501988073 1.3394709387794126 1.1860640614759177 4.8806537538766861 14.829074297798805
leaf_count=21 16 18 66 25 599
internal_value=0.00686009 0.00874334 0.00548476 0.0175313 -0.00122748
internal_weight=27.1408 26.2781 24.9386 8.92348 16.0151
internal_count=745 729 711 46 665
cat_boundaries=0 1 2 3
cat_threshold=2 1 2
is_linear=0
shrinkage=0.1


Tree=140
num_leaves=11
num_cat=7
split_feature=6 2 5 4 3 0 1 5 3 6
split_gain=1.13055 0.402978 0.25462 0.287925 0.249315 0.908701 0.382863 0.00201719 8.39583e-05 3.26981e-06
threshold=2.5000000000000004 0 1 2 3 1.5000000000000002 4 5 6 3.5000000000000004
decision_type=2 1 1 9 1 2 1 1 1 2
left_child=1 4 3 -3 6 -6 -1 8 9 -2
right_child=7 2 -4 -5 5 -7 -8 -9 -10 -11
leaf_value=-0.0057465646750258772 -0.075452620862590261 -0.062364302094967544 0.0032360515955711755 -0.011878738497371833 0.072634882737971085 -0.0062121138360082028 0.03276514208475699 -0.082990254376987316 -0.077397572363900449 -0.075938069897758545
leaf_weight=35.080511115025729 0.2672580457292496 2.4780998369678855 2.029666155576705 2.0760112777352333 2.0995058808475724 4.8112865764414892 2.7864589840173712 0.85075776092708033 0.61940899863839161 0.28856160491704941
leaf_count=482 34 33 19 21 28 45 19 20 21 23
internal_value=-0.00601162 -0.00312144 -0.0262216 -0.0393502 0.000275034 0.0177417 -0.00291266 -0.0792816 -0.0765969 -0.0757046
internal_weight=53.3875 51.3615 6.58378 4.55411 44.7778 6.91079 37.867 2.02599 1.17523 0.55582
internal_count=745 647 73 54 574 73 501 98 78 57
cat_boundaries=0 1 2 3 4 5 6 7
cat_threshold=1 2 4 1 1 2 1
is_linear=0
shrinkage=0.1


Tree=141
num_leaves=7
num_cat=1
split_feature=0 6 7 2 6 7
split_gain=0.579282 0.517573 0.551463 0.403382 2.5318e-05 7.7922e-06
threshold=3.5000000000000004 5.5000000000000009 5.5000000000000009 0 2.5000000000000004 2.5000000000000004
decision_type=2 2 2 1 2 2
left_child=1 2 3 -1 5 -2
right_child=4 -3 -4 -5 -6 -7
leaf_value=0.016062814202876342 -0.075752506637216846 0.082163491441083342 0.087175660693303764 -0.0091721669286185734 -0.077187449649957718 -0.076570757447325138
leaf_weight=13.088185824453831 0.34626112435944278 0.93533770740032096 0.81991830281913181 12.275707636028539 0.29439858312252909 0.17530407151207328
leaf_count=76 45 11 9 576 15 13
internal_value=0.00657197 0.00906982 0.00645877 0.0038495 -0.076446 -0.0760275
internal_weight=27.9351 27.1191 26.1838 25.3639 0.815964 0.521565
internal_count=745 672 661 652 73 58
cat_boundaries=0 1
cat_threshold=2
is_linear=0
shrinkage=0.1


Tree=142
num_leaves=8
num_cat=4
split_feature=3 0 1 1 0 6 5
split_gain=0.260325 2.62175 1.60469 1.24458 0.929785 0.404187 0.403128
threshold=0 1.5000000000000002 1 2 3.5000000000000004 2.5000000000000004 3
decision_type=1 2 1 1 2 2 1
left_child=2 -2 4 -3 5 -1 -5
right_child=1 3 -4 6 -6 -7 -8
leaf_value=0.0028994239674722533 -0.10477575278309617 0.052776945848864568 -0.054658529966480296 -0.036430755343126335 0.081007116997508732 0.034633089403267404 0.0017168024461960551
leaf_weight=34.868202345445752 2.5419108592905131 4.01157196611166 4.273603528738021 4.2170873619616005 1.7518118331208814 4.5357844457030287 8.0739424098283088
leaf_count=485 30 25 21 35 35 58 56
internal_value=-0.000433709 -0.0103151 0.00366517 0.0044133 0.00972148 0.00655228 -0.0113717
internal_weight=64.2739 18.8445 45.4294 16.3026 41.1558 39.404 12.291
internal_count=745 146 599 116 578 543 91
cat_boundaries=0 1 2 3 4
cat_threshold=1 1 2 1
is_linear=0
shrinkage=0.1


Tree=143
num_leaves=6
num_cat=3
split_feature=7 7 1 2 3
split_gain=0.257057 0.426665 0.155295 0.696395 0.585821
threshold=4.5000000000000009 3.5000000000000004 0 1 2
decision_type=2 2 1 1 1
left_child=1 2 4 -4 -1
right_child=-2 -3 3 -5 -6
leaf_value=0.042660811419392652 -0.048071603856405853 0.06281683982885794 -0.077795660994820146 0.0046227015550189049 -0.0083107586844513442
leaf_weight=4.204349011182785 0.84952573943883081 1.3387874509207893 1.1011715526692569 14.859370254445826 4.8626699671149254
leaf_count=21 16 18 66 599 25
internal_value=0.00607119 0.00781568 0.00487353 -0.00106362 0.0153246
internal_weight=27.2159 26.3663 25.0276 15.9605 9.06702
internal_count=745 729 711 665 46
cat_boundaries=0 1 2 3
cat_threshold=2 2 1
is_linear=0
shrinkage=0.1


Tree=144
num_leaves=12
num_cat=7
split_feature=6 5 4 4 3 2 0 0 5 3 6
split_gain=1.04203 0.375262 7.89583 4.1777 1.49382 0.683404 0.190238 0.122941 0.00154121 6.77692e-05 2.33311e-06
threshold=2.5000000000000004 0 1 2 3 4 2.5000000000000004 1.5000000000000002 5 6 3.5000000000000004
decision_type=2 1 9 9 1 1 2 2 1 1 2
left_child=1 2 5 7 -4 -1 -5 -3 -2 10 -10
right_child=8 3 4 6 -6 -7 -8 -9 9 -11 -12
leaf_value=-0.010094834620948562 -0.08230379679977437 0.052495818262712372 -0.10156770288181818 -0.047395768625815654 -0.024988623785180405 0.052244422532732031 -0.02159356991912291 0.033576966781589793 -0.075402973931288128 -0.077225215001927541 -0.075837428356645711
leaf_weight=2.1105229742825031 0.79296158906072267 5.1991932578384885 7.046365775167942 7.9239878468215466 3.9894910977454856 10.544624645262955 4.4690905511379242 10.121731545776127 0.23777299234643579 0.57433141116052844 0.25744090275838971
leaf_count=21 20 74 190 36 37 164 22 103 34 21 23
internal_value=-0.00548413 -0.00282184 -0.0120629 0.00507779 -0.0738842 0.041848 -0.0380912 0.0399971 -0.078963 -0.0764861 -0.0756288
internal_weight=53.2675 51.405 23.691 27.714 11.0359 12.6551 12.3931 15.3209 1.86251 1.06955 0.495214
internal_count=745 647 412 235 227 185 58 177 98 78 57
cat_boundaries=0 1 2 3 4 5 6 7
cat_threshold=2 2 4 1 2 1 1
is_linear=0
shrinkage=0.1


Tree=145
num_leaves=6
num_cat=1
split_feature=6 7 7 7 2
split_gain=0.53159 0.542809 0.651534 0.995691 0.459313
threshold=5.5000000000000009 4.5000000000000009 2.5000000000000004 1.5000000000000002 0
decision_type=2 2 2 2 1
left_child=1 2 3 -1 -4
right_child=-2 -3 4 -5 -6
leaf_value=-0.0079000422432158931 0.08182765017037319 0.056966539300304132 -0.011892193933691959 0.039311214112970602 -0.080257739538818818
leaf_weight=14.160466024419305 0.89280886203050513 1.7662875819951285 2.8283854052424431 6.5258911419659844 1.505990792531519
leaf_count=504 11 16 15 140 59
internal_value=0.00591929 0.00338928 -0.000392902 0.00699362 -0.035646
internal_weight=27.6798 26.787 25.0207 20.6864 4.33438
internal_count=745 734 718 644 74
cat_boundaries=0 1
cat_threshold=2
is_linear=0
shrinkage=0.1


Tree=146
num_leaves=13
num_cat=6
split_feature=5 4 4 3 2 3 0 6 0 0 7 6
split_gain=0.23397 3.15965 1.93212 1.29405 1.02412 0.600741 0.219047 0.200386 0.164239 0.143756 0.205171 0.0254013
threshold=0 1 2 3 4 5 2.5000000000000004 1.5000000000000002 1.5000000000000002 2.5000000000000004 1.5000000000000002 1.5000000000000002
decision_type=1 9 9 1 1 1 2 2 2 2 2 2
left_child=1 9 7 4 -3 11 -5 8 -2 10 -1 -4
right_child=2 3 5 6 -6 -7 -8 -9 -10 -11 -12 -13
leaf_value=-0.084236525974340185 -0.049631814743389395 -0.021024144574609729 0.019338611121570551 0.009403116995297783 0.051094836647309322 -0.015040942480965803 -0.017055042773725899 -0.060485562842120137 -0.019759238082454115 -0.033930410456350937 -0.041684389615581997 0.028178246541955949
leaf_weight=2.7080905246548355 2.9650933505035937 2.3292770609259605 5.7346569150686264 6.3841250687837601 12.730954241938887 5.4718750789761552 6.1371028595604002 3.2968837916851044 4.8524997998028994 1.9228395316749809 1.9483333528041837 7.5052294209599495
leaf_count=139 72 20 19 25 227 27 33 12 94 39 7 31
internal_value=-0.000313768 0.00533651 -0.00678517 0.0201903 0.0399406 0.0128306 -0.00356498 -0.0398092 -0.0310894 -0.0569331 -0.0664319 0.0243495
internal_weight=63.987 34.1607 29.8262 27.5815 15.0602 18.7118 12.5212 11.1145 7.81759 6.57926 4.65642 13.2399
internal_count=745 490 255 305 247 77 58 178 166 185 146 50
cat_boundaries=0 1 2 3 4 5 6
cat_threshold=2 2 4 1 2 1
is_linear=0
shrinkage=0.1


Tree=147
num_leaves=6
num_cat=0
split_feature=6 6 7 6 6
split_gain=0.26355 0.486196 0.179535 0.601902 0.215528
threshold=4.5000000000000009 3.5000000000000004 1.5000000000000002 1.5000000000000002 1.5000000000000002
decision_type=2 2 2 2 2
left_child=1 2 3 -1 -4
right_child=-2 -3 4 -5 -6
leaf_value=-0.03326758480095713 -0.050507858199910084 0.062346636016315217 0.018456294746929679 0.016148933750706897 -0.0078976450335336811
leaf_weight=4.5664600837044507 0.81653321301564474 1.5062656756490458 10.606789987534283 5.355485949665308 4.3865948338061562
leaf_count=339 18 20 166 155 47
internal_value=0.0054467 0.00717592 0.00384055 -0.00659444 0.010746
internal_weight=27.2381 26.4216 24.9153 9.92195 14.9934
internal_count=745 727 707 494 213
is_linear=0
shrinkage=0.1


Tree=148
num_leaves=12
num_cat=7
split_feature=6 5 4 4 3 2 0 0 5 3 6
split_gain=0.949762 0.320539 6.64224 3.37238 1.4762 0.609257 0.161096 0.111833 0.00136625 5.44796e-05 1.88763e-06
threshold=2.5000000000000004 0 1 2 3 4 2.5000000000000004 1.5000000000000002 5 6 3.5000000000000004
decision_type=2 1 9 9 1 1 2 2 1 1 2
left_child=1 2 5 7 -4 -1 -5 -3 9 10 -2
right_child=8 3 4 6 -6 -7 -8 -9 -10 -11 -12
leaf_value=-0.010832980269673274 -0.075355245075449787 0.048747536109135244 -0.10084096674878827 -0.043698601058358613 -0.022831288045404064 0.048479634487626183 -0.019828257754373704 0.030217676512590937 -0.082078438829610412 -0.077073005125977881 -0.075768676060009268
leaf_weight=2.0955200158059597 0.20986775099299848 4.8923957813531169 6.3749184217303991 7.6538564320653677 3.9157899080310017 9.9786236993968469 4.4834176190197468 9.7440946716815215 0.74494760669767746 0.53373487992212176 0.23309443471953273
leaf_count=21 34 74 190 36 37 164 22 103 20 21 23
internal_value=-0.00584696 -0.00328909 -0.012126 0.00409262 -0.071157 0.0381857 -0.0348811 0.0364115 -0.0788528 -0.0763926 -0.0755728
internal_weight=50.8603 49.1386 22.3649 26.7738 10.2907 12.0741 12.1373 14.6365 1.72164 0.976697 0.442962
internal_count=745 647 412 235 227 185 58 177 98 78 57
cat_boundaries=0 1 2 3 4 5 6 7
cat_threshold=2 2 4 1 2 2 1
is_linear=0
shrinkage=0.1


Tree=149
num_leaves=7
num_cat=1
split_feature=0 6 7 1 6 7
split_gain=0.525366 0.47457 0.501293 0.350314 2.27756e-05 4.17897e-06
threshold=3.5000000000000004 5.5000000000000009 5.5000000000000009 0 2.5000000000000004 1.5000000000000002
decision_type=2 2 2 1 2 2
left_child=1 2 3 -1 5 -2
right_child=4 -3 -4 -5 -6 -7
leaf_value=-0.027451570399233106 -0.075622170177301953 0.081619712963148655 0.086204289667670825 0.0081560563846123004 -0.077059244271401511 -0.076216464948083248
leaf_weight=3.1638929499313235 0.23815667920280148 0.85935073345899482 0.75775773823261161 21.801968618296101 0.27689381048548967 0.23515009833499789
leaf_count=36 40 11 9 616 15 18
internal_value=0.0061887 0.00851772 0.00607559 0.00364355 -0.0763389 -0.0759174
internal_weight=27.3332 26.583 25.7236 24.9659 0.750201 0.473307
internal_count=745 672 661 652 73 58
cat_boundaries=0 1
cat_threshold=2
is_linear=0
shrinkage=0.1


Tree=150
num_leaves=8
num_cat=4
split_feature=3 1 1 0 6 2 0
split_gain=0.195949 1.69343 1.37564 0.781288 0.357401 0.0839325 1.64621
threshold=0 1 2 3.5000000000000004 2.5000000000000004 3 1.5000000000000002
decision_type=1 1 1 2 2 1 2
left_child=2 -2 3 4 -1 -3 -7
right_child=1 5 -4 -5 -6 6 -8
leaf_value=0.0025354730470205744 0.047832414977694776 -0.016114538831022419 -0.050652792176877327 0.074770007647564266 0.033211528636717558 -0.10192936485599549 -0.0038056263005255548
leaf_weight=33.212786462157965 4.080758985131979 6.0526981577277184 4.276489630341529 1.7304236004129041 4.2884112084284416 2.3837405126541871 6.0471507054753602
leaf_count=485 25 37 21 35 58 30 54
internal_value=-0.000466032 -0.00906739 0.00320406 0.00907479 0.0060434 -0.0250989 -0.031549
internal_weight=62.0725 18.5643 43.5081 39.2316 37.5012 14.4836 8.43089
internal_count=745 146 599 578 543 121 84
cat_boundaries=0 1 2 3 4
cat_threshold=1 2 1 2
is_linear=0
shrinkage=0.1


Tree=151
num_leaves=6
num_cat=2
split_feature=6 6 1 6 3
split_gain=0.242915 0.415434 0.145165 1.02286 0.461839
threshold=4.5000000000000009 3.5000000000000004 0 2.5000000000000004 1
decision_type=2 2 1 2 1
left_child=1 2 4 -4 -1
right_child=-2 -3 3 -5 -6
leaf_value=0.038301085240065647 -0.048898364403493988 0.058039291040704516 0.0065926793563032653 -0.082540010315356349 -0.0067797342383351545
leaf_weight=4.2763023674488068 0.78729756339453061 1.5300045609474171 14.090537468437111 1.416950432816521 4.8497929573059082
leaf_count=21 18 20 608 53 25
internal_value=0.00583093 0.00747781 0.00433741 -0.00155155 0.0143442
internal_weight=26.9509 26.1636 24.6336 15.5075 9.1261
internal_count=745 727 707 661 46
cat_boundaries=0 1 2
cat_threshold=2 1
is_linear=0
shrinkage=0.1


Tree=152
num_leaves=11
num_cat=5
split_feature=6 2 0 0 3 0 1 5 3 6
split_gain=0.876915 0.293844 2.95076 0.277635 0.212778 0.674263 0.406191 0.00101455 4.51083e-05 1.33948e-06
threshold=2.5000000000000004 0 1.5000000000000002 2.5000000000000004 1 1.5000000000000002 2 3 4 3.5000000000000004
decision_type=2 1 2 2 1 2 1 1 1 2
left_child=1 4 -3 -4 6 -6 -1 8 9 -2
right_child=7 2 3 -5 5 -7 -8 -9 -10 -11
leaf_value=-0.0060844971530767044 -0.075317245280925593 -0.13619801157685238 0.049733190847514444 -0.00083426722055480497 0.064342523324743703 -0.0043044449016377212 0.034632721745821785 -0.081416331092074648 -0.076941588771450881 -0.075686029141337902
leaf_weight=32.311055857688189 0.18718869588337839 1.6864611022174347 1.7527270074933765 2.8532528020441532 2.0457053538411847 4.7603504495928064 2.6510682068765155 0.68872150173410662 0.49903483875095844 0.2078516015317291
leaf_count=482 34 13 20 40 28 45 19 20 21 23
internal_value=-0.00529479 -0.00288286 -0.0230283 0.0184083 0.000152086 0.0163289 -0.00299704 -0.0785317 -0.0763096 -0.0755113
internal_weight=49.6434 48.0606 6.29244 4.60598 41.7682 6.80606 34.9621 1.5828 0.894075 0.39504
internal_count=745 647 73 60 574 73 501 98 78 57
cat_boundaries=0 1 2 3 4 5
cat_threshold=1 1 1 2 1
is_linear=0
shrinkage=0.1


Tree=153
num_leaves=6
num_cat=1
split_feature=6 7 0 2 6
split_gain=0.479548 0.488155 0.362395 5.9898 0.931983
threshold=5.5000000000000009 5.5000000000000009 1.5000000000000002 0 3.5000000000000004
decision_type=2 2 2 1 2
left_child=1 2 3 -1 -4
right_child=-2 -3 4 -5 -6
leaf_value=-0.034791380212936977 0.081303605666421599 0.085314903340179007 0.00056855594730130423 0.17062827436644531 -0.08149547093386772
leaf_weight=5.3003482948988774 0.8185451403260221 0.71077406406402488 16.714997513685379 1.9386691749095915 1.508812972344457
leaf_count=255 11 9 432 13 25
internal_value=0.00593201 0.00357486 0.00129315 0.0202217 -0.00622581
internal_weight=26.9921 26.1736 25.4628 7.23902 18.2238
internal_count=745 734 725 268 457
cat_boundaries=0 1
cat_threshold=1
is_linear=0
shrinkage=0.1


Tree=154
num_leaves=8
num_cat=4
split_feature=3 1 1 0 6 2 0
split_gain=0.184977 1.4156 1.12844 0.651743 0.339563 0.0912954 1.48198
threshold=0 1 2 3.5000000000000004 2.5000000000000004 3 1.5000000000000002
decision_type=1 1 1 2 2 1 2
left_child=2 -2 3 4 -1 -3 -7
right_child=1 5 -4 -5 -6 6 -8
leaf_value=0.0020850585981287998 0.042190590298115803 -0.014689061418760902 -0.045586076449354987 0.068189492408616714 0.032448303647313832 -0.09984708297717293 -0.0048212680693900329
leaf_weight=32.421034272760153 4.1682835966348648 6.0114780063740909 4.3108959519304326 1.7391560524702061 4.1552433464676133 2.261790018295871 5.9814266772009432
leaf_count=485 25 37 21 35 58 30 54
internal_value=-0.000697897 -0.00907084 0.00292086 0.00837841 0.00553447 -0.0240604 -0.0308946
internal_weight=61.0493 18.423 42.6263 38.3154 36.5763 14.2547 8.24322
internal_count=745 146 599 578 543 121 84
cat_boundaries=0 1 2 3 4
cat_threshold=1 2 1 2
is_linear=0
shrinkage=0.1


Tree=155
num_leaves=6
num_cat=1
split_feature=7 7 0 6 4
split_gain=0.241207 0.390553 0.120764 0.455765 0.356668
threshold=4.5000000000000009 3.5000000000000004 2.5000000000000004 1.5000000000000002 0
decision_type=2 2 2 2 9
left_child=1 2 3 -1 -4
right_child=-2 -3 4 -5 -6
leaf_value=-0.0050142132515187694 -0.048424610407936365 0.061146434541241447 0.018903607116889123 0.02866465635236437 -0.022976502470072106
leaf_weight=9.4695594152435785 0.8074211273342361 1.270584781654178 3.4921669291798025 6.9798743068240574 4.8684644745662791
leaf_count=380 16 18 118 145 68
internal_value=0.00540538 0.00707188 0.00430259 0.00927651 -0.00548353
internal_weight=26.8881 26.0806 24.8101 16.4494 8.36063
internal_count=745 729 711 525 186
cat_boundaries=0 1
cat_threshold=4
is_linear=0
shrinkage=0.1


Tree=156
num_leaves=12
num_cat=7
split_feature=7 5 4 4 3 2 0 0 0 3 4
split_gain=0.828472 0.211204 6.58087 3.0069 1.27603 0.492104 0.152741 0.112237 0.00160045 2.47365e-05 2.07056e-05
threshold=2.5000000000000004 0 1 2 3 4 2.5000000000000004 2.5000000000000004 1.5000000000000002 5 6
decision_type=2 1 9 9 1 1 2 2 2 1 9
left_child=1 2 5 7 -4 -1 -5 -3 -2 10 -10
right_child=8 3 4 6 -6 -7 -8 -9 9 -11 -12
leaf_value=-0.00069130779857503222 -0.083539962764998699 0.028946207185366665 -0.098880055141797221 -0.04200758214029765 -0.025241421065658399 0.051104152708974865 -0.01883731366896884 0.049039226883315072 -0.07541627646452409 -0.076986155802433384 -0.076779387027286289
leaf_weight=2.2786130681633949 0.48484849091619142 10.883287686854599 5.9835900084581226 7.557987742125988 3.8783804960548878 9.4073839103803021 4.5625816732645035 3.7337281089276084 0.27068601595237851 0.51548629812896252 0.1894145724363625
leaf_count=21 11 138 198 37 38 162 21 40 43 24 12
internal_value=-0.00464017 -0.00239581 -0.00976298 0.00354144 -0.0699205 0.0410047 -0.0332855 0.0340787 -0.0788442 -0.0765104 -0.0759774
internal_weight=49.746 48.2856 21.548 26.7376 9.86197 11.686 12.1206 14.617 1.46044 0.975587 0.460101
internal_count=745 655 419 236 236 183 58 178 90 79 55
cat_boundaries=0 1 2 3 4 5 6 7
cat_threshold=2 2 4 1 2 1 4
is_linear=0
shrinkage=0.1


Tree=157
num_leaves=6
num_cat=1
split_feature=6 7 7 7 2
split_gain=0.463803 0.455246 0.553887 0.859685 0.409298
threshold=5.5000000000000009 4.5000000000000009 2.5000000000000004 1.5000000000000002 0
decision_type=2 2 2 2 1
left_child=1 2 3 -1 -4
right_child=-2 -3 4 -5 -6
leaf_value=-0.0079355218525621087 0.081007974900401306 0.054149088417007864 -0.012264975958668352 0.036070324471899916 -0.079628694518521559
leaf_weight=13.861392055638147 0.78072409331798454 1.6189442723989476 2.7927104718983173 6.531003564130514 1.3322296878322948
leaf_count=504 11 16 15 140 59
internal_value=0.00505818 0.00278946 -0.00060195 0.00615808 -0.0340214
internal_weight=26.917 26.1363 24.5173 20.3924 4.12494
internal_count=745 734 718 644 74
cat_boundaries=0 1
cat_threshold=2
is_linear=0
shrinkage=0.1


Tree=158
num_leaves=13
num_cat=5
split_feature=5 4 4 0 3 6 3 6 0 0 7 6
split_gain=0.20403 2.44174 1.35895 0.893683 2.14412 1.39014 0.622934 0.197474 0.281891 0.128411 2.0462 0.0184657
threshold=0 1 2 1.5000000000000002 3 2.5000000000000004 4 1.5000000000000002 3.5000000000000004 2.5000000000000004 2.5000000000000004 1.5000000000000002
decision_type=1 9 9 2 1 2 1 2 2 2 2 2
left_child=1 9 7 4 -3 -5 -4 8 -2 10 -1 -8
right_child=2 3 6 5 -6 -7 11 -9 -10 -11 -12 -13
leaf_value=-0.088844622211982693 -0.019302685931648252 0.022492163281378388 -0.018686356122904323 0.050936687275057325 -0.097812743499550978 -0.0058416214427868254 0.017359638989040839 -0.056510354926925077 -0.079825868085524679 -0.029641715570898314 0.11180875701391171 0.02498319441291896
leaf_weight=3.7104432431515306 6.4723989996127784 5.2910374365747037 5.4423379078507423 11.704900200478734 2.0575191080570221 6.8273974149487904 5.6455343365669268 3.1252258270978928 0.87339725531637658 1.8151702806353567 0.58888369798660267 7.2670770213007927
leaf_count=144 150 92 27 133 10 70 19 12 16 39 2 31
internal_value=-0.000607262 0.00489026 -0.00670924 0.0183178 -0.011192 0.0300193 0.00969013 -0.0354561 -0.0264987 -0.0519446 -0.0613609 0.0216501
internal_weight=60.8213 31.9954 28.826 25.8809 7.34856 18.5323 18.3549 10.471 7.3458 6.1145 4.29933 12.9126
internal_count=745 490 255 305 102 203 77 178 166 185 146 50
cat_boundaries=0 1 2 3 4 5
cat_threshold=2 2 4 1 2
is_linear=0
shrinkage=0.1


Tree=159
num_leaves=6
num_cat=0
split_feature=6 6 7 0 6
split_gain=0.248032 0.391887 0.109466 0.556776 0.170641
threshold=4.5000000000000009 3.5000000000000004 1.5000000000000002 3.5000000000000004 1.5000000000000002
decision_type=2 2 2 2 2
left_child=1 2 3 -1 -4
right_child=-2 -3 4 -5 -6
leaf_value=0.0031335498121504999 -0.050702810705330129 0.05573628190926945 0.015687723654252774 -0.077542785842341089 -0.0078196397302449563
leaf_weight=8.6797963588032943 0.77924819313920934 1.5252811778336752 10.616432379465548 0.94896194781176824 4.3545892438851288
leaf_count=445 18 20 166 49 47
internal_value=0.0048919 0.00655016 0.00350043 -0.0048175 0.00885019
internal_weight=26.9043 26.1251 24.5998 9.62876 14.971
internal_count=745 727 707 494 213
is_linear=0
shrinkage=0.1


Tree=160
num_leaves=12
num_cat=7
split_feature=6 5 4 4 3 2 0 0 5 3 6
split_gain=0.782002 0.2549 5.30198 2.47442 1.18833 0.37423 0.124061 0.122645 0.000879698 3.52639e-05 7.48249e-07
threshold=2.5000000000000004 0 1 2 3 4 2.5000000000000004 1.5000000000000002 5 6 3.5000000000000004
decision_type=2 1 9 9 1 1 2 2 1 1 2
left_child=1 2 5 7 -4 -1 -5 -3 9 10 -2
right_child=8 3 4 6 -6 -7 -8 -9 -10 -11 -12
leaf_value=-0.0021682484129813989 -0.07525704746860197 0.045609099908125603 -0.097097501066236797 -0.038158822284968384 -0.024477635046886926 0.04336920697367333 -0.01697918884925043 0.025695281998404498 -0.08124675402855086 -0.076786718050674441 -0.07556307553602748
leaf_weight=2.2442738972604275 0.15166076715104282 4.6428155042231092 5.4687883942387998 7.2250658348202705 3.8324137739255093 9.2135674664750677 4.4808818083256483 9.2632054984569532 0.63176893186755367 0.45655002165585756 0.16884331789333373
leaf_count=21 34 74 190 36 37 164 22 103 20 21 23
internal_value=-0.0050787 -0.0028488 -0.0110841 0.00382609 -0.0671756 0.0344497 -0.0300515 0.0323439 -0.0784754 -0.0762223 -0.0754183
internal_weight=47.7798 46.371 20.759 25.612 9.3012 11.4578 11.7059 13.906 1.40882 0.777054 0.320504
internal_count=745 647 412 235 227 185 58 177 98 78 57
cat_boundaries=0 1 2 3 4 5 6 7
cat_threshold=2 2 4 1 2 2 1
is_linear=0
shrinkage=0.1


Tree=161
num_leaves=5
num_cat=0
split_feature=6 7 7 6
split_gain=0.416619 0.400451 0.49877 0.314899
threshold=5.5000000000000009 4.5000000000000009 3.5000000000000004 4.5000000000000009
decision_type=2 2 2 2
left_child=1 2 3 -1
right_child=-2 -3 -4 -5
leaf_value=0.00069477041228340353 0.08050186562342454 0.051989844766044048 -0.079768786882052467 0.063479267951249016
leaf_weight=22.659992796950988 0.72301992774009605 1.6001765308901656 0.75307328579947252 0.82804390788078208
leaf_count=696 11 16 18 4
internal_value=0.00563285 0.00353807 0.000339727 0.00290817
internal_weight=26.5643 25.8413 24.2411 23.488
internal_count=745 734 718 700
is_linear=0
shrinkage=0.1


Tree=162
num_leaves=12
num_cat=4
split_feature=5 4 0 4 6 2 6 0 0 7 7
split_gain=0.15922 1.97652 1.03366 2.64101 1.28562 0.853442 1.69591 0.459689 0.1336 1.76308 8.81654e-05
threshold=0 1 1.5000000000000002 2 2.5000000000000004 3 3.5000000000000004 3.5000000000000004 2.5000000000000004 2.5000000000000004 1.5000000000000002
decision_type=1 9 2 9 2 1 2 2 2 2 2
left_child=1 8 3 -2 7 6 -3 -4 9 -1 -7
right_child=2 5 4 -5 -6 10 -8 -9 -10 -11 -12
leaf_value=-0.085909845291137557 0.074823248555770439 0.044677900231213999 -0.020818156422465817 -0.042101489262473889 0.037822683734565953 -0.0062916019913071318 -0.053916719003125946 -0.061025266902050658 -0.025722639539342458 0.10633803536335196 -0.0057018768485756349
leaf_weight=3.4232297865673904 4.4925896227359772 12.962424411438404 13.306050535291439 3.389037671498957 3.4186586365103713 4.4687923118472135 2.0159260183572778 3.6163565684109917 1.7139713875949381 0.554274022579193 5.8587768450379372
leaf_count=144 17 232 113 75 19 20 23 31 39 2 30
internal_value=-0.000763994 0.00418368 -0.0061981 0.0245465 -0.0181108 0.0161591 0.0314081 -0.0294105 -0.0490623 -0.0591197 -0.00595705
internal_weight=59.2201 30.9974 28.2227 7.88163 20.3411 25.3059 14.9784 16.9224 5.69148 3.9775 10.3276
internal_count=745 490 255 92 163 305 255 144 185 146 50
cat_boundaries=0 1 2 3 4
cat_threshold=2 2 2 1
is_linear=0
shrinkage=0.1


Tree=163
num_leaves=6
num_cat=2
split_feature=6 6 1 6 4
split_gain=0.234066 0.312907 0.106577 0.941866 0.403221
threshold=4.5000000000000009 3.5000000000000004 0 2.5000000000000004 1
decision_type=2 2 1 2 9
left_child=1 2 4 -4 -1
right_child=-2 -3 3 -5 -6
leaf_value=0.032015701438338019 -0.049574881776379878 0.050083973701740891 0.0065110530515190713 -0.082057486244741518 -0.0099193562896381145
leaf_weight=4.9208123758435249 0.75870419817510892 1.5674764476716507 13.86701772967354 1.3145052578765906 4.2935589253902435
leaf_count=23 18 20 608 53 23
internal_value=0.0051744 0.00677428 0.00399157 -0.00115773 0.0124755
internal_weight=26.7221 25.9634 24.3959 15.1815 9.21437
internal_count=745 727 707 661 46
cat_boundaries=0 1 2
cat_threshold=2 4
is_linear=0
shrinkage=0.1


Tree=164
num_leaves=12
num_cat=6
split_feature=6 5 4 4 3 2 0 0 0 3 7
split_gain=0.712456 0.20771 4.42822 2.06694 1.14785 0.322273 0.107428 0.0754005 0.00122729 9.87886e-05 1.17742e-07
threshold=2.5000000000000004 0 1 2 3 4 1.5000000000000002 2.5000000000000004 1.5000000000000002 5 1.5000000000000002
decision_type=2 1 9 9 1 1 2 2 2 1 2
left_child=1 2 5 6 -4 -1 -3 -5 -2 10 -10
right_child=8 3 4 7 -6 -7 -8 -9 9 -11 -12
leaf_value=-0.0025540778078083433 -0.084547636284655669 0.04229376036851621 -0.094973471670235066 -0.034741653384111053 -0.021925004029524516 0.039952158785301978 0.02328416536696289 -0.018088639370729104 -0.075400166806392291 -0.077502589985465817 -0.075514673033095503
leaf_weight=2.2355372384190559 0.25399909913539787 4.4370914436876783 5.029571583494544 6.9936879007145762 3.7586752579081804 8.8248593825846893 9.0085664819926006 4.4481310769915581 0.18765807559248049 0.68243067082948972 0.17220299155451357
leaf_count=21 9 74 190 36 37 164 103 22 39 27 23
internal_value=-0.00523013 -0.00311241 -0.0107424 0.00297279 -0.0637311 0.0313608 0.0295574 -0.0282676 -0.0783146 -0.0767956 -0.075455
internal_weight=46.0324 44.7361 19.8486 24.8875 8.78825 11.0604 13.4457 11.4418 1.29629 1.04229 0.359861
internal_count=745 647 412 235 227 185 177 58 98 89 62
cat_boundaries=0 1 2 3 4 5 6
cat_threshold=2 2 4 1 2 1
is_linear=0
shrinkage=0.1


Tree=165
num_leaves=5
num_cat=0
split_feature=7 7 6 7
split_gain=0.342848 0.488947 0.570685 0.519487
threshold=4.5000000000000009 3.5000000000000004 4.5000000000000009 1.5000000000000002
decision_type=2 2 2 2
left_child=1 2 3 -1
right_child=-2 -3 -4 -5
leaf_value=-0.0117427449643296 0.050872896232250026 -0.079419585485063796 0.065701785768683948 0.019038995616607789
leaf_weight=12.84893430687954 1.5883865226060141 0.70036059292033215 1.4704027473926533 9.5632557559292746
leaf_count=502 16 18 15 194
internal_value=0.0058455 0.00293613 0.00535122 0.00139179
internal_weight=26.1713 24.583 23.8826 22.4122
internal_count=745 729 711 696
is_linear=0
shrinkage=0.1


Tree=166
num_leaves=8
num_cat=4
split_feature=3 1 1 0 6 5 6
split_gain=0.146809 1.22734 1.1388 0.656136 0.366561 0.0903984 0.163455
threshold=0 1 2 3.5000000000000004 2.5000000000000004 3 1.5000000000000002
decision_type=1 1 1 2 2 1 2
left_child=2 5 3 4 -1 -2 -7
right_child=1 -3 -4 -5 -6 6 -8
leaf_value=0.0015836364502883169 -0.035697791045340918 0.03890035259693006 -0.046202941155122017 0.070697434007251592 0.034356985677938587 0.0018769489374172938 -0.026250646360802959
leaf_weight=29.83344469498843 3.9504848462529472 4.1875775977969178 4.2984958584420374 1.6090537714771915 3.8535721385851494 2.9556360761635005 6.864014346152544
leaf_count=485 44 25 21 35 58 48 29
internal_value=-0.00100721 -0.00850679 0.00239415 0.0083125 0.00533269 -0.0229236 -0.0177845
internal_weight=57.5523 17.9577 39.5946 35.2961 33.687 13.7701 9.81965
internal_count=745 146 599 578 543 121 77
cat_boundaries=0 1 2 3 4
cat_threshold=1 1 1 1
is_linear=0
shrinkage=0.1


Tree=167
num_leaves=6
num_cat=1
split_feature=7 7 0 4 6
split_gain=0.220878 0.338035 0.101591 0.339175 0.334788
threshold=4.5000000000000009 3.5000000000000004 2.5000000000000004 0 1.5000000000000002
decision_type=2 2 2 9 2
left_child=1 2 4 -4 -1
right_child=-2 -3 3 -5 -6
leaf_value=-0.003452408084302817 -0.04735207772295881 0.059038130946621206 0.01930066866405257 -0.02196033547578664 0.025418037559785108
leaf_weight=9.2355089103803163 0.76765522826462884 1.1941357050091017 3.4459833874134347 4.7225082619115692 7.1080055916681877
leaf_count=380 16 18 118 68 145
internal_value=0.005505 0.00708345 0.00455241 -0.00455385 0.00910372
internal_weight=26.4738 25.7061 24.512 8.16849 16.3435
internal_count=745 729 711 186 525
cat_boundaries=0 1
cat_threshold=4
is_linear=0
shrinkage=0.1


Tree=168
num_leaves=11
num_cat=6
split_feature=7 2 0 3 0 1 1 0 3 4
split_gain=0.669414 0.140347 2.20212 0.753563 0.19484 0.846712 0.686079 0.000978422 1.30892e-05 1.52162e-05
threshold=2.5000000000000004 0 1.5000000000000002 1 1.5000000000000002 2 3 1.5000000000000002 4 5
decision_type=2 1 2 1 2 1 1 2 1 9
left_child=1 4 -3 -4 5 -1 -6 -2 9 -9
right_child=7 2 3 -5 6 -7 -8 8 -10 -11
leaf_value=0.017778975342617027 -0.082362303624741562 -0.11128430761934963 -0.0072084698714482203 0.083054549582244452 0.048130668613288102 -0.062953389816525374 -0.011252496828339313 -0.075293503599668743 -0.076720248535573743 -0.076618983161153259
leaf_weight=11.886001649778335 0.41241265786811598 1.759347666054963 2.8792070522904396 1.3626426476985214 2.1315840668976307 1.4585023969411839 22.295233237673532 0.18812905717641115 0.44936938362661749 0.16049543442204595
leaf_count=233 11 13 46 16 14 11 322 43 24 12
internal_value=-0.00504753 -0.00301897 -0.0172247 0.0217874 -0.000761933 0.00895524 -0.00607048 -0.0784074 -0.0763635 -0.0759037
internal_weight=44.9829 43.7725 6.0012 4.24185 37.7713 13.3445 24.4268 1.21041 0.797994 0.348624
internal_count=745 655 75 62 580 244 336 90 79 55
cat_boundaries=0 1 2 3 4 5 6
cat_threshold=1 2 1 2 1 4
is_linear=0
shrinkage=0.1


Tree=169
num_leaves=8
num_cat=2
split_feature=1 0 2 7 6 6 0
split_gain=0.312338 1.0892 0.817029 0.722967 2.25882 1.52417 0.331628
threshold=0 2.5000000000000004 1 1.5000000000000002 4.5000000000000009 1.5000000000000002 2.5000000000000004
decision_type=1 2 1 2 2 2 2
left_child=1 -1 6 4 -4 -5 -2
right_child=2 -3 3 5 -6 -7 -8
leaf_value=-0.086860340698282912 0.048472418998844802 0.032014489734843263 -0.058457896088787979 0.050013152113034309 0.093710681565620901 -0.079738091069109923 0.013745398093466941
leaf_weight=1.4603870902210476 4.9234491288661957 1.632279568351805 5.3573425818467548 3.8640588151756674 1.192683972418308 1.1823585540987549 6.2289412058889866
leaf_count=27 32 19 429 142 13 43 40
internal_value=0.00569784 -0.0241194 0.00975143 -0.00883348 -0.0307498 0.0196129 0.0290763
internal_weight=25.8415 3.09267 22.7488 11.5964 6.55003 5.04642 11.1524
internal_count=745 46 699 627 442 185 72
cat_boundaries=0 1 2
cat_threshold=2 2
is_linear=0
shrinkage=0.1


Tree=170
num_leaves=10
num_cat=4
split_feature=6 5 7 6 2 2 0 0 3
split_gain=0.130717 0.469228 0.455414 1.17284 1.74463 0.450778 1.13821 0.288919 0.0990138
threshold=2.5000000000000004 0 1.5000000000000002 1.5000000000000002 1 2 2.5000000000000004 2.5000000000000004 3
decision_type=2 1 2 2 1 1 2 2 1
left_child=2 7 3 4 -1 6 -4 -2 -5
right_child=1 -3 5 8 -6 -7 -8 -9 -10
leaf_value=-0.086764621924252563 0.017549074083464813 0.038908668066863134 -0.0032183120684152523 0.0012855394751770206 0.049365991611829876 0.014769081560079486 -0.05772032404061278 -0.023474981646048321 -0.016367124844927677
leaf_weight=1.0621348149143159 3.0027852393686771 3.5043961852788907 11.69708506204188 4.5226121842861176 8.2845107503235322 4.3958495035767582 5.6984702814370385 4.0082812933251262 10.682696003466843
leaf_count=39 40 20 122 18 300 24 47 38 97
internal_value=-0.0010359 0.00902986 -0.00331986 0.00601933 0.0338964 -0.0138421 -0.0210722 -0.0059047 -0.0111166
internal_weight=56.8588 10.5155 46.3434 24.552 9.34665 21.7914 17.3956 7.01107 15.2053
internal_count=745 98 647 454 339 193 169 78 115
cat_boundaries=0 1 2 3 4
cat_threshold=2 2 1 2
is_linear=0
shrinkage=0.1


Tree=171
num_leaves=6
num_cat=2
split_feature=6 6 1 6 4
split_gain=0.214982 0.260596 0.0742647 0.875063 0.361718
threshold=4.5000000000000009 3.5000000000000004 0 2.5000000000000004 1
decision_type=2 2 1 2 9
left_child=1 2 4 -4 -1
right_child=-2 -3 3 -5 -6
leaf_value=0.029657544105343221 -0.04897184334259002 0.045741462599196953 0.0070372812368507598 -0.081463465880147509 -0.010103686958170228
leaf_weight=4.9335285499691963 0.71122888440731813 1.6078073941171158 13.631888632429769 1.2169773177010945 4.2666952237486839
leaf_count=23 18 20 608 53 23
internal_value=0.00526061 0.00676398 0.00415813 -0.000216027 0.0112179
internal_weight=26.3681 25.6569 24.0491 14.8489 9.20022
internal_count=745 727 707 661 46
cat_boundaries=0 1 2
cat_threshold=2 4
is_linear=0
shrinkage=0.1


Tree=172
num_leaves=13
num_cat=6
split_feature=5 4 4 0 3 0 2 0 2 0 0 0
split_gain=0.182372 4.25001 1.97766 1.63082 0.975122 1.87953 1.13051 0.511573 0.241404 1.05275 0.108829 0.162201
threshold=0 1 2 1.5000000000000002 3 1.5000000000000002 4 3.5000000000000004 5 1.5000000000000002 2.5000000000000004 1.5000000000000002
decision_type=1 9 9 2 1 2 1 2 1 2 2 2
left_child=1 8 10 -4 6 -6 -3 -5 -1 -10 11 -2
right_child=2 4 3 7 5 -7 -8 -9 9 -11 -12 -13
leaf_value=0.0017664399032360585 0.036098692230928479 -0.1083352691056254 -0.086855612020012782 -0.024921147009134639 0.05347027067936018 -0.084435540965670575 0.040482274436767024 0.026108247368503004 0.089746529286338042 0.014453350192469861 0.042595338333218075 0.010601434432429351
leaf_weight=2.3094057403504848 4.5065955640748125 4.4773985370411538 3.4348153993487367 4.98743888735771 1.7268473431468008 2.3107576193287969 0.57615315122529853 3.2413350529968739 2.7113980697467905 5.8932897858321667 3.4321753960102805 5.5894301943480968
leaf_count=21 75 227 17 41 10 48 20 19 69 95 40 63
internal_value=-0.00446451 -0.0115927 0.00119613 -0.0289791 -0.0620945 -0.0254545 -0.0913686 -0.00482054 0.030474 0.0381788 0.0272123 0.0219827
internal_weight=45.197 20.0053 25.1918 11.6636 9.09116 4.0376 5.05355 8.22877 10.9141 8.60469 13.5282 10.096
internal_count=745 490 255 77 305 58 247 60 185 164 178 138
cat_boundaries=0 1 2 3 4 5 6
cat_threshold=2 2 4 1 1 2
is_linear=0
shrinkage=0.1


Tree=173
num_leaves=8
num_cat=1
split_feature=7 7 7 6 0 2 6
split_gain=0.281713 0.489981 0.462328 1.07226 0.633777 0.386206 1.07301e-05
threshold=4.5000000000000009 2.5000000000000004 1.5000000000000002 4.5000000000000009 1.5000000000000002 0 1.5000000000000002
decision_type=2 2 2 2 2 1 2
left_child=1 2 3 -1 -4 6 -3
right_child=-2 5 4 -5 -6 -7 -8
leaf_value=-0.010538960857534765 0.047361847594606377 -0.078797436438772669 -0.023834511324398747 0.092170615748997653 0.047643980253442256 -0.0098410567639664569 -0.079415588718788427
leaf_weight=12.459022737341011 1.4663578225299705 0.65869522793218405 1.647205889225005 1.1067227199673642 5.023635916877538 2.7049743328243494 0.48948673997074366
leaf_count=502 16 35 55 13 85 15 24
internal_value=0.00480672 0.00221636 0.00843956 -0.00215969 0.0299941 -0.0304675 -0.079061
internal_weight=25.5561 24.0897 20.2366 13.5657 6.67084 3.85316 1.14818
internal_count=745 729 655 515 140 74 59
cat_boundaries=0 1
cat_threshold=1
is_linear=0
shrinkage=0.1


Tree=174
num_leaves=12
num_cat=4
split_feature=5 4 6 0 3 0 0 4 7 6 0
split_gain=0.155557 1.53324 2.6121 1.0105 1.64003 1.04458 0.954449 2.08532 0.928608 0.915198 0.427653
threshold=0 1 1.5000000000000002 1.5000000000000002 2 2.5000000000000004 1.5000000000000002 3 2.5000000000000004 2.5000000000000004 3.5000000000000004
decision_type=1 9 2 2 1 2 2 9 2 2 2
left_child=1 2 8 4 -3 -5 7 -2 -1 10 -8
right_child=6 3 -4 5 -6 -7 9 -9 -10 -11 -12
leaf_value=-0.036033239276019667 0.068936756898503426 0.013292739519942441 -0.24829074264007236 0.055846577497088185 -0.096656679787749333 0.0065853036585645846 -0.018938318458176045 -0.037498124574963675 0.1038406293424147 0.031534937232444611 -0.0585471674572886
leaf_weight=4.2106269577052444 4.3654839992523193 4.7059107404202285 0.56185221672058094 7.4636857993900803 1.906169146299362 10.169877263717352 13.15580237191171 3.1829457082785693 0.53493386507034291 3.1647517234086981 3.4382966682314864
leaf_count=181 17 92 2 107 10 96 113 75 2 19 31
internal_value=-0.000749857 0.00427794 -0.0444053 0.0149348 -0.0184041 0.0274359 -0.00619114 0.0240564 -0.0202662 -0.0177465 -0.0271453
internal_weight=56.8603 29.5531 5.30741 24.2456 6.61208 17.6336 27.3073 7.54843 4.74556 19.7589 16.5941
internal_count=745 490 185 305 102 203 255 92 183 163 144
cat_boundaries=0 1 2 3 4
cat_threshold=2 2 1 2
is_linear=0
shrinkage=0.1


Tree=175
num_leaves=6
num_cat=1
split_feature=7 7 0 4 6
split_gain=0.176949 0.302945 0.0851686 0.301753 0.280248
threshold=4.5000000000000009 3.5000000000000004 2.5000000000000004 0 3.5000000000000004
decision_type=2 2 2 9 2
left_child=1 2 4 -4 -1
right_child=-2 -3 3 -5 -6
leaf_value=0.0039737205906384531 -0.044272136635258315 0.056072834430356135 0.017596895465655241 -0.021533190762499359 0.052811941812865498
leaf_weight=15.107084121322272 0.71992032043635745 1.1536686965264369 3.4447863382520154 4.6055503436364216 1.2740492820739735
leaf_count=514 16 18 118 68 11
internal_value=0.00462188 0.00599767 0.00363309 -0.0047892 0.00777213
internal_weight=26.3051 25.5851 24.4315 8.05034 16.3811
internal_count=745 729 711 186 525
cat_boundaries=0 1
cat_threshold=4
is_linear=0
shrinkage=0.1


Tree=176
num_leaves=13
num_cat=6
split_feature=5 4 4 0 3 0 2 0 2 0 0 0
split_gain=0.159612 3.62806 1.65228 1.33757 0.880135 1.61186 1.0669 0.408642 0.204742 0.966556 0.0998442 0.136154
threshold=0 1 2 1.5000000000000002 3 1.5000000000000002 4 3.5000000000000004 5 1.5000000000000002 2.5000000000000004 1.5000000000000002
decision_type=1 9 9 2 1 2 1 2 1 2 2 2
left_child=1 8 10 -4 6 -6 -3 -5 -1 -10 11 -2
right_child=2 4 3 7 5 -7 -8 -9 9 -11 -12 -13
leaf_value=0.00059831025233868674 0.032655767009983551 -0.10725365600023982 -0.082818527136875542 -0.024086893006853474 0.045892692088858426 -0.08352713219510105 0.037367928160579773 0.022020018750027365 0.085417558703467275 0.011756284567481907 0.039572339618478905 0.0089709845695374098
leaf_weight=2.2826666049659252 4.3447948796674591 4.1167418975383043 3.1697451248765001 4.9512649259995651 1.7567662633955481 2.128046352067031 0.58224734943360079 3.1421456560492516 2.5712456181645376 5.7985782288014889 3.2789810709655294 5.4990751184523106
leaf_count=21 75 227 17 41 10 48 20 19 69 95 40 63
internal_value=-0.00502845 -0.0118391 0.00034395 -0.0277528 -0.0602187 -0.0250017 -0.0893337 -0.00618657 0.0271453 0.0343853 0.024459 0.0194248
internal_weight=43.6223 19.2363 24.386 11.2632 8.5838 3.88481 4.69899 8.09341 10.6525 8.36982 13.1229 9.84387
internal_count=745 490 255 77 305 58 247 60 185 164 178 138
cat_boundaries=0 1 2 3 4 5 6
cat_threshold=2 2 4 1 1 2
is_linear=0
shrinkage=0.1


Tree=177
num_leaves=8
num_cat=2
split_feature=1 0 2 7 6 6 0
split_gain=0.248226 1.00034 0.685056 0.633695 1.86102 1.32508 0.296545
threshold=0 2.5000000000000004 1 1.5000000000000002 4.5000000000000009 1.5000000000000002 2.5000000000000004
decision_type=1 2 1 2 2 2 2
left_child=1 -1 6 4 -4 -5 -2
right_child=2 -3 3 5 -6 -7 -8
leaf_value=-0.085632244877152236 0.044330270612834073 0.030527953923528452 -0.056601174734402786 0.045252974331466952 0.090682252987914616 -0.079555338805192055 0.011676379833019305
leaf_weight=1.3458609888330104 5.0469875372946262 1.6505897399038074 4.9064133828505909 3.8429348936770111 1.0397104546427725 1.0924893189221618 6.194675549864769
leaf_count=27 32 19 429 142 13 43 40
internal_value=0.00536517 -0.0216456 0.0090236 -0.00886221 -0.0308479 0.0176258 0.0263365
internal_weight=25.1197 2.99645 22.1232 10.8815 5.94612 4.93542 11.2417
internal_count=745 46 699 627 442 185 72
cat_boundaries=0 1 2
cat_threshold=2 2
is_linear=0
shrinkage=0.1


Tree=178
num_leaves=12
num_cat=4
split_feature=5 4 6 0 3 0 7 0 4 6 0
split_gain=0.133487 1.20901 1.90201 0.938874 1.35332 0.848381 0.823068 0.761362 1.6226 0.795652 0.386332
threshold=0 1 1.5000000000000002 1.5000000000000002 2 2.5000000000000004 2.5000000000000004 1.5000000000000002 3 2.5000000000000004 3.5000000000000004
decision_type=1 9 2 2 1 2 2 2 9 2 2
left_child=1 2 6 4 -3 -5 -1 8 -2 10 -9
right_child=7 3 -4 5 -6 -7 -8 9 -10 -11 -12
leaf_value=-0.032934132313043728 0.062177861527237567 0.0092379898676246183 -0.2045237731444238 0.051276849001152792 -0.094248332192587519 0.0065488038943933213 0.10148110107105734 -0.017470313842775049 -0.033641768167013933 0.029988879906879307 -0.056032341873345638
leaf_weight=3.9896045213099569 4.1838658004999161 4.5014182161539855 0.61908799409866322 7.3154840068891671 1.7568826973438261 10.089072062168269 0.51427531242370594 13.010862202383583 3.0596847462002215 3.1163869425654402 3.2462108898907891
leaf_count=181 17 92 2 107 10 96 2 113 75 19 31
internal_value=-0.000851312 0.00386871 -0.0401765 0.0134044 -0.0198136 0.0253489 -0.0175859 -0.00595593 0.0217035 -0.0162975 -0.0251704
internal_weight=55.4028 28.7858 5.12297 23.6629 6.2583 17.4046 4.50388 26.617 7.24355 19.3735 16.2571
internal_count=745 490 185 305 102 203 183 255 92 163 144
cat_boundaries=0 1 2 3 4
cat_threshold=2 2 1 2
is_linear=0
shrinkage=0.1


Tree=179
num_leaves=6
num_cat=1
split_feature=7 7 0 6 4
split_gain=0.143322 0.244027 0.0882063 0.270223 0.266116
threshold=4.5000000000000009 3.5000000000000004 2.5000000000000004 3.5000000000000004 0
decision_type=2 2 2 2 9
left_child=1 2 3 -1 -4
right_child=-2 -3 4 -5 -6
leaf_value=0.0046336351831585991 -0.039691584378808847 0.051691825047581214 0.016452252366849267 0.052682533800347923 -0.020473070774850683
leaf_weight=15.029440667713073 0.69674848951399226 1.1306515703909088 3.4440580304944888 1.2693074122071255 4.5043413317762306
leaf_count=514 16 18 118 11 68
internal_value=0.00505269 0.00628114 0.00416363 0.00837557 -0.00447325
internal_weight=26.0745 25.3778 24.2471 16.2987 7.9484
internal_count=745 729 711 525 186
cat_boundaries=0 1
cat_threshold=4
is_linear=0
shrinkage=0.1


Tree=180
num_leaves=13
num_cat=5
split_feature=5 4 4 0 3 0 2 0 0 7 0 6
split_gain=0.133272 3.1326 1.3787 1.10013 0.787251 1.39379 1.00944 0.461244 0.212607 0.523904 0.0897517 0.130496
threshold=0 1 2 1.5000000000000002 3 1.5000000000000002 4 2.5000000000000004 2.5000000000000004 1.5000000000000002 2.5000000000000004 1.5000000000000002
decision_type=1 9 9 2 1 2 1 2 2 2 2 2
left_child=1 8 10 -4 6 -6 -3 -5 9 -1 11 -2
right_child=2 4 3 7 5 -7 -8 -9 -10 -11 -12 -13
leaf_value=0.029956440747829528 0.023185189052593678 -0.10595932404879926 -0.079073792525683972 0.019805177911296566 0.03956663027224052 -0.082762440968656314 0.034841003697563218 -0.028677524354450507 0.049083172203648509 -0.03247799393806583 0.036501120790399112 -0.004997048365138832
leaf_weight=6.0817141560837626 7.504377940669654 3.8023546310141683 2.9267354607582092 3.4993815051857382 1.7743661589920523 1.9605210220324805 0.58790737157687534 4.4672661880031228 2.619354922324419 1.7252890467643736 3.1348729319870481 2.1036105901002884
leaf_count=139 130 227 17 26 10 48 20 34 39 7 40 8
internal_value=-0.00550093 -0.0118451 -0.000521546 -0.026643 -0.0583944 -0.0246465 -0.0871045 -0.00738131 0.0244303 0.0161589 0.0218087 0.0170149
internal_weight=42.1878 18.5515 23.6362 10.8934 8.12515 3.73489 4.39026 7.96665 10.4264 7.807 12.7429 9.60799
internal_count=745 490 255 77 305 58 247 60 185 146 178 138
cat_boundaries=0 1 2 3 4 5
cat_threshold=2 2 4 1 1
is_linear=0
shrinkage=0.1


Tree=181
num_leaves=8
num_cat=3
split_feature=1 0 2 0 6 3 0
split_gain=0.220393 0.908474 0.574623 0.5932 1.06589 0.849924 0.272943
threshold=0 2.5000000000000004 1 1.5000000000000002 4.5000000000000009 2 2.5000000000000004
decision_type=1 2 1 2 2 1 2
left_child=2 -2 6 4 -4 -5 -1
right_child=1 -3 3 5 -6 -7 -8
leaf_value=0.041927840834638422 -0.084656937477850788 0.028004664190705991 -0.056096860280159422 -0.065021502143141743 0.099861702930746518 0.029219834033549271 0.010717567345397392
leaf_weight=5.1267375200986862 1.2465705536305933 1.6808503065258262 3.6180423274636269 1.1769082698738202 0.49861225485801686 5.1207643959787674 6.179521631449461
leaf_count=32 27 19 242 54 2 329 40
internal_value=0.00578782 -0.0199695 0.0092593 -0.00768797 -0.037207 0.011608 0.0248696
internal_weight=24.648 2.92742 21.7206 10.4143 4.11665 6.29767 11.3063
internal_count=745 46 699 627 244 383 72
cat_boundaries=0 1 2 3
cat_threshold=1 2 2
is_linear=0
shrinkage=0.1


Tree=182
num_leaves=13
num_cat=5
split_feature=7 6 2 5 6 0 0 4 7 0 3 3
split_gain=0.121443 1.45543 1.51187 1.0599 0.876499 2.39885 0.56609 1.87328 1.28321 0.291495 1.41362 0.284517
threshold=1.5000000000000002 1.5000000000000002 0 1 1.5000000000000002 2.5000000000000004 2.5000000000000004 2 2.5000000000000004 2.5000000000000004 3 4
decision_type=2 2 1 1 2 2 2 9 2 2 1 1
left_child=1 2 -1 -4 6 -6 8 -8 -2 10 -3 -11
right_child=4 9 3 -5 5 -7 7 -9 -10 11 -12 -13
leaf_value=-0.085078140883017683 -0.021087846345367808 0.054328877065998905 0.097958420640629429 0.02273508012678228 -0.044683877358207502 0.062795839348266644 0.0067982331092858554 -0.10708729539655132 0.06784048319659991 -0.0017858705404136717 -0.022530981118583572 -0.044822492164183603
leaf_weight=0.90926692634820938 9.513847699388867 3.2123072445392609 3.0014188269851729 4.9826110329013336 3.4440864017233235 5.2299390626139939 3.2276200521737337 2.614121049642562 1.9562796540558327 2.4394276617094866 9.3817082252353448 4.1485248096287251
leaf_count=39 89 13 154 146 31 33 36 14 27 33 108 22
internal_value=-0.000899196 0.00366065 0.0370994 0.0510136 -0.00582567 0.0201202 -0.0188257 -0.0441644 -0.00592074 -0.0118425 -0.00292663 -0.0288866
internal_weight=54.0612 28.0753 8.8933 7.98403 25.9859 8.67403 17.3119 5.84174 11.4701 19.182 12.594 6.58795
internal_count=745 515 339 300 230 64 166 50 116 176 121 55
cat_boundaries=0 1 2 3 4 5
cat_threshold=2 2 4 2 1
is_linear=0
shrinkage=0.1


Tree=183
num_leaves=11
num_cat=3
split_feature=0 6 7 7 1 6 3 4 6 0
split_gain=0.0918047 0.486873 0.947153 0.679206 1.53992 0.433266 0.418251 0.140482 0.729873 0.454894
threshold=2.5000000000000004 1.5000000000000002 2.5000000000000004 1.5000000000000002 0 3.5000000000000004 1 2 1.5000000000000002 1.5000000000000002
decision_type=2 2 2 2 1 2 1 9 2 2
left_child=5 2 6 4 -3 7 -2 8 -1 -9
right_child=1 3 -4 -5 -6 -7 -8 9 -10 -11
leaf_value=-0.0082570268865924754 -0.077679154843527234 -0.077042937566292755 0.074810105789738943 -0.057024385710453707 0.12025020833766911 0.059377871640680417 0.0090310535643656296 0.020393628506728042 0.056547781911891595 -0.027664956900434714
leaf_weight=5.0298932255245745 0.82685313373803937 0.76304001559037715 1.8512000129558144 2.7358754071174189 0.82158822566270806 1.5855626538395871 1.6999923468101767 3.7486699200235361 2.6554397810250521 4.1499393503181636
leaf_count=161 59 51 28 33 4 13 34 175 25 162
internal_value=0.00533574 -0.00303388 0.0204685 -0.0268493 0.0252484 0.00957603 -0.0193429 0.00450902 0.0141344 -0.00485641
internal_weight=25.8681 8.69855 4.37805 4.3205 1.58463 17.1695 2.52685 15.5839 7.68533 7.89861
internal_count=745 209 121 88 55 536 93 523 186 337
cat_boundaries=0 1 2 3
cat_threshold=1 1 2
is_linear=0
shrinkage=0.1


Tree=184
num_leaves=13
num_cat=5
split_feature=5 4 4 0 3 0 2 0 0 7 0 6
split_gain=0.0888329 2.76786 1.29041 0.976314 0.707924 1.28223 0.882894 0.421731 0.168216 0.482365 0.0825987 0.131331
threshold=0 1 2 1.5000000000000002 3 1.5000000000000002 4 2.5000000000000004 2.5000000000000004 1.5000000000000002 2.5000000000000004 1.5000000000000002
decision_type=1 9 9 2 1 2 1 2 2 2 2 2
left_child=1 8 10 -4 6 -6 -3 -5 9 -1 11 -2
right_child=2 4 3 7 5 -7 -8 -9 -10 -11 -12 -13
leaf_value=0.029456255734887526 0.022189834107947132 -0.10206434276841383 -0.077052961092143157 0.016917834292930489 0.037193695036777781 -0.082121864718208162 0.029897072196226001 -0.029284007568457476 0.045982885184740557 -0.030593120926303535 0.034830881212979552 -0.0061599447363316568
leaf_weight=6.0738525539636612 7.4420507950708252 3.5970022811670779 2.8253307640552521 3.5678123452235013 1.7852276638150226 1.8177952536498194 0.59019816899672228 4.4273021589033306 2.5136292688548565 1.7155261635780332 3.0671604778617629 2.0937896519899368
leaf_count=139 130 227 17 26 10 48 20 34 39 7 40 8
internal_value=-0.00525731 -0.0105204 -0.00119186 -0.0265229 -0.0555006 -0.0230033 -0.083464 -0.00866648 0.0234896 0.016231 0.0205564 0.0159651
internal_weight=41.5167 18.0932 23.4234 10.8204 7.79022 3.60302 4.1872 7.99511 10.303 7.78938 12.603 9.53584
internal_count=745 490 255 77 305 58 247 60 185 146 178 138
cat_boundaries=0 1 2 3 4 5
cat_threshold=2 2 4 1 1
is_linear=0
shrinkage=0.1


Tree=185
num_leaves=8
num_cat=1
split_feature=7 7 2 7 6 6 6
split_gain=0.242059 0.396954 0.357301 0.337349 0.817883 0.517998 3.72565e-05
threshold=4.5000000000000009 2.5000000000000004 0 1.5000000000000002 4.5000000000000009 2.5000000000000004 1.5000000000000002
decision_type=2 2 1 2 2 2 2
left_child=1 3 6 4 -1 -5 -3
right_child=-2 2 -4 5 -6 -7 -8
leaf_value=-0.0074567659016879749 0.046896780574284827 -0.077986758432831815 -0.0077881250339697176 0.046948566267576687 0.088817387746534818 -0.012452237386736582 -0.079237717482852382
leaf_weight=11.767461304494653 1.3688334422186006 0.55725326039828271 2.6851138267666106 4.4900316875427952 0.95394737273454744 2.1812317557632923 0.41565801599062979
leaf_count=502 16 35 15 112 13 28 24
internal_value=0.00604053 0.00361434 -0.0266007 0.00931379 -0.000237402 0.0275269 -0.0785212
internal_weight=24.4195 23.0507 3.65803 19.3927 12.7214 6.67126 0.972911
internal_count=745 729 74 655 515 140 59
cat_boundaries=0 1
cat_threshold=1
is_linear=0
shrinkage=0.1


Tree=186
num_leaves=13
num_cat=6
split_feature=7 6 2 6 0 5 0 4 4 0 3 3
split_gain=0.106729 1.29345 1.28963 0.78409 1.90366 0.747714 0.436141 1.74011 1.22663 0.244689 1.2273 0.257235
threshold=1.5000000000000002 1.5000000000000002 0 1.5000000000000002 2.5000000000000004 1 2.5000000000000004 2 3 2.5000000000000004 4 5
decision_type=2 2 1 2 2 1 2 9 9 2 1 1
left_child=1 2 -1 6 -5 -4 8 -8 -2 10 -3 -11
right_child=3 9 5 4 -6 -7 7 -9 -10 11 -12 -13
leaf_value=-0.084314555632263644 -0.04079091157368242 0.050136324130598056 0.085149990189310479 -0.037998709647945432 0.057544416990066176 0.022752003140941952 0.0079008692923913538 -0.10392300470673517 0.024803183845529719 -0.0012280131114015052 -0.021588488975673288 -0.042552298092331103
leaf_weight=0.82645407738164067 5.5026741288602352 3.2013790011405945 3.1260229723993689 3.5027084778994304 5.1538288267329335 4.9794234356377274 3.1983775226399302 2.4633492901921263 5.9159057289362007 2.3912382354028514 9.3631629720330256 4.0704382248222828
leaf_count=39 93 13 154 31 33 146 36 14 23 33 108 22
internal_value=-0.000986357 0.00329122 0.0346836 -0.00563312 0.0188846 0.046817 -0.0180591 -0.0407524 -0.00680696 -0.011446 -0.00331339 -0.0272596
internal_weight=53.695 27.9581 8.9319 25.7368 8.65654 8.10545 17.0803 5.66173 11.4186 19.0262 12.5645 6.46168
internal_count=745 515 339 230 64 300 166 50 116 176 121 55
cat_boundaries=0 1 2 3 4 5 6
cat_threshold=2 2 4 4 2 1
is_linear=0
shrinkage=0.1


Tree=187
num_leaves=10
num_cat=3
split_feature=0 6 6 7 7 1 3 1 7
split_gain=0.0688423 0.374429 0.366386 0.771265 0.52162 1.3044 0.375641 0.108511 0.572419
threshold=2.5000000000000004 3.5000000000000004 1.5000000000000002 2.5000000000000004 1.5000000000000002 0 1 2 2.5000000000000004
decision_type=2 2 2 2 2 1 1 1 2
left_child=1 7 3 6 5 -4 -2 -1 -9
right_child=2 -3 4 -5 -6 -7 -8 8 -10
leaf_value=0.013742838508405304 -0.07751579715365689 0.054421018039945007 -0.076960399834126197 0.066653222400024512 -0.05078077312404377 0.10579166272170418 0.0071120215775678985 0.0078300471196570028 -0.059196462410478545
leaf_weight=6.3856344148516655 0.75377019634470188 1.605470374226569 0.72128445550333709 1.853662773966789 2.6338827925501391 0.85177284479141213 1.7244169071782378 7.7439554000739061 1.5250808265991507
leaf_count=27 59 13 51 28 33 4 34 459 37
internal_value=0.0047956 0.00842891 -0.00254871 0.0178648 -0.0235683 0.0219955 -0.0186285 0.00371218 -0.00319816
internal_weight=25.7989 17.2601 8.53879 4.33185 4.20694 1.57306 2.47819 15.6547 9.26904
internal_count=745 536 209 121 88 55 93 523 496
cat_boundaries=0 1 2 3
cat_threshold=1 1 2
is_linear=0
shrinkage=0.1


Tree=188
num_leaves=9
num_cat=3
split_feature=1 3 3 6 7 6 0 0
split_gain=0.0930984 0.987644 0.315834 0.292796 0.500548 0.278889 0.13709 0.101418
threshold=0 1 2 1.5000000000000002 1.5000000000000002 1.5000000000000002 3.5000000000000004 1.5000000000000002
decision_type=1 1 1 2 2 2 2 2
left_child=2 -2 5 4 -4 6 -1 -7
right_child=1 -3 3 -5 -6 7 -8 -9
leaf_value=-0.014751891972721086 0.054960280044689447 -0.046558017185031698 0.077471060092493105 -0.009245531849432229 0.0033992700960317293 -0.010906916773189135 -0.048132500481387785 0.013507621775185953
leaf_weight=20.654565907316289 2.1574608795344821 1.7241926952265205 1.4499051729217165 3.4046373040182516 2.4604877692763694 2.5465666120871893 1.3082449291832734 5.1269541931105778
leaf_count=376 21 25 53 44 24 56 26 120
internal_value=-0.00486552 0.00986684 -0.00641312 0.0121957 0.0308638 -0.0110063 -0.0167403 0.00540531
internal_weight=40.833 3.88165 36.9514 7.31503 3.91039 29.6363 21.9628 7.67352
internal_count=745 46 699 121 77 578 402 176
cat_boundaries=0 1 2 3
cat_threshold=1 1 1
is_linear=0
shrinkage=0.1


Tree=189
num_leaves=6
num_cat=0
split_feature=7 7 6 7 0
split_gain=0.213064 0.343761 0.265308 0.509962 0.103642
threshold=4.5000000000000009 2.5000000000000004 4.5000000000000009 1.5000000000000002 2.5000000000000004
decision_type=2 2 2 2 2
left_child=1 2 3 -1 -3
right_child=-2 4 -4 -5 -6
leaf_value=-0.0064953555702028064 0.044956544196984936 -0.047321800549399766 0.056413053991292178 0.028348111282541416 -0.011901189622186349
leaf_weight=11.567533919645951 1.3294746810570348 1.2912588499020778 1.1149307601153839 6.5953767234459511 2.2930526938289404
leaf_count=502 16 39 15 138 35
internal_value=0.00603935 0.00377625 0.00906366 0.00615712 -0.0246616
internal_weight=24.1916 22.8622 19.2778 18.1629 3.58431
internal_count=745 729 655 640 74
is_linear=0
shrinkage=0.1


Tree=190
num_leaves=8
num_cat=4
split_feature=3 1 1 0 6 5 6
split_gain=0.0970368 1.04679 0.890136 0.529349 0.339455 0.0968469 0.228886
threshold=0 1 2 3.5000000000000004 2.5000000000000004 3 1.5000000000000002
decision_type=1 1 1 2 2 1 2
left_child=1 3 -2 4 -1 -4 -7
right_child=2 -3 5 -5 -6 6 -8
leaf_value=0.001451407438071596 0.033166591160933893 -0.044229577552148569 -0.035009206261767449 0.066069482313964131 0.035198658047120204 0.0090910174951693498 -0.025544016451225698
leaf_weight=27.431029594503347 4.0688264667987823 4.3665362340398124 3.4181683689821512 1.4940543468110252 3.3439635233953586 2.7113921735435742 6.4398183375597
leaf_count=485 25 21 44 35 58 48 29
internal_value=-0.00115385 0.00172231 -0.00748685 0.00794037 0.00511833 -0.0206468 -0.0152821
internal_weight=53.2738 36.6356 16.6382 32.269 30.775 12.5694 9.15121
internal_count=745 599 146 578 543 121 77
cat_boundaries=0 1 2 3 4
cat_threshold=1 1 2 1
is_linear=0
shrinkage=0.1


Tree=191
num_leaves=11
num_cat=3
split_feature=0 6 6 7 7 2 3 4 6 0
split_gain=0.0582143 0.32116 0.278695 0.6245 0.392822 1.15129 0.340097 0.104813 0.462147 0.384489
threshold=2.5000000000000004 3.5000000000000004 1.5000000000000002 2.5000000000000004 1.5000000000000002 0 1 2 1.5000000000000002 1.5000000000000002
decision_type=2 2 2 2 2 1 1 9 2 2
left_child=1 7 3 6 5 -4 -2 8 -1 -9
right_child=2 -3 4 -5 -6 -7 -8 9 -10 -11
leaf_value=-0.0069089560195314649 -0.077366537436254157 0.049958234804200877 -0.078794195155938329 0.059358567102573562 -0.045148150250771957 0.094479993637430967 0.0056673636117379224 0.018066653282345434 0.043648131319989167 -0.026196292380952248
leaf_weight=4.9464167894329876 0.68751776684075439 1.6330725550651539 0.68235890555661172 1.8444275832735 2.5518364020390436 0.87538835639134027 1.7459838266950098 3.7997707864269668 2.8497497271746397 4.058640816481784
leaf_count=161 59 13 41 28 33 14 34 175 25 162
internal_value=0.00444172 0.00775842 -0.0023944 0.0154717 -0.0209924 0.0185786 -0.0177915 0.00335617 0.0115713 -0.00479387
internal_weight=25.6752 17.2877 8.38751 4.27793 4.10958 1.55775 2.4335 15.6546 7.79617 7.85841
internal_count=745 536 209 121 88 55 93 523 186 337
cat_boundaries=0 1 2 3
cat_threshold=1 1 2
is_linear=0
shrinkage=0.1


Tree=192
num_leaves=10
num_cat=6
split_feature=2 0 4 3 0 1 1 0 3
split_gain=0.0866707 1.73914 0.518072 0.5303 0.261636 0.643504 0.535737 0.421072 0.143309
threshold=0 1.5000000000000002 1 2 1.5000000000000002 3 4 2.5000000000000004 5
decision_type=1 2 9 1 2 1 1 2 1
left_child=4 -2 3 -3 6 -6 8 -7 -1
right_child=1 2 -4 -5 5 7 -8 -9 -10
leaf_value=0.010801653816875178 -0.097878363441710983 0.06021935837753354 0.081145873278879677 -0.033665129515481916 0.043922068623729743 -0.02588946468976315 -0.054230712036479327 0.0027428426073756434 0.040492964317912022
leaf_weight=8.8269379893317819 1.7697492912411679 0.91992683336138725 1.0727724060416224 1.7388587608002128 2.0975585747510195 12.514891827013349 1.1971370391547669 8.7114958710153569 1.9925541477277846
leaf_count=214 13 19 16 42 17 233 11 150 30
internal_value=-0.00455862 -0.0162344 0.0224865 -0.00118156 -0.0027411 -0.00891704 0.00924622 -0.0141385 0.0162697
internal_weight=40.8419 5.50131 3.73156 2.65879 35.3406 23.3239 12.0166 21.2264 10.8195
internal_count=745 90 77 61 655 400 255 383 244
cat_boundaries=0 1 2 3 4 5 6
cat_threshold=1 4 1 2 1 1
is_linear=0
shrinkage=0.1


Tree=193
num_leaves=6
num_cat=0
split_feature=7 7 6 6 0
split_gain=0.195602 0.293753 0.25213 0.426141 0.0956235
threshold=4.5000000000000009 2.5000000000000004 4.5000000000000009 3.5000000000000004 2.5000000000000004
decision_type=2 2 2 2 2
left_child=1 2 3 -1 -3
right_child=-2 4 -4 -5 -6
leaf_value=0.0082699973729571871 0.043188263930085249 -0.045015934552478348 0.054899582212110123 -0.080414125052581498 -0.010728234082417319
leaf_weight=17.592715610575411 1.3121884884312738 1.266018464462831 1.0973616279661644 0.55904557462781568 2.274924406548962
leaf_count=625 16 39 15 15 35
internal_value=0.00564493 0.00348329 0.00835265 0.00553867 -0.0229874
internal_weight=24.1023 22.7901 19.2491 18.1518 3.54094
internal_count=745 729 655 640 74
is_linear=0
shrinkage=0.1


Tree=194
num_leaves=8
num_cat=4
split_feature=3 1 1 0 6 5 6
split_gain=0.0923228 0.806827 0.725437 0.390596 0.328379 0.0927428 0.209187
threshold=0 1 2 3.5000000000000004 2.5000000000000004 3 1.5000000000000002
decision_type=1 1 1 2 2 1 2
left_child=1 3 -2 4 -1 -4 -7
right_child=2 -3 5 -5 -6 6 -8
leaf_value=0.0012101308702992277 0.029189991695216445 -0.038383361846472043 -0.03347524360685239 0.055984995771179047 0.03463888748388539 0.0094124844123400012 -0.023860646420151021
leaf_weight=27.503832386806611 4.11422273889184 4.399543870240449 3.3513433216139674 1.5655564353801299 3.2900849017314604 2.6846086307195964 6.3797269426286221
leaf_count=485 25 21 44 35 58 48 29
internal_value=-0.000994991 0.0017962 -0.00720201 0.00725895 0.00478173 -0.0192613 -0.0140061
internal_weight=53.2889 36.759 16.5299 32.3595 30.7939 12.4157 9.06434
internal_count=745 599 146 578 543 121 77
cat_boundaries=0 1 2 3 4
cat_threshold=1 1 2 1
is_linear=0
shrinkage=0.1


Tree=195
num_leaves=10
num_cat=3
split_feature=0 6 6 4 7 4 2 7 7
split_gain=0.0478394 0.295831 0.251642 0.508633 0.243086 0.809924 0.575774 0.0828564 0.141858
threshold=2.5000000000000004 3.5000000000000004 2.5000000000000004 0 2.5000000000000004 1 2 2.5000000000000004 1.5000000000000002
decision_type=2 2 2 9 2 9 1 2 2
left_child=1 7 4 -4 6 -6 -2 8 -1
right_child=2 -3 3 -5 5 -7 -8 -9 -10
leaf_value=-0.0036820438733538223 -0.040346376406398238 0.047630113526547779 0.02904845810318207 -0.081536183983444616 -0.02327365272099759 0.076896626638730023 0.049618736272238756 -0.014241963034326503 0.017028092078510661
leaf_weight=7.1454876237548941 2.282328875269739 1.6251074746251095 0.70419331442099065 1.0160350948572157 1.6329001314006746 1.5962077081203461 1.0335254638921472 2.4115924243815234 6.1575238876976073
leaf_count=383 90 13 38 12 35 6 28 40 100
internal_value=0.00402849 0.00701275 -0.00223224 -0.0362672 0.00671325 0.0262424 -0.012305 0.00281236 0.00590399
internal_weight=25.6049 17.3397 8.26519 1.72023 6.54496 3.22911 3.31585 15.7146 13.303
internal_count=745 536 209 50 159 41 118 523 483
cat_boundaries=0 1 2 3
cat_threshold=4 4 1
is_linear=0
shrinkage=0.1


Tree=196
num_leaves=10
num_cat=6
split_feature=2 0 4 5 0 1 1 6 3
split_gain=0.065114 1.43888 0.483638 0.955288 0.224105 0.550621 0.482521 0.370001 0.121016
threshold=0 1.5000000000000002 1 2 1.5000000000000002 3 4 1.5000000000000002 5
decision_type=1 2 9 1 2 1 1 2 1
left_child=4 -2 3 -3 6 -6 8 -7 -1
right_child=1 2 -4 -5 5 7 -8 -9 -10
leaf_value=0.010189489490766271 -0.086255606307727495 0.080986016933270621 0.080742907351366106 -0.044997464884700238 0.040614621861393224 -0.021976450640373159 -0.051912785105761687 0.0064649785262032612 0.037483690022007035
leaf_weight=8.8173244958743453 1.8435499388724554 0.93079729005694389 1.0158970206975939 1.7032178379595282 2.0991618745028973 14.605634661624213 1.1884409338235844 6.6596377487876444 1.9912992576137156
leaf_count=214 13 15 16 46 17 249 11 134 30
internal_value=-0.00411524 -0.014244 0.0221286 -0.000477947 -0.00254172 -0.00824625 0.00856793 -0.0130695 0.015218
internal_weight=40.855 5.49346 3.64991 2.63402 35.3615 23.3644 11.9971 21.2653 10.8086
internal_count=745 90 77 61 655 400 255 383 244
cat_boundaries=0 1 2 3 4 5 6
cat_threshold=1 4 1 2 1 1
is_linear=0
shrinkage=0.1


Tree=197
num_leaves=6
num_cat=0
split_feature=7 7 6 7 0
split_gain=0.178265 0.252817 0.244245 0.437078 0.0848499
threshold=4.5000000000000009 2.5000000000000004 4.5000000000000009 1.5000000000000002 2.5000000000000004
decision_type=2 2 2 2 2
left_child=1 2 3 -1 -3
right_child=-2 4 -4 -5 -6
leaf_value=-0.0071414984888393028 0.041124727847565518 -0.0427913097190201 0.053539925772186969 0.02504842494234116 -0.010260860710019915
leaf_weight=11.516646547010181 1.289397982880472 1.2435944774188095 1.0826585702598084 6.6559598927851757 2.2570413528010249
leaf_count=502 16 39 15 138 35
internal_value=0.00495284 0.00290327 0.00739749 0.00464849 -0.0218172
internal_weight=24.0453 22.7559 19.2553 18.1726 3.50064
internal_count=745 729 655 640 74
is_linear=0
shrinkage=0.1


Tree=198
num_leaves=11
num_cat=3
split_feature=6 7 6 2 2 0 7 6 0 3
split_gain=0.079048 0.295776 0.862488 1.04374 0.292048 0.641389 0.262228 0.916873 2.75413 0.162227
threshold=2.5000000000000004 1.5000000000000002 1.5000000000000002 0 1 2.5000000000000004 1.5000000000000002 3.5000000000000004 2.5000000000000004 2
decision_type=2 2 2 1 1 2 2 2 2 1
left_child=1 2 3 -1 5 -3 7 8 -2 -4
right_child=6 4 9 -5 -6 -7 -8 -9 -10 -11
leaf_value=0.039111506336910844 0.1239692628044977 -0.0043252764954639531 0.0061181442617542813 -0.083262930764799334 0.010993276516855974 -0.04778478619053475 0.023703621183692354 -0.069313009537073658 -0.072061953235026857 -0.017315836042173096
leaf_weight=8.4100091749569401 1.4100051075220092 10.951548093929885 4.1950636208057404 0.75994345569051702 4.5268593430519113 4.9221400949172684 4.8327661193907261 1.645705461502075 1.4575561659876255 9.9867127817124111
leaf_count=300 25 122 18 39 24 47 37 21 15 97
internal_value=-0.000831814 -0.00261509 0.00506989 0.0289699 -0.0114118 -0.0178013 0.00751637 -0.0098168 0.0243283 -0.0103839
internal_weight=53.0983 43.7523 23.3517 9.16995 20.4005 15.8737 9.34603 4.51327 2.86756 14.1818
internal_count=745 647 454 339 193 169 98 61 40 115
cat_boundaries=0 1 2 3
cat_threshold=1 1 2
is_linear=0
shrinkage=0.1


Tree=199
num_leaves=8
num_cat=0
split_feature=6 7 0 0 0 6 6
split_gain=0.0378106 0.0509729 0.447577 0.26229 0.221675 0.223049 4.34894e-05
threshold=3.5000000000000004 1.5000000000000002 3.5000000000000004 2.5000000000000004 3.5000000000000004 2.5000000000000004 1.5000000000000002
decision_type=2 2 2 2 2 2 2
left_child=1 2 3 -1 5 -3 -4
right_child=-2 4 6 -5 -6 -7 -8
leaf_value=-0.0038204687027180587 0.016467770812428333 -0.004294622339314073 -0.076399230877684909 0.047443761427230606 0.033156239985328663 0.040370200819022345 -0.07792487761084084
leaf_weight=7.1697843370493537 2.1135677677229969 10.503956641536202 0.34564045793376941 1.1594510963186619 2.5176293402910224 1.2512551988475031 0.4066818724386394
leaf_count=383 38 175 33 62 22 16 16
internal_value=0.00365963 0.00250049 -0.00335631 0.00331564 0.00622707 0.000459617 -0.0772239
internal_weight=25.468 23.3544 9.08156 8.32924 14.2728 11.7552 0.752322
internal_count=745 707 494 445 213 191 49
is_linear=0
shrinkage=0.1


Tree=200
num_leaves=10
num_cat=6
split_feature=2 0 4 3 0 1 1 0 3
split_gain=0.0750511 1.19237 0.451758 0.451591 0.192901 0.460824 0.429132 0.333099 0.101766
threshold=0 1.5000000000000002 1 2 1.5000000000000002 3 4 2.5000000000000004 5
decision_type=1 2 9 1 2 1 1 2 1
left_child=4 -2 -3 -4 6 -6 8 -7 -1
right_child=1 2 3 -5 5 7 -8 -9 -10
leaf_value=0.0099132901352867384 -0.078399161793645575 0.080255253168475371 0.056393914301729457 -0.032892365444783973 0.03748309307514127 -0.021918356200117395 -0.049114829090394024 0.0033650548918009145 0.034924352532938012
leaf_weight=8.8896494377404451 1.8932491093873967 0.92422246932983398 0.87187519110739253 1.6171507537364962 2.098714480176568 12.770699224201968 1.17530858516693 8.8023378993675561 1.9912172844633431
leaf_count=214 13 16 19 42 17 233 11 150 30
internal_value=-0.00365455 -0.0147515 0.0205523 -0.00161648 -0.00200637 -0.00725025 0.00828974 -0.0116021 0.0144904
internal_weight=41.0344 5.3065 3.41325 2.48903 35.7279 23.6718 12.0562 21.573 10.8809
internal_count=745 90 77 61 655 400 255 383 244
cat_boundaries=0 1 2 3 4 5 6
cat_threshold=1 2 1 2 1 1
is_linear=0
shrinkage=0.1


Tree=201
num_leaves=6
num_cat=0
split_feature=7 7 6 7 0
split_gain=0.147941 0.209426 0.208359 0.387877 0.0747373
threshold=4.5000000000000009 2.5000000000000004 4.5000000000000009 1.5000000000000002 2.5000000000000004
decision_type=2 2 2 2 2
left_child=1 2 3 -1 -3
right_child=-2 4 -4 -5 -6
leaf_value=-0.0070983099762217967 0.037702017268348292 -0.039969425715145473 0.050371628946659655 0.023135609303465227 -0.0092755016030785856
leaf_weight=11.445794240804402 1.26016264874488 1.224326103460043 1.028650365769862 6.7432470798958084 2.2532916760537773
leaf_count=502 16 39 15 138 35
internal_value=0.00435194 0.00250017 0.00658654 0.00411035 -0.0200816
internal_weight=23.9555 22.6953 19.2177 18.189 3.47762
internal_count=745 729 655 640 74
is_linear=0
shrinkage=0.1


Tree=202
num_leaves=11
num_cat=4
split_feature=6 7 6 7 6 2 7 5 4 3
split_gain=0.0899674 0.248523 0.76401 0.247975 0.679508 0.886405 0.246028 0.473608 0.210593 0.1453
threshold=2.5000000000000004 1.5000000000000002 3.5000000000000004 1.5000000000000002 1.5000000000000002 0 2.5000000000000004 1 2 3
decision_type=2 2 2 2 2 1 2 1 9 1
left_child=3 2 -2 4 5 -1 8 -8 -5 -6
right_child=1 -3 -4 6 9 -7 7 -9 -10 -11
leaf_value=0.033876451048740472 0.022924481949417715 0.02396883111712636 -0.063416315451250052 -0.033463224277614931 0.0062586442852420252 -0.08325339811979808 0.020357032045620109 -0.033121891890140621 -0.0075358070187061359 -0.01592260907614226
leaf_weight=8.7453999948920682 2.7840135283768159 4.8383382470346987 1.6219429504126308 5.6915066055953503 4.1870316714048386 0.69763600057922204 5.2541269161738455 2.4181004837155333 6.9682477340102214 10.021898642182348
leaf_count=300 40 37 21 80 18 39 71 10 32 97
internal_value=-0.000645419 0.00832229 -0.00885973 -0.0025302 0.00443147 0.0252231 -0.0106286 0.00350177 -0.0191921 -0.00938632
internal_weight=53.2282 9.24429 4.40596 43.9839 23.652 9.44304 20.332 7.67223 12.6598 14.2089
internal_count=745 98 61 647 454 339 193 81 112 115
cat_boundaries=0 1 2 3 4
cat_threshold=1 2 4 2
is_linear=0
shrinkage=0.1


Tree=203
num_leaves=10
num_cat=2
split_feature=0 6 7 7 1 3 6 7 7
split_gain=0.0500132 0.267998 0.494288 0.35741 1.02372 0.326178 0.247126 0.0710327 0.113583
threshold=2.5000000000000004 1.5000000000000002 2.5000000000000004 1.5000000000000002 0 1 3.5000000000000004 2.5000000000000004 1.5000000000000002
decision_type=2 2 2 2 1 1 2 2 2
left_child=6 2 5 4 -3 -2 7 8 -1
right_child=1 3 -4 -5 -6 -7 -8 -9 -10
leaf_value=-0.003418801724959673 -0.077160773148587866 -0.0767833115786829 0.053617562527676021 -0.0466836718801249 0.088953633742069688 0.0066557609696916075 0.043278896119693974 -0.013538984771485596 0.015056097893674306
leaf_weight=7.1557518537156337 0.63524177926592373 0.66839781275484711 1.8048205603845415 2.3558464953675866 0.84238913655281089 1.7253396604210136 1.6261683404445637 2.3914480712264767 6.2205507280305028
leaf_count=383 59 51 28 33 4 34 13 40 100
internal_value=0.00314891 -0.00337772 0.0142214 -0.0223367 0.0156288 -0.0158996 0.00616274 0.00233485 0.00517281
internal_weight=25.426 8.03204 4.1654 3.86663 1.51079 2.36058 17.3939 15.7678 13.3763
internal_count=745 209 121 88 55 93 536 523 483
cat_boundaries=0 1 2
cat_threshold=1 1
is_linear=0
shrinkage=0.1


Tree=204
num_leaves=10
num_cat=6
split_feature=2 0 4 3 0 1 1 0 3
split_gain=0.0789122 0.994464 0.427664 0.370683 0.160177 0.399979 0.37543 0.275203 0.0896423
threshold=0 1.5000000000000002 1 2 1.5000000000000002 3 4 2.5000000000000004 5
decision_type=1 2 9 1 2 1 1 2 1
left_child=4 -2 -3 -4 6 -6 8 -7 -1
right_child=1 2 3 -5 5 7 -8 -9 -10
leaf_value=0.0092018227244887868 -0.071559804373580047 0.079816628117313632 0.050563079695894797 -0.031151380454718658 0.035282315306631194 -0.019691398929551004 -0.046318706967791445 0.0032180673553792397 0.032659163880606253
leaf_weight=8.9834408732131124 1.9396852124482382 0.84967357665300369 0.85395038779824994 1.5865202080458405 2.1014129742980003 12.93458050768823 1.162012007087468 8.8183776735386328 1.9900130964815588
leaf_count=214 13 16 19 42 17 233 11 150 30
internal_value=-0.00328909 -0.0147671 0.0187147 -0.0025585 -0.00162118 -0.00637951 0.00773215 -0.0104042 0.0134558
internal_weight=41.2197 5.22983 3.29014 2.44047 35.9898 23.8544 12.1355 21.753 10.9735
internal_count=745 90 77 61 655 400 255 383 244
cat_boundaries=0 1 2 3 4 5 6
cat_threshold=1 2 1 2 1 1
is_linear=0
shrinkage=0.1


Tree=205
num_leaves=6
num_cat=0
split_feature=7 7 6 7 0
split_gain=0.139452 0.159693 0.183552 0.32867 0.0674266
threshold=4.5000000000000009 2.5000000000000004 4.5000000000000009 1.5000000000000002 2.5000000000000004
decision_type=2 2 2 2 2
left_child=1 2 3 -1 -3
right_child=-2 4 -4 -5 -6
leaf_value=-0.0069534447666156282 0.036447683986057459 -0.036793327655733954 0.047708356443039092 0.020756903547037173 -0.0074467541716123232
leaf_weight=11.432059430051607 1.2501604696735729 1.2021079405676567 0.98637760058045287 6.8421008035074911 2.2451733441557735
leaf_count=502 16 39 15 138 35
internal_value=0.00393204 0.00214192 0.00568972 0.0034217 -0.0176803
internal_weight=23.958 22.7078 19.2605 18.2742 3.44728
internal_count=745 729 655 640 74
is_linear=0
shrinkage=0.1


Tree=206
num_leaves=11
num_cat=5
split_feature=6 5 7 6 2 2 0 3 7 3
split_gain=0.0890519 0.221128 0.195529 0.568011 0.756039 0.211085 0.550178 0.173237 0.618704 0.138938
threshold=2.5000000000000004 0 1.5000000000000002 1.5000000000000002 1 2 2.5000000000000004 3 1.5000000000000002 4
decision_type=2 1 2 2 1 1 2 1 2 1
left_child=2 7 3 4 -1 6 -4 8 -2 -5
right_child=1 -3 5 9 -6 -7 -8 -9 -10 -11
leaf_value=0.029975193806541879 -0.02311863199477374 0.031578029380999267 -0.0026936902661192845 0.0064177939956368271 -0.082333113330491536 0.0094290136529168248 -0.043231067826759652 -0.014669366154502093 0.08164188931176336 -0.015285875003129301
leaf_weight=9.0137474528746679 1.3806711698416623 2.853382505476473 11.026314894668756 4.1743460297584534 0.64210475469007988 4.5532541871070871 4.8079404574818918 3.9743196107447147 0.95279355300590385 10.052640866488217
leaf_count=300 43 20 122 18 39 24 47 21 14 97
internal_value=-0.000495963 0.00847841 -0.00235309 0.0037872 0.0225068 -0.0095461 -0.0150025 -0.00197092 0.0196569 -0.00891779
internal_weight=53.4315 9.16117 44.2703 23.8828 9.65585 20.3875 15.8343 6.30778 2.33346 14.227
internal_count=745 98 647 454 339 193 169 78 57 115
cat_boundaries=0 1 2 3 4 5
cat_threshold=2 1 1 1 2
is_linear=0
shrinkage=0.1


Tree=207
num_leaves=11
num_cat=3
split_feature=0 6 7 7 1 3 6 0 6 4
split_gain=0.0379211 0.237641 0.416045 0.31448 0.911437 0.30908 0.204934 0.0603155 0.964935 0.248303
threshold=2.5000000000000004 1.5000000000000002 2.5000000000000004 1.5000000000000002 0 1 3.5000000000000004 1.5000000000000002 1.5000000000000002 2
decision_type=2 2 2 2 1 1 2 2 2 9
left_child=6 2 5 4 -3 -2 7 8 -1 -9
right_child=1 3 -4 -5 -6 -7 -8 9 -10 -11
leaf_value=-0.017630355542388596 -0.077002621345346134 -0.076658071797356009 0.049631757933845437 -0.044379918164460373 0.082578965873105786 0.0068951316896321202 0.038794371175167465 -0.022220559723822614 0.068762509939281083 0.010092306165096649
leaf_weight=4.0865849619731351 0.58971616392955117 0.62542286806274205 1.797048322856426 2.2937160111032426 0.84523078799247764 1.7193384566344319 1.6513181775808323 4.0042015337385237 1.8911004723049698 5.8560137732420117
leaf_count=203 59 51 28 33 4 34 13 162 63 95
internal_value=0.00267635 -0.00308804 0.0135496 -0.0212361 0.0148604 -0.0145318 0.00527044 0.00177511 0.00970089 -0.00302984
internal_weight=25.3597 7.87047 4.1061 3.76437 1.47065 2.30905 17.4892 15.8379 5.97769 9.86022
internal_count=745 209 121 88 55 93 536 523 266 257
cat_boundaries=0 1 2 3
cat_threshold=1 1 4
is_linear=0
shrinkage=0.1


Tree=208
num_leaves=10
num_cat=6
split_feature=2 0 5 3 0 1 1 0 3
split_gain=0.0806824 0.832681 0.430113 0.304567 0.140665 0.348161 0.331949 0.216131 0.0812283
threshold=0 1.5000000000000002 1 2 1.5000000000000002 3 4 2.5000000000000004 5
decision_type=1 2 1 1 2 1 1 2 1
left_child=4 -2 3 -3 6 -6 8 -7 -1
right_child=1 2 -4 -5 5 7 -8 -9 -10
leaf_value=0.0087451040679440914 -0.065577136446550749 0.044818194211500254 0.079744888355308186 -0.030675171921274138 0.033115907640280842 -0.017637570542692937 -0.043808470744940112 0.0026189637628711098 0.031064125715928342
leaf_weight=9.0412805723026395 1.9796225391328324 0.81720135593786825 0.813964914530516 1.5442243916913869 2.103413475677371 13.075969544472178 1.1445556953549374 8.8202734637306985 1.9894407154060871
leaf_count=214 13 19 15 43 17 233 11 150 30
internal_value=-0.00297117 -0.0146755 0.017058 -0.00454973 -0.00130328 -0.00574475 0.00745165 -0.00947781 0.0127704
internal_weight=41.3299 5.15501 3.17539 2.36143 36.1749 23.9997 12.1753 21.8962 11.0307
internal_count=745 90 77 62 655 400 255 383 244
cat_boundaries=0 1 2 3 4 5 6
cat_threshold=1 2 1 2 1 1
is_linear=0
shrinkage=0.1


Tree=209
num_leaves=8
num_cat=3
split_feature=7 6 7 0 4 1 4
split_gain=0.117163 0.148948 0.436762 1.36898 0.733415 0.331492 0.950992
threshold=4.5000000000000009 1.5000000000000002 1.5000000000000002 1.5000000000000002 0 1 2
decision_type=2 2 2 2 9 1 9
left_child=1 2 3 -1 -4 6 -3
right_child=-2 5 4 -5 -6 -7 -8
leaf_value=0.024318483427055445 0.033492942137490704 0.028246425357655775 -0.011830342273076371 -0.077513310552934089 0.060044691341326686 -0.029913729472408508 -0.081165793645819814
leaf_weight=2.5985390888527089 1.2245486928150047 8.2840788450557739 4.4135565268807113 2.6835190736455843 2.0929093044251204 1.7351477369666088 0.87867217650636753
leaf_count=141 16 176 118 198 37 20 39
internal_value=0.00336351 0.00173721 -0.00605349 -0.0274166 0.0112894 0.0101646 0.0177542
internal_weight=23.911 22.6864 11.7885 5.28206 6.50647 10.8979 9.16275
internal_count=745 729 494 339 155 235 215
cat_boundaries=0 1 2 3
cat_threshold=4 1 4
is_linear=0
shrinkage=0.1


Tree=210
num_leaves=11
num_cat=4
split_feature=6 2 0 6 5 4 6 0 0 4
split_gain=0.0848756 0.188452 0.715027 0.481861 0.170986 1.24612 1.17652 0.882039 0.656207 0.619055
threshold=2.5000000000000004 0 2.5000000000000004 3.5000000000000004 1 2 1.5000000000000002 1.5000000000000002 3.5000000000000004 3
decision_type=2 1 2 2 1 9 2 2 2 9
left_child=4 2 3 -2 5 6 -1 -7 9 -6
right_child=1 -3 -4 -5 8 7 -8 -9 -10 -11
leaf_value=-0.020206187432178422 0.029071812827363992 -0.0082224290114293538 0.063479775822877296 -0.052094511218812915 -0.02175000432451181 -0.013430987663165354 -0.16293317035743032 0.035155883025149208 -0.051968732003987356 0.013738963290845391
leaf_weight=4.5062287560431287 1.4605322256684288 3.8581625893712044 2.2418880115728825 1.4651775509119032 8.664673572871834 5.8027885816991391 0.6624530255794524 10.492262784158809 2.9726802315562955 11.358628265559677
leaf_count=183 31 17 37 13 161 94 2 133 31 43
internal_value=-0.000340753 0.00850052 0.020986 -0.0115758 -0.00213562 0.00428343 -0.038499 0.0178537 -0.00812696 -0.00161816
internal_weight=53.4855 9.02576 5.1676 2.92571 44.4597 21.4637 5.16868 16.2951 22.996 20.0233
internal_count=745 98 81 44 647 412 185 227 235 204
cat_boundaries=0 1 2 3 4
cat_threshold=1 2 2 4
is_linear=0
shrinkage=0.1


Tree=211
num_leaves=10
num_cat=3
split_feature=0 6 7 3 7 1 6 1 7
split_gain=0.0363725 0.203748 0.333213 0.293078 0.275799 0.809342 0.201643 0.0590868 0.443244
threshold=2.5000000000000004 1.5000000000000002 2.5000000000000004 0 1.5000000000000002 1 3.5000000000000004 2 2.5000000000000004
decision_type=2 2 2 1 2 1 2 1 2
left_child=6 2 3 -2 5 -3 7 -1 -9
right_child=1 4 -4 -5 -6 -7 -8 8 -10
leaf_value=0.0087510001596331904 -0.076875903751934968 -0.076552881817782331 0.044454836912905853 0.0070172016691456285 -0.04244128030583607 0.076424636769233389 0.038190178715706909 0.0055800804914739105 -0.05495700730724188
leaf_weight=6.5476332828402519 0.5496388711035245 0.5853792549460195 1.7836525617167351 1.7180662443861363 2.2276503180619329 0.84516159445047401 1.6495857462286938 7.9512140232836881 1.426465629134327
leaf_count=27 59 51 28 34 33 4 13 459 37
internal_value=0.00239668 -0.00332985 0.0121179 -0.0133165 -0.0204379 0.013826 0.00490873 0.00146135 -0.00362839
internal_weight=25.2844 7.70955 4.05136 2.26771 3.65819 1.43054 17.5749 15.9253 9.37768
internal_count=745 209 121 93 88 55 536 523 496
cat_boundaries=0 1 2 3
cat_threshold=1 1 2
is_linear=0
shrinkage=0.1


Tree=212
num_leaves=9
num_cat=4
split_feature=6 1 1 3 7 0 3 0
split_gain=0.0718259 0.755673 0.575269 0.381214 0.43845 0.107054 0.0727108 0.135752
threshold=1.5000000000000002 0 1 2 1.5000000000000002 1.5000000000000002 3 1.5000000000000002
decision_type=2 1 1 1 2 2 1 2
left_child=1 -1 6 4 -3 -5 7 -2
right_child=2 3 -4 5 -6 -7 -8 -9
leaf_value=0.054495741322949522 -0.015379795869781256 0.076722550980927368 -0.06953244548913963 -0.0012847411376938657 0.00099641336717304243 -0.015447346163549008 -0.014696339302989504 0.012847787942527548
leaf_weight=2.2832072633318603 2.5705351494252673 1.1231589764356615 1.4265507203526784 8.4902185723185628 2.3949481683957856 14.371909008128567 3.1677545761922365 5.05240398508613
leaf_count=26 56 53 20 171 24 231 44 120
internal_value=-0.00343195 -0.000695399 -0.00985231 -0.00547219 0.0251721 -0.0101878 -0.00196248 0.00332915
internal_weight=40.8807 28.6634 12.2172 26.3802 3.51811 22.8621 10.7907 7.62294
internal_count=745 505 240 479 77 402 220 176
cat_boundaries=0 1 2 3 4
cat_threshold=2 1 2 1
is_linear=0
shrinkage=0.1


Tree=213
num_leaves=5
num_cat=0
split_feature=6 6 7 0
split_gain=0.122323 0.554631 0.313265 0.234089
threshold=4.5000000000000009 3.5000000000000004 4.5000000000000009 2.5000000000000004
decision_type=2 2 2 2
left_child=1 2 3 -1
right_child=-2 -3 -4 -5
leaf_value=-0.0064506111252623337 0.036984401081032368 -0.080360629466971589 0.060615834444660566 0.015042879521251891
leaf_weight=12.310944991651933 1.0454188715666521 0.78922193683683772 0.96692429110407729 8.6117935485090129
leaf_count=521 18 20 13 173
internal_value=0.00354007 0.00199841 0.00496782 0.0023961
internal_weight=23.7243 22.6789 21.8897 20.9227
internal_count=745 727 707 694
is_linear=0
shrinkage=0.1


Tree=214
num_leaves=11
num_cat=5
split_feature=6 7 6 2 7 5 4 3 0 3
split_gain=0.0880994 0.200099 0.479411 0.652499 0.17034 0.372457 0.174318 0.166985 0.310377 0.132356
threshold=2.5000000000000004 1.5000000000000002 1.5000000000000002 0 2.5000000000000004 1 2 3 2.5000000000000004 4
decision_type=2 2 2 1 2 1 9 1 2 1
left_child=1 2 3 -1 6 -6 -3 8 -2 -4
right_child=7 4 9 -5 5 -7 -8 -9 -10 -11
leaf_value=-0.081713182246244243 -0.00083296950092927541 -0.029114013276356349 0.0077092047806644791 0.027951611474711553 0.017500898320561935 -0.030242208155963141 -0.0055544108370027745 -0.0029922383939485551 0.056240120247268689 -0.013610545298226287
leaf_weight=0.57691506971605122 2.1345174405723797 5.7965872045606375 4.0963071882724762 9.1102022775448841 5.2306942553259432 2.3763567954301825 6.8540137335658091 5.0492446273565292 1.7212054629344491 10.07100687175989
leaf_count=39 37 80 18 300 71 10 32 29 32 97
internal_value=-9.86746e-05 -0.00193021 0.00427638 0.0214205 -0.0092388 0.00258649 -0.0163496 0.00897412 0.0246446 -0.0074462
internal_weight=53.0171 44.1121 23.8544 9.68712 20.2577 7.60705 12.6506 8.90497 3.85572 14.1673
internal_count=745 647 454 339 193 81 112 98 69 115
cat_boundaries=0 1 2 3 4 5
cat_threshold=2 2 4 1 2
is_linear=0
shrinkage=0.1


Tree=215
num_leaves=8
num_cat=2
split_feature=7 0 7 6 7 3 2
split_gain=0.0403589 0.0192359 0.82241 0.284619 0.246321 0.29048 0.166623
threshold=3.5000000000000004 3.5000000000000004 2.5000000000000004 1.5000000000000002 2.5000000000000004 0 1
decision_type=2 2 2 2 2 1 1
left_child=1 4 3 -3 6 -6 -1
right_child=-2 2 -4 -5 5 -7 -8
leaf_value=0.028170074892079427 0.01877166390348808 -0.00020054871190337468 0.076464714564603686 -0.079268744884005107 0.007941505755553099 -0.050899648534298729 0.0010066518397647479
leaf_weight=2.6705337478779256 1.4283743752166618 1.1651076390407968 1.1314238496124744 0.74724246351979684 1.5316281663253895 1.8552261628210545 14.626360155583837
leaf_count=63 34 38 11 22 34 11 532
internal_value=0.00244659 0.00146384 0.00888613 -0.0310961 0.000371589 -0.0242901 0.00520052
internal_weight=25.1559 23.7275 3.04377 1.91235 20.6837 3.38685 17.2969
internal_count=745 711 71 60 640 45 595
cat_boundaries=0 1 2
cat_threshold=1 2
is_linear=0
shrinkage=0.1


Tree=216
num_leaves=9
num_cat=5
split_feature=2 0 3 0 1 1 0 3
split_gain=0.0879277 0.62388 0.236586 0.117921 0.309016 0.287159 0.174482 0.0744941
threshold=0 1.5000000000000002 1 1.5000000000000002 2 3 2.5000000000000004 4
decision_type=1 2 1 2 1 1 2 1
left_child=3 -2 -3 5 -5 7 -6 -1
right_child=1 2 -4 4 6 -7 -8 -9
leaf_value=0.0077293711180681304 -0.058017811404145185 0.051726079755006163 -0.0074550988511097385 0.031371127948236828 -0.016198475902229711 -0.041750412558625244 0.0020565546371291068 0.029154456871018239
leaf_weight=9.0953151430003345 2.0354638528078786 1.0632400051690638 1.8522856375202537 2.0860058777034283 13.121469146572059 1.1122542470693577 8.7122279447794408 1.9752886593341799
leaf_count=214 13 22 55 17 233 11 150 30
internal_value=-0.0030361 -0.0155332 0.0141272 -0.00132228 -0.005401 0.00668583 -0.00891423 0.0115522
internal_weight=41.0536 4.95099 2.91553 36.1026 23.9197 12.1829 21.8337 11.0706
internal_count=745 90 77 655 400 255 383 244
cat_boundaries=0 1 2 3 4 5
cat_threshold=1 1 2 1 1
is_linear=0
shrinkage=0.1


Tree=217
num_leaves=5
num_cat=0
split_feature=6 6 7 0
split_gain=0.12091 0.486668 0.289639 0.203686
threshold=4.5000000000000009 3.5000000000000004 4.5000000000000009 2.5000000000000004
decision_type=2 2 2 2
left_child=1 2 3 -1
right_child=-2 -3 -4 -5
leaf_value=-0.0062086535693259923 0.036814991422883546 -0.079694477119931287 0.058641876096866122 0.013830573954690019
leaf_weight=12.28221373888665 1.0356172937899817 0.70854991860687633 0.9458259604871263 8.6405673745903187
leaf_count=521 18 20 13 173
internal_value=0.00340374 0.00187116 0.00451391 0.00206703
internal_weight=23.6128 22.5772 21.8686 20.9228
internal_count=745 727 707 694
is_linear=0
shrinkage=0.1


Tree=218
num_leaves=11
num_cat=3
split_feature=6 5 4 6 0 0 4 7 6 0
split_gain=0.0754862 0.157312 1.15172 0.970861 0.730105 0.590461 0.590034 0.155713 0.601655 2.45169
threshold=2.5000000000000004 0 1 1.5000000000000002 1.5000000000000002 3.5000000000000004 2 1.5000000000000002 3.5000000000000004 2.5000000000000004
decision_type=2 1 9 2 2 2 9 2 2 2
left_child=1 2 3 -1 -4 6 -3 8 9 -2
right_child=7 5 4 -5 -6 -7 -8 -9 -10 -11
leaf_value=-0.020152515476884098 0.12034699596399992 -0.02113306316963838 -0.010859364656364508 -0.14943545836387226 0.033215857674759153 -0.050129307527048861 0.01351044240575588 0.021279866176724699 -0.054284680551824886 -0.07076419636265506
leaf_weight=4.5142196173546836 1.323799774050711 8.6992989673744887 5.8752051834017101 0.66664382815361012 10.431032691616563 2.8603360354900351 11.305126786231998 4.4981063986197114 1.5829815361648796 1.3617893909104166
leaf_count=183 25 161 94 2 133 31 43 37 21 15
internal_value=-0.000182117 -0.00185811 0.00428544 -0.0367879 0.0173354 -0.00763149 -0.00155493 0.00829697 -0.00538406 0.0234397
internal_weight=53.1185 44.3519 21.4871 5.18086 16.3062 22.8648 20.0044 8.76668 4.26857 2.68559
internal_count=745 647 412 185 227 235 204 98 61 40
cat_boundaries=0 1 2 3
cat_threshold=2 2 4
is_linear=0
shrinkage=0.1


Tree=219
num_leaves=7
num_cat=3
split_feature=7 1 2 0 5 7
split_gain=0.0400851 0.01985 0.628378 0.318734 0.246813 0.00102078
threshold=3.5000000000000004 0 1 1.5000000000000002 2 2.5000000000000004
decision_type=2 1 1 2 1 2
left_child=1 4 5 -4 -1 -3
right_child=-2 2 3 -5 -6 -7
leaf_value=0.02008404672311816 0.018621022977639581 -0.075894692753722071 -0.022915267255355882 0.013031997298782589 -0.012957003516295921 -0.082416011276915169
leaf_weight=4.9020827785134315 1.3959281584247936 0.53829819685779512 3.2399777383543578 10.333312827278858 4.1958854719996452 0.43318213522434235
leaf_count=22 34 60 241 358 24 6
internal_value=0.00215446 0.00118223 -0.00110943 0.0044513 0.00484587 -0.0788025
internal_weight=25.0387 23.6427 14.5448 13.5733 9.09797 0.97148
internal_count=745 711 665 599 46 66
cat_boundaries=0 1 2 3
cat_threshold=2 2 2
is_linear=0
shrinkage=0.1


Tree=220
num_leaves=9
num_cat=4
split_feature=6 1 1 3 7 0 3 0
split_gain=0.0840075 0.638242 0.506901 0.309845 0.423353 0.0813889 0.0657454 0.132959
threshold=1.5000000000000002 0 1 2 1.5000000000000002 3.5000000000000004 3 1.5000000000000002
decision_type=2 1 1 1 2 2 1 2
left_child=1 -1 6 4 -3 -5 7 -2
right_child=2 3 -4 5 -6 -7 -8 -9
leaf_value=0.050531302356715949 -0.016563047582437426 0.076596127603327041 -0.067581481086620238 -0.0074382748780013989 7.1350228361852878e-05 -0.032513064572039174 -0.015257982621689077 0.011461806110592223
leaf_weight=2.2656621388159692 2.5535311223939052 1.0386341270059349 1.3717135023325671 21.670021956553693 2.3784068503882736 1.3767038136720646 3.1066077012801534 5.0229428443999495
leaf_count=26 56 53 20 376 24 26 44 120
internal_value=-0.0033484 -0.000408519 -0.0103548 -0.00476967 0.0233316 -0.00893613 -0.00300689 0.00201647
internal_weight=40.7842 28.7294 12.0548 26.4638 3.41704 23.0467 10.6831 7.57647
internal_count=745 505 240 479 77 402 220 176
cat_boundaries=0 1 2 3 4
cat_threshold=2 1 2 1
is_linear=0
shrinkage=0.1


Tree=221
num_leaves=8
num_cat=2
split_feature=7 6 7 0 0 1 4
split_gain=0.105813 0.159808 0.426583 1.13625 0.628185 0.275715 0.871135
threshold=4.5000000000000009 1.5000000000000002 1.5000000000000002 1.5000000000000002 1.5000000000000002 0 1
decision_type=2 2 2 2 2 1 9
left_child=1 2 3 -1 -4 -3 -7
right_child=-2 5 4 -5 -6 6 -8
leaf_value=0.016961897968260569 0.033353214438667449 -0.02661525104335042 -0.035598288942129352 -0.077091881622565167 0.031395265861477943 0.027648911851284808 -0.080725200396743357
leaf_weight=2.7057351707480901 1.1237029777839769 1.660847332328558 2.022879172116518 2.4452924762153998 4.5430655051022768 8.1226392659009434 0.81624500453471682
leaf_count=141 16 20 60 198 95 176 39
internal_value=0.00341153 0.00190389 -0.00614477 -0.0276873 0.0107555 0.0108009 0.0177528
internal_weight=23.4404 22.3167 11.717 5.15103 6.56594 10.5997 8.93888
internal_count=745 729 494 339 155 235 215
cat_boundaries=0 1 2
cat_threshold=2 4
is_linear=0
shrinkage=0.1


Tree=222
num_leaves=12
num_cat=4
split_feature=5 4 6 2 0 4 6 7 6 0 7
split_gain=0.0729398 0.91777 0.832552 0.670549 0.497336 1.11207 0.403581 0.363126 0.30336 0.305008 0.0227382
threshold=0 1 1.5000000000000002 2 1.5000000000000002 3 3.5000000000000004 1.5000000000000002 2.5000000000000004 3.5000000000000004 1.5000000000000002
decision_type=1 9 2 1 2 9 2 2 2 2 2
left_child=1 2 7 6 5 -2 -3 -1 9 -6 -5
right_child=4 3 -4 10 8 -7 -8 -9 -10 -11 -12
leaf_value=0.0074033413562828434 0.053300084939959053 0.035245733902932411 -0.13925781261419276 -0.0011110789384269027 -0.011294694790951654 -0.027464720933360467 -0.018381573304583634 -0.04981395188883337 0.020729838952518398 -0.047997558030448612 -0.010697446492685881
leaf_weight=2.391842445009388 3.9878958016633987 10.542811875930054 0.66264995932579029 4.252855390310291 13.086558989249172 2.9779462704900679 1.6187990028411157 2.0683490261435509 2.3683059699833384 2.7378814769908777 5.9163792505860329
leaf_count=171 17 232 2 20 113 75 23 12 19 31 30
internal_value=-5.97869e-05 0.00350457 -0.0346691 0.0122619 -0.00394931 0.0187726 0.0281075 -0.0191303 -0.0126493 -0.0176449 -0.00668835
internal_weight=52.6123 27.4537 5.12284 22.3308 25.1586 6.96584 12.1616 4.46019 18.1927 15.8244 10.1692
internal_count=745 490 185 305 255 92 255 183 163 144 50
cat_boundaries=0 1 2 3 4
cat_threshold=2 2 1 2
is_linear=0
shrinkage=0.1


Tree=223
num_leaves=7
num_cat=4
split_feature=7 1 2 3 5 7
split_gain=0.0393435 0.0231879 0.575839 0.292015 0.21231 0.000768588
threshold=3.5000000000000004 0 1 2 3 2.5000000000000004
decision_type=2 1 1 1 1 2
left_child=1 4 5 -4 -1 -3
right_child=-2 2 3 -5 -6 -7
leaf_value=0.019489701348000113 0.018823288583554171 -0.075846430453295782 -0.0063665045855688289 0.0246622491067785 -0.011231646274586976 -0.081726216771644114
leaf_weight=4.9062157571315765 1.3776527270674694 0.50296550069469959 8.9975030435016397 4.5753603880293658 4.1542743444442749 0.39842300489544868
leaf_count=22 34 60 526 73 24 6
internal_value=0.00239799 0.0014365 -0.00104694 0.00409317 0.00540383 -0.0784454
internal_weight=24.9124 23.5347 14.4743 13.5729 9.06049 0.901389
internal_count=745 711 665 599 46 66
cat_boundaries=0 1 2 3 4
cat_threshold=2 2 1 2
is_linear=0
shrinkage=0.1


Tree=224
num_leaves=9
num_cat=5
split_feature=2 0 3 0 1 1 0 3
split_gain=0.0811119 0.466286 0.210857 0.125153 0.269232 0.243149 0.146385 0.0716129
threshold=0 1.5000000000000002 1 1.5000000000000002 2 3 2.5000000000000004 4
decision_type=1 2 1 2 1 1 2 1
left_child=3 -2 -3 5 -5 7 -6 -1
right_child=1 2 -4 4 6 -7 -8 -9
leaf_value=0.0071085758897185339 -0.051423351909580584 0.047437255349001867 -0.0099628477478943666 0.028376803734120909 -0.016110410007632647 -0.039209797064228724 0.00075266971430855401 0.028237795153527125
leaf_weight=8.9016280411742628 2.0801994688808909 1.0185069050639868 1.7219614409841597 2.0640341062098742 12.997976941755047 1.0624008066952217 8.5234917916823161 1.956665171775964
leaf_count=214 13 22 55 17 233 11 150 30
internal_value=-0.00355482 -0.0157263 0.0113701 -0.0019023 -0.00612311 0.00644873 -0.00943185 0.0109161
internal_weight=40.3269 4.82067 2.74047 35.5062 23.5855 11.9207 21.5215 10.8583
internal_count=745 90 77 655 400 255 383 244
cat_boundaries=0 1 2 3 4 5
cat_threshold=1 1 2 1 1
is_linear=0
shrinkage=0.1


Tree=225
num_leaves=9
num_cat=3
split_feature=7 6 7 0 4 5 7 1
split_gain=0.103338 0.134835 0.377206 1.04535 0.585148 0.24506 1.27119 1.09577
threshold=4.5000000000000009 1.5000000000000002 1.5000000000000002 1.5000000000000002 0 1 1.5000000000000002 2
decision_type=2 2 2 2 9 1 2 1
left_child=1 2 3 -1 -4 7 -7 -3
right_child=-2 5 4 -5 -6 6 -8 -9
leaf_value=0.015079249697874927 0.032924419316825118 0.016862407882797574 -0.011312976067697484 -0.076943116013978533 0.051837721826411234 0.10990667947666265 -0.079391147258557615 -0.08898675831401727
leaf_weight=2.7413526468444669 1.1227441793307651 7.7872904699179353 4.3163623970467597 2.2457129923859611 2.222900964319706 1.0541246980428667 0.53468676982447494 1.1184827629476775
leaf_count=141 16 166 118 198 37 38 22 9
internal_value=0.0033313 0.00182249 -0.00564407 -0.0263591 0.0101539 0.0100231 0.0462018 0.00356873
internal_weight=23.1437 22.0209 11.5263 4.98707 6.53926 10.4946 1.58881 8.90577
internal_count=745 729 494 339 155 235 60 175
cat_boundaries=0 1 2 3
cat_threshold=4 2 1
is_linear=0
shrinkage=0.1


Tree=226
num_leaves=13
num_cat=5
split_feature=5 4 6 2 4 7 1 0 6 6 7 7
split_gain=0.0820572 0.838862 0.729618 0.552532 0.434383 1.66545 0.543315 0.53824 0.4379 0.348155 0.319668 0.0189229
threshold=0 1 1.5000000000000002 2 3 1.5000000000000002 4 2.5000000000000004 1.5000000000000002 3.5000000000000004 1.5000000000000002 1.5000000000000002
decision_type=1 9 2 1 9 2 1 2 2 2 2 2
left_child=1 2 10 9 5 8 7 -6 -2 -3 -1 -5
right_child=4 3 -4 11 6 -7 -8 -9 -10 -11 -12 -13
leaf_value=0.0062627618051117571 0.010448652635197319 0.033471672480676049 -0.13141686229514415 0.00010398310362200327 0.033778799123521018 -0.13080686295001379 -0.023838089339643001 -0.012481641162311733 -0.039783677597245139 -0.01635365238794324 -0.047535894768371924 -0.0086593174284049969
leaf_weight=2.4237924177432433 5.6669447536114586 10.384342688368632 0.65332892537116993 4.2467041835188901 7.3015434890985489 1.206412702798844 4.347950041294097 3.8367034792900085 2.5014853626489639 1.6213652826845653 2.0290924236178398 5.8700074777007103
leaf_count=171 162 232 2 20 33 4 16 28 12 23 12 30
internal_value=1.02258e-05 0.00380276 -0.0327314 0.0122354 -0.00414348 -0.0211325 0.00614109 0.0178438 -0.00493441 0.0267428 -0.0182522 -0.00498074
internal_weight=52.0897 27.2286 5.10621 22.1224 24.861 9.37484 15.4862 11.1382 8.16843 12.0057 4.45288 10.1167
internal_count=745 490 185 305 255 178 77 61 174 255 183 50
cat_boundaries=0 1 2 3 4 5
cat_threshold=2 2 1 4 1
is_linear=0
shrinkage=0.1


Tree=227
num_leaves=7
num_cat=4
split_feature=7 1 2 3 4 7
split_gain=0.0355975 0.0273131 0.523877 0.261941 0.178005 0.000579631
threshold=3.5000000000000004 0 1 2 3 2.5000000000000004
decision_type=2 1 1 1 9 2
left_child=1 4 5 -4 -1 -3
right_child=-2 2 3 -5 -6 -7
leaf_value=0.018957318445525909 0.018328988599114155 -0.075778654397338177 -0.0061796144364562608 0.023218583729382937 -0.0092946572474683648 -0.081102253882762376
leaf_weight=4.886241503059864 1.3691866134759028 0.46189276687800884 8.9660210706642847 4.5785388196818522 4.1026683673262596 0.36704844236373901
leaf_count=23 34 60 526 73 23 6
internal_value=0.00265747 0.00173902 -0.000964931 0.00375801 0.00606271 -0.0781359
internal_weight=24.7316 23.3624 14.3735 13.5446 8.98891 0.828941
internal_count=745 711 665 599 46 66
cat_boundaries=0 1 2 3 4
cat_threshold=2 2 1 4
is_linear=0
shrinkage=0.1


Tree=228
num_leaves=9
num_cat=5
split_feature=2 0 3 0 1 1 6 3
split_gain=0.0761292 0.350371 0.179488 0.113712 0.228667 0.215166 0.129937 0.0728028
threshold=0 1.5000000000000002 1 1.5000000000000002 2 3 1.5000000000000002 4
decision_type=1 2 1 2 1 1 2 1
left_child=3 -2 -3 5 -5 7 -6 -1
right_child=1 2 -4 4 6 -7 -8 -9
leaf_value=0.0065152230059824946 -0.045594437148060975 0.04293113418064403 -0.010897172744373244 0.025929331661347407 -0.013927459299105719 -0.036856395303279103 0.0031517267768880631 0.027826376762862579
leaf_weight=8.8730081773828715 2.1197097655385724 0.97926395386457443 1.6859683943912389 2.0662865061312914 15.140125042991718 1.0593029633164395 6.3114641984284381 1.9564569774083764
leaf_count=214 13 22 55 17 249 11 134 30
internal_value=-0.00341275 -0.0152517 0.00888051 -0.00181281 -0.00584211 0.0061578 -0.00890244 0.0103653
internal_weight=40.1916 4.78494 2.66523 35.4066 23.5179 11.8888 21.4516 10.8295
internal_count=745 90 77 655 400 255 383 244
cat_boundaries=0 1 2 3 4 5
cat_threshold=1 1 2 1 1
is_linear=0
shrinkage=0.1


Tree=229
num_leaves=9
num_cat=3
split_feature=7 6 7 0 0 5 1 3
split_gain=0.101583 0.1248 0.354623 0.926085 0.503795 0.192018 0.980044 0.264343
threshold=4.5000000000000009 1.5000000000000002 1.5000000000000002 1.5000000000000002 1.5000000000000002 0 1 2
decision_type=2 2 2 2 2 1 1 1
left_child=1 2 3 -1 -4 6 -3 -7
right_child=-2 5 4 -5 -6 7 -8 -9
leaf_value=0.01128529629056388 0.032130975639726916 0.015567627379350394 -0.033368482614172017 -0.076721978862520829 0.02721665645777175 0.011656770875976642 -0.087706614081218326 0.095705949943900748
leaf_weight=2.8016357365995699 1.126299763098358 7.7659005625755535 1.9498124988749621 2.085888136527501 4.6358189529273659 1.0942954081110627 1.0422024428844441 0.56864920770749439
leaf_count=141 16 166 60 198 95 41 9 19
internal_value=0.00284128 0.00133797 -0.00586647 -0.0262743 0.00927917 0.0092319 0.00334789 0.0403977
internal_weight=23.0705 21.9442 11.4732 4.88752 6.58563 10.471 8.8081 1.66294
internal_count=745 729 494 339 155 235 175 60
cat_boundaries=0 1 2 3
cat_threshold=2 1 1
is_linear=0
shrinkage=0.1


Tree=230
num_leaves=11
num_cat=2
split_feature=6 7 6 5 6 1 0 7 6 0
split_gain=0.0877858 0.14296 0.363373 0.240675 0.187364 0.311526 0.138605 0.128998 0.528664 2.16586
threshold=2.5000000000000004 1.5000000000000002 1.5000000000000002 0 1.5000000000000002 1 1.5000000000000002 1.5000000000000002 3.5000000000000004 2.5000000000000004
decision_type=2 2 2 1 2 1 2 2 2 2
left_child=1 2 3 -1 5 -3 -4 8 9 -2
right_child=7 4 6 -5 -6 -7 -8 -9 -10 -11
leaf_value=0.037824320829160964 0.11805717755440914 -0.043937737380755799 -0.019780849526467456 0.0057406273502423203 0.013017053802533811 -0.0063405705058627738 0.00094324180810711415 0.021298143890452367 -0.049575689482718448 -0.06522430661896482
leaf_weight=3.8521475754678249 1.2619866821914896 2.6308111548423767 5.1707328986376533 5.948702760739252 3.5179679710417977 13.579849786125129 8.5859463177621347 4.4354557134211063 1.5430060997605322 1.3182485150173304
leaf_count=176 25 11 54 163 27 155 61 37 21 15
internal_value=0.000207255 -0.00162248 0.00363668 0.0183509 -0.00790234 -0.0124422 -0.00684634 0.00946127 -0.0032719 0.0244182
internal_weight=51.8449 43.2862 23.5575 9.80085 19.7286 16.2107 13.7567 8.5587 4.12324 2.58024
internal_count=745 647 454 339 193 166 115 98 61 40
cat_boundaries=0 1 2
cat_threshold=2 2
is_linear=0
shrinkage=0.1


Tree=231
num_leaves=11
num_cat=4
split_feature=0 6 7 3 7 2 6 7 2 3
split_gain=0.035836 0.237602 0.346139 0.27461 0.270658 0.761112 0.108387 0.0865762 1.05781 0.482786
threshold=2.5000000000000004 1.5000000000000002 2.5000000000000004 0 1.5000000000000002 1 3.5000000000000004 1.5000000000000002 2 3
decision_type=2 2 2 1 2 1 2 2 1 1
left_child=6 2 3 -2 5 -3 7 8 -1 -9
right_child=1 4 -4 -5 -6 -7 -8 9 -10 -11
leaf_value=-0.11778217674290398 -0.076774825568299523 -0.078978612490089986 0.047354978969116321 0.0065927059096451638 -0.046704347108059957 0.075726905809636452 0.028977675354669608 -0.0057164852988028838 0.0072800016816447159 0.047486875978951647
leaf_weight=0.75421177607495338 0.51463469839654796 0.54132703033974416 1.6861584205180404 1.7012909268960359 1.9722625497961415 0.77084831055253744 1.6912429183721531 6.0693904412910324 6.5492233340628507 2.3722321186214685
leaf_count=27 59 41 28 34 33 14 13 126 356 14
internal_value=0.00247205 -0.0034703 0.0132117 -0.0127689 -0.0232894 0.0119044 0.00492124 0.00233724 -0.00563493 0.00923452
internal_weight=24.6228 7.18652 3.90208 2.21593 3.28444 1.31218 17.4363 15.7451 7.30344 8.44162
internal_count=745 209 121 93 88 55 536 523 383 140
cat_boundaries=0 1 2 3 4
cat_threshold=1 1 2 1
is_linear=0
shrinkage=0.1


Tree=232
num_leaves=9
num_cat=4
split_feature=6 1 1 3 7 0 0 4
split_gain=0.0912738 0.520636 0.470857 0.253953 0.351705 0.104901 0.0608984 0.0809705
threshold=1.5000000000000002 0 1 2 1.5000000000000002 1.5000000000000002 3.5000000000000004 3
decision_type=2 1 1 1 2 2 2 9
left_child=1 -1 6 4 -3 -5 7 -2
right_child=2 3 -4 5 -6 -7 -8 -9
leaf_value=0.045944412678936675 -0.0079960237277872312 0.076259015319110071 -0.067066226300212986 0.00097205120922229057 0.002162560814269545 -0.012972689711361271 -0.023316449810070857 0.011382279403245267
leaf_weight=2.2628136510029435 5.5971762411936652 0.87609946541488204 1.3099707968067367 8.6303781224414795 2.3830694693897385 14.388128002407027 1.3464228374650709 3.5074105468811432
leaf_count=26 167 53 20 171 24 231 23 30
internal_value=-0.00313679 -8.18448e-05 -0.0105503 -0.00404524 0.0220805 -0.00774436 -0.00346633 -0.000530812
internal_weight=40.3015 28.5405 11.761 26.2777 3.25917 23.0185 10.451 9.10459
internal_count=745 505 240 479 77 402 220 197
cat_boundaries=0 1 2 3 4
cat_threshold=2 1 2 4
is_linear=0
shrinkage=0.1


Tree=233
num_leaves=8
num_cat=2
split_feature=0 7 5 0 1 6 7
split_gain=0.394564 0.081676 0.157926 3.5188 1.30557 1.36882e-05 5.91197e-06
threshold=3.5000000000000004 4.5000000000000009 0 2.5000000000000004 1 2.5000000000000004 1.5000000000000002
decision_type=2 2 1 2 1 2 2
left_child=1 2 3 -1 -4 6 -2
right_child=5 -3 4 -5 -6 -7 -8
leaf_value=-0.029294284626029839 -0.07558850625500739 0.031035890748994373 -0.087078922064838027 0.16737767338964413 0.007925999665095133 -0.077025707052458675 -0.076379603420769673
leaf_weight=3.7021045226138103 0.16213097603758697 1.1184375155717123 1.6044142618775368 1.2060991183388976 14.69252243498341 0.22785395238315687 0.22634467901661992
leaf_count=180 40 16 18 37 421 15 18
internal_value=0.00251891 0.00469806 0.00330891 0.0190342 -0.00142712 -0.0764104 -0.0760494
internal_weight=22.9399 22.3236 21.2051 4.9082 16.2969 0.61633 0.388476
internal_count=745 672 656 217 439 73 58
cat_boundaries=0 1 2
cat_threshold=1 2
is_linear=0
shrinkage=0.1


Tree=234
num_leaves=12
num_cat=4
split_feature=5 4 6 0 3 0 4 6 6 0 7
split_gain=0.0874217 0.823077 0.619458 0.535852 1.06591 0.455172 0.900993 0.29353 0.252925 0.281449 0.239833
threshold=0 1 1.5000000000000002 1.5000000000000002 2 1.5000000000000002 3 2.5000000000000004 2.5000000000000004 3.5000000000000004 1.5000000000000002
decision_type=1 9 2 2 1 2 9 2 2 2 2
left_child=1 2 10 4 -3 6 -2 -5 9 -7 -1
right_child=5 3 -4 7 -6 8 -8 -9 -10 -11 -12
leaf_value=0.0016629419204297145 0.049736090243451297 0.01036001747679046 -0.12385663171273648 0.032568719424576689 -0.090631114144163222 -0.010741058820896964 -0.023599016889997947 0.0044104211110236264 0.018744221689479378 -0.046449523504373327 -0.044579665971502598
leaf_weight=2.5642716354923323 3.8802764564752579 4.5164821092039409 0.63679990172386158 10.157916905358432 1.3597232699394224 13.037561310455205 2.9482204881496754 5.8249103568959972 2.2966432832181445 2.6571387541480354 1.9934727773070333
leaf_count=171 17 92 2 133 10 113 75 70 19 31 12
internal_value=0.000377952 0.00431005 -0.0314707 0.0128129 -0.0130088 -0.00390803 0.0180735 0.0223065 -0.012251 -0.0167866 -0.0185627
internal_weight=51.8734 27.0536 5.19454 21.859 5.87621 24.8198 6.8285 15.9828 17.9913 15.6947 4.55774
internal_count=745 490 185 305 102 255 92 203 163 144 183
cat_boundaries=0 1 2 3 4
cat_threshold=2 2 1 2
is_linear=0
shrinkage=0.1


Tree=235
num_leaves=10
num_cat=4
split_feature=5 7 0 6 1 2 6 3 7
split_gain=0.0407706 0.271505 0.413223 0.587711 0.241385 0.400502 0.20604 0.15979 0.000330502
threshold=0 2.5000000000000004 2.5000000000000004 1.5000000000000002 1 2 1.5000000000000002 3 2.5000000000000004
decision_type=1 2 2 2 1 1 2 1 2
left_child=4 2 3 -2 -1 7 -4 -6 -7
right_child=1 -3 6 -5 5 8 -8 -9 -10
leaf_value=0.016087443141888032 -0.01457050075864437 0.033535788091184772 -0.016406555010452861 0.047281652834772529 -0.016044829894105366 -0.07581678750161748 -0.07977844147076707 0.014028590717546511 -0.079841660460637828
leaf_weight=4.8015105798840523 3.7903419946087507 2.781859479844571 1.3950809790985661 2.5831881212070584 4.7224664905224945 0.36470616108272036 0.81147175654768933 2.8229050487279874 0.46305359015241265
leaf_count=22 146 19 43 29 363 45 18 48 12
internal_value=0.00199816 0.00638761 -0.00241445 0.0104981 -0.00178734 -0.0120375 -0.0397119 -0.00479364 -0.0780683
internal_weight=24.5366 11.3619 8.58008 6.37353 13.1746 8.37313 2.20655 7.54537 0.82776
internal_count=745 255 236 175 490 468 61 411 57
cat_boundaries=0 1 2 3 4
cat_threshold=2 2 1 1
is_linear=0
shrinkage=0.1


Tree=236
num_leaves=9
num_cat=4
split_feature=6 1 1 3 7 0 0 4
split_gain=0.0807522 0.466102 0.404579 0.217285 0.345213 0.0896311 0.0670156 0.0670067
threshold=1.5000000000000002 0 1 2 1.5000000000000002 1.5000000000000002 3.5000000000000004 3
decision_type=2 1 1 1 2 2 2 9
left_child=1 -1 6 4 -3 -5 7 -2
right_child=2 3 -4 5 -6 -7 -8 -9
leaf_value=0.043232111780634137 -0.0076420232296671806 0.076183421071231452 -0.0639499096145517 0.00046099515019392838 0.00083921810329678549 -0.012465141883989506 -0.024973644691543291 0.010022946896247935
leaf_weight=2.2455405290238559 5.565403727494413 0.81921622529625926 1.2574457766022522 8.5572644677013248 2.359928759833565 14.377235755440777 1.3162590236170224 3.4962565382011199
leaf_count=26 167 53 20 171 24 231 23 30
internal_value=-0.00336476 -0.000486572 -0.0103799 -0.00424599 0.0202542 -0.00764217 -0.00388902 -0.000826355
internal_weight=39.9946 28.3592 11.6354 26.1136 3.17914 22.9345 10.3779 9.06166
internal_count=745 505 240 479 77 402 220 197
cat_boundaries=0 1 2 3 4
cat_threshold=2 1 2 4
is_linear=0
shrinkage=0.1


Tree=237
num_leaves=7
num_cat=2
split_feature=7 7 5 0 1 0
split_gain=0.0855387 0.121062 0.12927 2.43204 0.874634 0.0487876
threshold=4.5000000000000009 2.5000000000000004 0 2.5000000000000004 1 2.5000000000000004
decision_type=2 2 1 2 1 2
left_child=1 2 3 -1 -4 -3
right_child=-2 5 4 -5 -6 -7
leaf_value=-0.026240734729765437 0.029998077472711739 -0.032671152970842103 -0.085817570484440137 0.12836532671265502 0.0072003318316059663 -0.007236502699083343
leaf_weight=3.5163171007297951 1.1067878995090712 1.1534015480428927 1.1008987193927169 1.4317413018434306 12.36059537547408 2.178679415024817
leaf_count=175 16 39 19 61 400 35
internal_value=0.00287948 0.00149897 0.00467361 0.0184952 -0.000406795 -0.0160407
internal_weight=22.8484 21.7416 18.4096 4.94806 13.4615 3.33208
internal_count=745 729 655 236 419 74
cat_boundaries=0 1 2
cat_threshold=1 2
is_linear=0
shrinkage=0.1


Tree=238
num_leaves=10
num_cat=4
split_feature=6 3 0 5 4 0 6 0 4
split_gain=0.0798372 0.140204 0.349724 0.125072 0.786064 0.629818 0.545141 0.433109 0.385657
threshold=2.5000000000000004 0 2.5000000000000004 1 2 1.5000000000000002 1.5000000000000002 3.5000000000000004 3
decision_type=2 1 2 1 9 2 2 2 9
left_child=3 2 -2 4 6 -6 -1 8 -5
right_child=1 -3 -4 7 5 -7 -8 -9 -10
leaf_value=-0.017665493767119136 -0.0029302750907039812 -0.0020908633253681448 0.059251894993643334 -0.017348860084023129 -0.011507148340949371 0.030253516496893031 -0.1178491805337973 -0.045071723187498525 0.010937168904912212
leaf_weight=4.5457855000859126 2.0930571705102907 4.7169136814773083 1.59273189259693 8.5952379853697494 5.6185833718627718 10.109478053869678 0.61684623360633839 2.5805412414483717 10.974460460245613
leaf_count=183 37 29 32 161 94 133 2 31 43
internal_value=0.000411601 0.00932756 0.0239404 -0.00132902 0.00422174 0.0153352 -0.0296357 -0.00656415 -0.00148638
internal_weight=51.4436 8.4027 3.68579 43.0409 20.8907 15.7281 5.16263 22.1502 19.5697
internal_count=745 98 69 647 412 227 185 235 204
cat_boundaries=0 1 2 3 4
cat_threshold=1 2 2 4
is_linear=0
shrinkage=0.1


Tree=239
num_leaves=10
num_cat=4
split_feature=5 7 0 6 1 2 6 3 7
split_gain=0.0398337 0.218325 0.371854 0.48976 0.205199 0.369348 0.204181 0.140775 0.00025311
threshold=0 2.5000000000000004 2.5000000000000004 1.5000000000000002 1 2 1.5000000000000002 3 2.5000000000000004
decision_type=1 2 2 2 1 1 2 1 2
left_child=4 2 3 -2 5 7 -4 -1 -7
right_child=1 -3 6 -5 -6 8 -8 -9 -10
leaf_value=0.012967966288058637 -0.012831448228393785 0.030774550662528995 -0.014748294454998673 0.043392868155860437 0.014707613568356773 -0.075753797509381063 -0.079415842501938338 -0.015290571606837439 -0.079430270065504918
leaf_weight=2.8332739565521479 3.7401762576773745 2.7562449201941499 1.3691277506295594 2.6448986595496535 4.7697452828288069 0.3355444633634751 0.75887656584382046 4.6663464726007087 0.42374420259147882
leaf_count=48 146 19 43 29 22 45 18 363 12
internal_value=0.00195927 0.0063128 -0.00160709 0.0104584 -0.00180637 -0.0113437 -0.0378097 -0.00461481 -0.0778056
internal_weight=24.298 11.2693 8.51308 6.38507 13.0287 8.25891 2.128 7.49962 0.759289
internal_count=745 255 236 175 490 468 61 411 57
cat_boundaries=0 1 2 3 4
cat_threshold=2 1 1 2
is_linear=0
shrinkage=0.1


Tree=240
num_leaves=9
num_cat=5
split_feature=2 0 3 0 1 1 0 3
split_gain=0.0740873 0.271214 0.18796 0.074092 0.198345 0.182123 0.123372 0.0650171
threshold=0 1.5000000000000002 1 1.5000000000000002 2 3 2.5000000000000004 4
decision_type=1 2 1 2 1 1 2 1
left_child=3 -2 -3 5 -5 7 -6 -1
right_child=1 2 -4 4 6 -7 -8 -9
leaf_value=0.0047121481109003247 -0.041444565934184247 0.04241294791873304 -0.014341216856714294 0.02464992346759811 -0.014190900232716306 -0.036158297293102097 0.0013516710066183155 0.025002707595617336
leaf_weight=8.7640172950923443 2.1468325573950997 0.93759830016642809 1.5453009095508607 2.0319426245987415 12.91611678525806 1.0049506481736887 8.4470193375309446 1.9263163898140163
leaf_count=214 13 22 55 17 233 11 150 30
internal_value=-0.0035255 -0.0154155 0.00709043 -0.00195676 -0.00520565 0.00454227 -0.00804534 0.00836835
internal_weight=39.7201 4.62973 2.4829 35.0904 23.3951 11.6953 21.3631 10.6903
internal_count=745 90 77 655 400 255 383 244
cat_boundaries=0 1 2 3 4 5
cat_threshold=1 1 2 1 1
is_linear=0
shrinkage=0.1


Tree=241
num_leaves=10
num_cat=2
split_feature=0 3 0 7 6 2 6 6 7
split_gain=0.403506 0.0763106 0.538222 0.474347 0.365843 0.380511 0.160795 8.2957e-06 6.01511e-06
threshold=3.5000000000000004 0 2.5000000000000004 1.5000000000000002 2.5000000000000004 1 4.5000000000000009 2.5000000000000004 1.5000000000000002
decision_type=2 1 2 2 2 1 2 2 2
left_child=1 2 3 -1 5 -3 -6 8 -2
right_child=7 4 -4 -5 6 -7 -8 -9 -10
leaf_value=-0.054307481995716403 -0.075699627456961169 0.030845400609057411 0.030690203520507345 0.013115227161888536 -0.079057513228649678 -0.0085230904157929943 -0.0073135794113493406 -0.076909883056570899 -0.076483593072018546
leaf_weight=1.8151682952884582 0.17240646976278995 3.9149831905961037 6.1340582254342735 2.454471773467958 0.77444621315226025 6.5839030053466576 0.52360481396317482 0.21973045886261389 0.22637765761464834
leaf_count=49 40 25 43 16 49 479 11 15 18
internal_value=0.00325136 0.00547093 0.011714 -0.0155484 -3.48559e-05 0.00615723 -0.0501176 -0.0764165 -0.0761447
internal_weight=22.8192 22.2006 10.4037 4.26964 11.7969 10.4989 1.29805 0.618515 0.398784
internal_count=745 672 108 65 564 504 60 73 58
cat_boundaries=0 1 2
cat_threshold=2 2
is_linear=0
shrinkage=0.1


Tree=242
num_leaves=12
num_cat=4
split_feature=6 7 6 7 5 4 4 2 0 6 0
split_gain=0.0757112 0.139819 0.284745 0.190478 0.204006 0.183673 0.141688 0.125339 0.58581 0.241471 0.108478
threshold=2.5000000000000004 1.5000000000000002 1.5000000000000002 2.5000000000000004 0 1 2 3 2.5000000000000004 3.5000000000000004 1.5000000000000002
decision_type=2 2 2 2 1 9 9 1 2 2 2
left_child=1 2 5 6 -5 -1 -3 8 9 -2 -4
right_child=7 3 10 4 -6 -7 -8 -9 -10 -11 -12
leaf_value=-0.0050321899091757757 0.021516653695137285 -0.026943782185458072 -0.017042315901885822 0.015972160206218822 -0.020427344987849105 0.025413971220529814 -0.0051860652553474777 -0.0049272429014003208 0.062051796612358136 -0.037461890957450887 0.0014057990055302927
leaf_weight=2.7558550329413265 1.31746383756399 5.6262190770357847 5.0901719722896823 5.1428501924965531 2.1977528333663932 7.0511063074227422 6.3949481025338191 3.6149434447288513 1.9367906157858668 1.4673537872731683 8.5266944207251054
leaf_count=172 31 80 54 71 10 167 32 17 37 13 61
internal_value=0.000367869 -0.00133084 0.00386645 -0.00761852 0.00507427 0.0168583 -0.0153692 0.00908615 0.019815 -0.00955985 -0.00549036
internal_weight=51.1221 42.7856 23.4238 19.3618 7.3406 9.80696 12.0212 8.33655 4.72161 2.78482 13.6169
internal_count=745 647 454 193 81 339 112 98 81 44 115
cat_boundaries=0 1 2 3 4
cat_threshold=2 2 4 1
is_linear=0
shrinkage=0.1


Tree=243
num_leaves=10
num_cat=4
split_feature=5 7 0 6 6 1 2 3 7
split_gain=0.0385296 0.187774 0.330393 0.398037 0.203596 0.170456 0.342057 0.131734 0.000201101
threshold=0 2.5000000000000004 2.5000000000000004 1.5000000000000002 1.5000000000000002 1 2 3 2.5000000000000004
decision_type=1 2 2 2 2 1 1 1 2
left_child=5 2 3 -2 -4 6 7 -1 -8
right_child=1 -3 4 -5 -6 -7 8 -9 -10
leaf_value=-0.014695461432262795 -0.01125325497435117 0.029108188537698518 -0.013026440600661188 0.039226350605651536 -0.079117420522883952 0.013291241530840318 -0.075672852447653302 0.01267407133760276 -0.079099919169986044
leaf_weight=4.6234908635669871 3.6915293928468582 2.7196030765771875 1.3429413638077679 2.7078281212598085 0.71387651376426209 4.7497479468584052 0.30449245765339483 2.8380662489216766 0.39122224226593971
leaf_count=363 146 19 43 29 18 22 45 48 12
internal_value=0.00195299 0.0062515 -0.00109947 0.0101067 -0.0359652 -0.00176895 -0.0105381 -0.00428523 -0.0776
internal_weight=24.0828 11.1758 8.45618 6.39936 2.05682 12.907 8.15727 7.46156 0.695715
internal_count=745 255 236 175 61 490 468 411 57
cat_boundaries=0 1 2 3 4
cat_threshold=2 1 1 1
is_linear=0
shrinkage=0.1


Tree=244
num_leaves=9
num_cat=5
split_feature=6 1 1 3 0 0 4 4
split_gain=0.0788932 0.402504 0.361781 0.175758 0.0769071 0.0708715 0.0691961 0.0583923
threshold=1.5000000000000002 0 1 2 1.5000000000000002 3.5000000000000004 3 4
decision_type=2 1 1 1 2 2 9 9
left_child=1 -1 5 6 -5 7 -3 -2
right_child=2 3 -4 4 -6 -7 -8 -9
leaf_value=0.040391110613924926 -0.0073341237557392998 0.002553436239583391 -0.062010808254525297 0.0006640337575398508 -0.011288598301431927 -0.026123395905825138 0.032548195127307854 0.0091992805354465749
leaf_weight=2.2357941349036992 5.5420161797956098 1.4402114958211314 1.2043117966968555 8.5903617432341068 14.418739882647058 1.2780303017934791 1.6505610831081867 3.4759232688229496
leaf_count=26 167 41 20 171 231 23 36 30
internal_value=-0.00316531 -0.000330205 -0.0101508 -0.00381852 -0.00682613 -0.00408474 0.0185715 -0.000961399
internal_weight=39.8359 28.3357 11.5003 26.0999 23.0091 10.296 3.09077 9.01794
internal_count=745 505 240 479 402 220 77 197
cat_boundaries=0 1 2 3 4 5
cat_threshold=2 1 2 4 4
is_linear=0
shrinkage=0.1


Tree=245
num_leaves=5
num_cat=0
split_feature=6 6 7 6
split_gain=0.114013 0.435182 0.251084 0.174688
threshold=4.5000000000000009 3.5000000000000004 4.5000000000000009 1.5000000000000002
decision_type=2 2 2 2
left_child=1 2 3 -1
right_child=-2 -3 -4 -5
leaf_value=-0.0066715528933096978 0.036441139671828431 -0.079364378380925818 0.055642364522466493 0.012070622225649108
leaf_weight=11.365797414211569 0.96683652326464553 0.6481445599347343 0.89544746931642194 8.841680623998398
leaf_count=494 18 20 13 200
internal_value=0.00283983 0.00134625 0.00382515 0.00152899
internal_weight=22.7179 21.7511 21.1029 20.2075
internal_count=745 727 707 694
is_linear=0
shrinkage=0.1


Tree=246
num_leaves=9
num_cat=3
split_feature=7 6 0 0 4 5 5 6
split_gain=0.0626058 0.252716 1.33697 0.209367 0.120321 1.52602 0.364346 0.10515
threshold=2.5000000000000004 1.5000000000000002 2.5000000000000004 3.5000000000000004 0 1 2 1.5000000000000002
decision_type=2 2 2 2 9 1 1 2
left_child=3 2 -2 4 6 -6 -1 -5
right_child=1 -3 -4 7 5 -7 -8 -9
leaf_value=0.0099855661011237374 0.055360953048228113 0.027265085922321537 -0.059887677900086506 0.0045113612830606281 -0.06141821986202637 0.010194477804350593 -0.015202444812067149 0.039039905441885708
leaf_weight=16.289431164506823 1.8137501040473569 3.7935918243601918 2.2618560073897243 1.7093530250713223 4.1699876935454085 10.389139756560324 8.8699090665904823 1.8221055262256411
leaf_count=224 27 35 28 38 167 42 162 22
internal_value=0.000486043 0.00869037 -0.00859906 -0.00100671 -0.00308135 -0.0103166 0.00110555 0.0223268
internal_weight=51.1191 7.8692 4.07561 43.2499 39.7185 14.5591 25.1593 3.53146
internal_count=745 90 55 655 595 209 386 60
cat_boundaries=0 1 2 3
cat_threshold=4 2 2
is_linear=0
shrinkage=0.1


Tree=247
num_leaves=10
num_cat=4
split_feature=5 7 0 6 6 1 2 3 7
split_gain=0.0335954 0.15514 0.276099 0.334105 0.192475 0.147467 0.313213 0.126167 0.000149482
threshold=0 2.5000000000000004 2.5000000000000004 1.5000000000000002 1.5000000000000002 1 2 3 2.5000000000000004
decision_type=1 2 2 2 2 1 1 1 2
left_child=5 2 3 -2 -4 -1 7 -7 -8
right_child=1 -3 4 -5 -6 6 8 -9 -10
leaf_value=0.012018306374897317 -0.010844795581683449 0.026472721999693857 -0.012085711243890835 0.035138621947418285 -0.078651342041245867 -0.014620082526312661 -0.075623236198089097 0.01213636352977775 -0.078703723444091808
leaf_weight=4.7628430053591728 3.6793791276868415 2.6888611912727365 1.3296282752417026 2.7693703752011061 0.64515291340649117 4.6145682678907196 0.28172780142631193 2.8512422802159545 0.35731186671182513
leaf_count=22 146 19 43 29 18 363 45 48 12
internal_value=0.00153178 0.00555952 -0.00111615 0.00890246 -0.0338324 -0.00194653 -0.010153 -0.00440162 -0.0773457
internal_weight=23.9801 11.1124 8.42353 6.44875 1.97478 12.8677 8.10485 7.46581 0.63904
internal_count=745 255 236 175 61 490 468 411 57
cat_boundaries=0 1 2 3 4
cat_threshold=2 2 1 1
is_linear=0
shrinkage=0.1


Tree=248
num_leaves=10
num_cat=6
split_feature=2 0 3 0 3 5 1 3 6
split_gain=0.0514935 0.218113 0.17377 0.0551118 0.171612 0.170374 0.15803 0.0644867 0.0491656
threshold=0 1.5000000000000002 1 1.5000000000000002 2 3 4 5 1.5000000000000002
decision_type=1 2 1 2 1 1 1 1 2
left_child=3 -2 -3 6 8 -6 7 -1 -5
right_child=1 2 -4 4 5 -7 -8 -9 -10
leaf_value=0.0033997083920975428 -0.03628798327981949 0.040958239542147751 -0.013930394151304518 -0.011598518003907286 -0.013055865096990303 0.0063277160094973991 -0.034938850211211889 0.023661322054906009 -0.033794411865794488
leaf_weight=8.7060942188836634 2.1852495204657307 0.93868694826960564 1.4960038124118002 1.8298988874012136 7.2919098663551267 11.991845981450757 0.97866044379770656 1.9166089426726074 2.1951060428982601
leaf_count=214 13 22 55 31 224 115 11 30 30
internal_value=-0.00343193 -0.0133533 0.00723174 -0.00211896 -0.00492208 -0.00100194 0.0035129 0.00705542 -0.0237034
internal_weight=39.5301 4.61994 2.43469 34.9101 23.3088 19.2838 11.6014 10.6227 4.025
internal_count=745 90 77 655 400 339 255 244 61
cat_boundaries=0 1 2 3 4 5 6
cat_threshold=1 1 2 2 1 1
is_linear=0
shrinkage=0.1


Tree=249
num_leaves=5
num_cat=0
split_feature=6 6 7 6
split_gain=0.102312 0.396235 0.219098 0.16167
threshold=4.5000000000000009 3.5000000000000004 4.5000000000000009 1.5000000000000002
decision_type=2 2 2 2
left_child=1 2 3 -1
right_child=-2 -3 -4 -5
leaf_value=-0.0062796256009181196 0.034865002318307824 -0.078996847802302622 0.053293647404922401 0.011762723517967477
leaf_weight=11.300200917059568 0.95843989960849185 0.59501767670735617 0.85638839285820623 8.860699672251938
leaf_count=494 18 20 13 200
internal_value=0.00289386 0.00147603 0.00375429 0.00164997
internal_weight=22.5707 21.6123 21.0173 20.1609
internal_count=745 727 707 694
is_linear=0
shrinkage=0.1


Tree=250
num_leaves=10
num_cat=4
split_feature=5 0 4 2 0 4 6 6 0
split_gain=0.0688429 0.608963 1.04737 0.584573 0.409324 0.738973 0.296361 0.200715 0.269559
threshold=0 3.5000000000000004 1 2 1.5000000000000002 3 1.5000000000000002 2.5000000000000004 3.5000000000000004
decision_type=1 2 9 1 2 9 2 2 2
left_child=1 2 6 -4 5 -2 -1 8 -6
right_child=4 -3 3 -5 7 -7 -8 -9 -10
leaf_value=-0.033674148827973864 0.046517393706555471 0.065641048806507368 0.026362387862544513 -0.0076143490948447599 -0.0094096249275053261 -0.020551796474899492 -0.11033129483547804 0.017499007781795337 -0.044893751748290148
leaf_weight=3.873097010247875 3.8238134980201721 1.5116236484609533 10.45372429257259 9.8211509585380607 13.061084170825781 2.8801789138233316 0.57983377575874318 2.1297535412013522 2.5605522245168677
leaf_count=167 17 38 237 46 113 75 2 19 31
internal_value=0.000468052 0.00402566 0.000259077 0.00990405 -0.00334908 0.017703 -0.043656 -0.0112996 -0.0152259
internal_weight=50.6948 26.2394 24.7278 20.2749 24.4554 6.70399 4.45293 17.7514 15.6216
internal_count=745 490 452 283 255 92 169 163 144
cat_boundaries=0 1 2 3 4
cat_threshold=2 2 1 2
is_linear=0
shrinkage=0.1


Tree=251
num_leaves=12
num_cat=8
split_feature=5 4 0 6 1 2 3 1 3 1 7
split_gain=0.0313884 0.15538 0.231901 0.25549 0.136894 0.297073 0.11862 0.0907037 0.174421 0.000183709 0.000126377
threshold=0 1 1.5000000000000002 1.5000000000000002 2 3 4 5 6 7 2.5000000000000004
decision_type=1 9 2 2 1 1 1 1 1 1 2
left_child=4 7 9 -4 5 6 -1 8 -2 -3 -7
right_child=1 2 3 -5 -6 10 -8 -9 -10 -11 -12
leaf_value=-0.01389379329597526 0.0049325176208172552 -0.075634865929781581 0.027153239700333509 -0.078133397705807184 0.012023057754262847 -0.075572326985919591 0.012178711912288771 -0.0011439019416313811 0.041172465871967295 -0.079772894703693809 -0.078506683602140998
leaf_weight=4.5657731991086621 3.3875937536358833 0.37674135342240234 0.96853330638259627 0.30244853533804417 4.7512566074728966 0.25924832315649826 2.8244497566483915 3.6477427706122398 2.1844847574830055 0.15000349283218384 0.33829718036577106
leaf_count=363 40 73 94 9 22 45 48 16 21 2 12
internal_value=0.00196241 0.00587098 -0.0210229 0.00209876 -0.00141798 -0.00941293 -0.00392921 0.0111149 0.0191401 -0.0768133 -0.0772336
internal_weight=23.7566 11.0175 1.79773 1.27098 12.739 7.98777 7.39022 9.21982 5.57208 0.526745 0.597546
internal_count=745 255 178 103 490 468 411 77 61 75 57
cat_boundaries=0 1 2 3 4 5 6 7 8
cat_threshold=2 2 1 1 1 1 1 1
is_linear=0
shrinkage=0.1


Tree=252
num_leaves=9
num_cat=5
split_feature=6 1 1 3 0 4 0 4
split_gain=0.0502616 0.382754 0.290886 0.176962 0.0771434 0.0650248 0.0436421 0.0486754
threshold=1.5000000000000002 0 1 2 1.5000000000000002 3 3.5000000000000004 4
decision_type=2 1 1 1 2 9 2 9
left_child=1 -1 6 5 -5 -3 7 -2
right_child=2 3 -4 4 -6 -7 -8 -9
leaf_value=0.038618327978467676 -0.0071420802388266168 0.0023432262080213709 -0.056807248540069244 -0.00014446973151221055 -0.012228183679672549 0.031576853058777603 -0.020981861066116235 0.0080474864313672245
leaf_weight=2.2172162677161396 5.4554529544548132 1.4298573695268715 1.1503728956449766 8.4076441088691443 14.21676112001296 1.6262658489868045 1.2852099611191086 3.4399659535847569
leaf_count=26 167 41 20 171 231 36 23 30
internal_value=-0.00352618 -0.00124497 -0.00914269 -0.0046867 -0.00773765 0.0178994 -0.00375677 -0.00126809
internal_weight=39.2287 27.8977 11.331 25.6805 22.6244 3.05612 10.1806 8.89542
internal_count=745 505 240 479 402 77 220 197
cat_boundaries=0 1 2 3 4 5
cat_threshold=2 1 2 4 4
is_linear=0
shrinkage=0.1


Tree=253
num_leaves=8
num_cat=3
split_feature=6 7 2 1 0 1 0
split_gain=0.0984935 0.148326 0.409684 2.34869 0.750347 0.179494 0.34014
threshold=4.5000000000000009 1.5000000000000002 0 1 1.5000000000000002 2 2.5000000000000004
decision_type=2 2 1 1 2 1 2
left_child=1 2 3 -1 -4 -3 -7
right_child=-2 5 4 -5 -6 6 -8
leaf_value=0.23050496200720089 0.034045874480807196 -0.021981955189802248 0.050888645316482087 -0.05165915099925681 -0.019617761275589844 0.034213433395158803 -0.003945348559929277
leaf_weight=0.3184384242631495 0.95365157164633174 1.5633487105369568 2.5490778535604495 4.0080334278754925 3.7007492487318814 4.5506342137232387 4.7999137319857255
leaf_count=14 18 20 10 429 49 133 72
internal_value=0.00259878 0.00120328 -0.00723611 -0.0308912 0.00913925 0.00938162 0.0146254
internal_weight=22.4438 21.4902 10.5763 4.32647 6.24983 10.9139 9.35055
internal_count=745 727 502 443 59 225 205
cat_boundaries=0 1 2 3
cat_threshold=1 2 2
is_linear=0
shrinkage=0.1


Tree=254
num_leaves=9
num_cat=3
split_feature=7 6 0 1 5 0 3 6
split_gain=0.0732352 0.249157 1.19966 0.200809 0.417557 0.200779 0.184866 0.142022
threshold=2.5000000000000004 1.5000000000000002 2.5000000000000004 0 1 3.5000000000000004 2 1.5000000000000002
decision_type=2 2 2 1 1 2 1 2
left_child=3 2 -2 5 -5 6 -1 -7
right_child=1 -3 -4 4 -6 7 -8 -9
leaf_value=0.002972868917704903 0.052596429411992218 0.028022277513107065 -0.057881439366486015 0.0087037422042557499 -0.041885169008216948 0.0058438402160952835 -0.016982848041889133 0.048441922412686952
leaf_weight=27.147778645157814 1.7940194355323904 3.7480167536996305 2.1739603925962001 3.1877697752788663 3.3421573210507622 1.6511991540901356 5.5997012237203299 1.4879430481232701
leaf_count=490 27 35 28 19 21 30 75 20
internal_value=0.000571481 0.0095328 -0.00793173 -0.00105867 -0.0171888 0.00187636 -0.000439487 0.0260352
internal_weight=50.1325 7.716 3.96798 42.4165 6.52993 35.8866 32.7475 3.13914
internal_count=745 90 55 655 40 615 565 50
cat_boundaries=0 1 2 3
cat_threshold=1 2 1
is_linear=0
shrinkage=0.1


Tree=255
num_leaves=7
num_cat=1
split_feature=7 0 7 7 6 2
split_gain=0.0298506 0.0169757 0.548623 0.221031 0.340834 0.105715
threshold=3.5000000000000004 3.5000000000000004 2.5000000000000004 2.5000000000000004 1.5000000000000002 0
decision_type=2 2 2 2 2 1
left_child=1 3 -3 5 -5 -1
right_child=-2 2 -4 4 -6 -7
leaf_value=0.02470029292915581 0.017519827401447259 -0.024880440308199827 0.071235595930333337 0.0097394079650494139 -0.056625673241405473 0.0017061490700939039
leaf_weight=2.3229085396742448 1.2034177461173374 1.6875923083280207 0.91630004905164231 1.5140435285866254 1.5829396557528523 14.356839955784393
leaf_count=63 34 60 11 29 16 532
internal_value=0.00217737 0.00135239 0.00894244 0.000353056 -0.0241813 0.00490843
internal_weight=23.584 22.3806 2.60389 19.7767 3.09698 16.6797
internal_count=745 711 71 640 45 595
cat_boundaries=0 1
cat_threshold=2
is_linear=0
shrinkage=0.1


Tree=256
num_leaves=9
num_cat=6
split_feature=6 1 1 3 0 4 4 5
split_gain=0.0417108 0.313457 0.25099 0.142388 0.0777142 0.0530822 0.0286562 0.414579
threshold=1.5000000000000002 0 1 2 1.5000000000000002 3 4 5
decision_type=2 1 1 1 2 9 9 1
left_child=1 -1 6 5 -5 -3 -2 -8
right_child=2 3 -4 4 -6 -7 7 -9
leaf_value=0.035039367912707078 0.0024650361570254685 0.0022679733897762394 -0.052951711394874403 0.00074284878017303387 -0.011382134087787854 0.028914997799212916 0.019061690854687695 -0.035666196408429371
leaf_weight=2.2136525437235832 4.6683765570633113 1.4198527132102754 1.1312144373077888 8.3977379109710544 14.266474303789435 1.5788577008061111 2.7816164642572394 2.7551928928296539
leaf_count=26 42 41 20 171 231 36 12 166
internal_value=-0.00314548 -0.00106566 -0.00825985 -0.00418003 -0.00688948 0.016298 -0.00330589 -0.00817166
internal_weight=39.213 27.8766 11.3364 25.6629 22.6642 2.99871 10.2052 5.53681
internal_count=745 505 240 479 402 77 220 178
cat_boundaries=0 1 2 3 4 5 6
cat_threshold=2 1 2 4 2 1
is_linear=0
shrinkage=0.1


Tree=257
num_leaves=8
num_cat=3
split_feature=7 6 7 2 0 1 2
split_gain=0.0875652 0.140602 0.370667 0.734202 0.419627 0.143311 0.290167
threshold=4.5000000000000009 1.5000000000000002 1.5000000000000002 0 1.5000000000000002 1 2
decision_type=2 2 2 1 2 1 1
left_child=1 2 3 -1 -4 6 -3
right_child=-2 5 4 -5 -6 -7 -8
leaf_value=-0.075421860033940469 0.031531508127058364 -0.010492762697031548 -0.031122501325923365 0.004801877309605831 0.024831611337592666 -0.01897670085861991 0.027918874355690418
leaf_weight=1.9373017789912446 0.97540029231458802 3.0336508414475238 1.8863041065633295 2.7747309645637888 4.6303121647797525 1.5110757583752263 5.5913127511739722
leaf_count=300 16 187 60 39 95 20 28
internal_value=0.00223065 0.00089293 -0.00681466 -0.0281813 0.0086351 0.00943135 0.0144084
internal_weight=22.3401 21.3647 11.2286 4.71203 6.51662 10.136 8.62496
internal_count=745 729 494 339 155 235 215
cat_boundaries=0 1 2 3
cat_threshold=1 1 1
is_linear=0
shrinkage=0.1


Tree=258
num_leaves=9
num_cat=3
split_feature=7 6 0 1 5 0 3 6
split_gain=0.0678309 0.190675 1.04446 0.159049 0.368415 0.159355 0.164776 0.112004
threshold=2.5000000000000004 1.5000000000000002 2.5000000000000004 0 1 3.5000000000000004 2 1.5000000000000002
decision_type=2 2 2 1 1 2 1 2
left_child=3 2 -2 5 -5 6 -1 -7
right_child=1 -3 -4 4 -6 7 -8 -9
leaf_value=0.0026378320479473749 0.050055369096189198 0.025393165817161042 -0.053642524162551636 0.0088383946295544896 -0.038769316430786217 0.0050643768914554231 -0.016251259527444578 0.042778573296553067
leaf_weight=27.237485014367849 1.7887992914766067 3.7079954501241446 2.1253175120800734 3.180710309650749 3.3243960831314316 1.6599889760836952 5.5610767592443144 1.4981105646584181
leaf_count=490 27 35 28 19 21 30 75 20
internal_value=0.000456922 0.00914305 -0.00625132 -0.00110228 -0.0154912 0.0015009 -0.00056486 0.0229549
internal_weight=50.0839 7.62211 3.91412 42.4618 6.50511 35.9567 32.7986 3.1581
internal_count=745 90 55 655 40 615 565 50
cat_boundaries=0 1 2 3
cat_threshold=1 2 1
is_linear=0
shrinkage=0.1


Tree=259
num_leaves=7
num_cat=1
split_feature=7 0 7 7 6 2
split_gain=0.028324 0.0178571 0.458014 0.175204 0.289546 0.0917885
threshold=3.5000000000000004 3.5000000000000004 2.5000000000000004 2.5000000000000004 1.5000000000000002 0
decision_type=2 2 2 2 2 1
left_child=1 3 -3 5 -5 -1
right_child=-2 2 -4 4 -6 -7
leaf_value=0.022830713615492652 0.017105450620865249 -0.022186597567059051 0.067277795136952145 0.0095590951042846331 -0.052124834085702509 0.0013865375550685182
leaf_weight=2.3175442444626242 1.2026909708511073 1.6261013244511553 0.88296249508857716 1.500589668285101 1.5439453162252901 14.388438874419093
leaf_count=63 34 60 11 29 16 532
internal_value=0.00215778 0.00135015 0.00929674 0.000340633 -0.0217221 0.00436139
internal_weight=23.4623 22.2596 2.50906 19.7505 3.04453 16.706
internal_count=745 711 71 640 45 595
cat_boundaries=0 1
cat_threshold=2
is_linear=0
shrinkage=0.1


Tree=260
num_leaves=12
num_cat=7
split_feature=7 3 1 4 0 4 5 0 5 3 0
split_gain=0.0341874 0.245201 0.532571 0.766716 0.278137 0.21234 0.764753 0.571269 0.440718 0.421508 0.114808
threshold=1.5000000000000002 0 1 2 3.5000000000000004 3 4 2.5000000000000004 5 6 2.5000000000000004
decision_type=2 1 1 9 2 9 1 2 1 1 2
left_child=5 2 3 -2 -3 8 9 -8 10 -7 -1
right_child=1 4 -4 -5 -6 6 7 -9 -10 -11 -12
leaf_value=0.029361948807952423 -0.03112085703598523 -0.060142996627115079 0.065638065588405181 0.039633020505133412 0.0011379205625842576 -0.073736260945963944 -0.0080422168331562432 0.04504254860175582 -0.014589650589563189 -0.0079632652475523265 -0.0041593495877810232
leaf_weight=6.2591633661650121 4.8637711583869532 1.6261305965745114 1.1102264914661635 2.2355003500706507 1.360132141970098 2.3541814853670076 8.7743447259999794 2.6363100903108707 4.9434927478432655 1.6623465554439461 1.2210351191461084
leaf_count=139 36 36 10 134 14 115 135 39 27 26 34
internal_value=-0.00302744 -0.0076944 0.00123126 -0.00884106 -0.0322318 -0.00115137 -0.00898708 0.00422245 0.00857867 -0.0465144 0.0238901
internal_weight=39.0466 11.1958 8.2095 7.09927 2.98626 27.8509 15.4272 11.4107 12.4237 4.01653 7.4802
internal_count=745 230 180 170 50 515 315 174 200 141 173
cat_boundaries=0 1 2 3 4 5 6 7
cat_threshold=1 1 2 2 2 2 1
is_linear=0
shrinkage=0.1


Tree=261
num_leaves=7
num_cat=0
split_feature=6 6 0 7 7 6
split_gain=0.0943512 0.129471 0.22299 0.478059 0.182005 0.233076
threshold=4.5000000000000009 2.5000000000000004 2.5000000000000004 1.5000000000000002 4.5000000000000009 1.5000000000000002
decision_type=2 2 2 2 2 2
left_child=1 4 3 -3 5 -1
right_child=-2 2 -4 -5 -6 -7
leaf_value=-0.0064456748154479403 0.032900062034255127 -0.10701101742392327 0.00082836875042553856 0.018250361387123118 0.050753093241206908 0.018658117845391852
leaf_weight=11.090910160855868 0.94165672175586124 0.68324586655944519 2.4950233473791741 0.5499012777581811 0.80011238995939393 5.5487532648257902
leaf_count=494 18 29 35 16 13 140
internal_value=0.00192756 0.000549743 -0.0163652 -0.0511528 0.00416571 0.00192557
internal_weight=22.1096 21.1679 3.72817 1.23315 17.4398 16.6397
internal_count=745 727 80 45 647 634
is_linear=0
shrinkage=0.1


Tree=262
num_leaves=10
num_cat=4
split_feature=5 0 4 2 0 4 6 6 0
split_gain=0.0706522 0.571346 1.03015 0.437914 0.405313 0.688792 0.257213 0.194648 0.266704
threshold=0 3.5000000000000004 1 2 1.5000000000000002 3 1.5000000000000002 2.5000000000000004 3.5000000000000004
decision_type=1 2 9 1 2 9 2 2 2
left_child=1 2 6 -4 5 -2 -1 8 -6
right_child=4 -3 3 -5 7 -7 -8 -9 -10
leaf_value=-0.034094861162772494 0.04577186180268325 0.064859490911053294 0.024723109618650908 -0.0049879517315701144 -0.0093389439738714095 -0.019403650722593157 -0.10682600804929124 0.017467325231444949 -0.044783275105155521
leaf_weight=3.8341930724564008 3.7708873152732849 1.4631424220278848 10.1530435574241 9.7004855722189003 12.973910684697332 2.8447899619350236 0.55686005949974049 2.0758613236248484 2.5382717158645383
leaf_count=167 17 38 237 46 113 75 2 19 31
internal_value=0.000523742 0.00417441 0.000512108 0.0102062 -0.00335377 0.0177459 -0.0433184 -0.0112903 -0.0151387
internal_weight=49.9114 25.7077 24.2446 19.8535 24.2037 6.61568 4.39105 17.588 15.5122
internal_count=745 490 452 283 255 92 169 163 144
cat_boundaries=0 1 2 3 4
cat_threshold=2 2 1 2
is_linear=0
shrinkage=0.1


Tree=263
num_leaves=10
num_cat=4
split_feature=5 7 0 6 6 1 2 3 7
split_gain=0.0324287 0.150243 0.211025 0.260614 0.207218 0.127983 0.282301 0.113667 0.000115152
threshold=0 2.5000000000000004 2.5000000000000004 1.5000000000000002 1.5000000000000002 1 2 3 2.5000000000000004
decision_type=1 2 2 2 2 1 1 1 2
left_child=5 2 3 -2 -4 6 7 -1 -8
right_child=1 -3 4 -5 -6 -7 8 -9 -10
leaf_value=-0.013573203624943693 -0.0094539406632700076 0.027571493857302121 -0.0070315563887523623 0.031115195963231271 -0.078461818319594673 0.011731230039479594 -0.075534032388996558 0.012170499768276196 -0.078412635469060091
leaf_weight=4.5463859199953731 3.6346219325205293 2.5096249468624601 1.2625959701836107 2.8058581976220012 0.59870896767824877 4.6919493898749352 0.24501824734034006 2.7540704505518079 0.32105969218537211
leaf_count=363 146 19 43 29 18 22 45 48 12
internal_value=0.0021161 0.0061309 -0.000350585 0.0082204 -0.0300079 -0.00134018 -0.00913655 -0.00386149 -0.0771667
internal_weight=23.3699 10.8114 8.30179 6.44048 1.8613 12.5585 7.86653 7.30046 0.566078
internal_count=745 255 236 175 61 490 468 411 57
cat_boundaries=0 1 2 3 4
cat_threshold=2 1 1 1
is_linear=0
shrinkage=0.1


Tree=264
num_leaves=9
num_cat=5
split_feature=2 0 3 0 1 1 6 3
split_gain=0.0316695 0.181588 0.168479 0.0584854 0.170781 0.148697 0.121868 0.0881737
threshold=0 1.5000000000000002 1 1.5000000000000002 2 3 1.5000000000000002 4
decision_type=1 2 1 2 1 1 2 1
left_child=3 -2 -3 4 7 -5 -7 -1
right_child=1 2 -4 5 -6 6 -8 -9
leaf_value=0.0030880336626539404 -0.0316012883802817 0.041716317998448729 -0.013501403474626514 0.020987074478054746 -0.036920173680700656 -0.012508227384660712 0.0042952349386605297 0.027068512775802314
leaf_weight=8.2672981768846512 2.2101030629128209 0.9190573925152421 1.3857187428511681 1.9944862872362137 0.94455847330391307 14.75611518049846 6.1004691392590749 1.8824061122722895
leaf_count=214 13 22 55 17 11 249 134 30
internal_value=-0.00325304 -0.0111214 0.00851733 -0.00220652 0.00375062 -0.00509873 -0.00759328 0.00753555
internal_weight=38.4602 4.51488 2.30478 33.9453 11.0943 22.8511 20.8566 10.1497
internal_count=745 90 77 655 255 400 383 244
cat_boundaries=0 1 2 3 4 5
cat_threshold=1 1 1 2 1
is_linear=0
shrinkage=0.1


Tree=265
num_leaves=7
num_cat=1
split_feature=6 6 0 7 7 5
split_gain=0.0884624 0.113709 0.197939 0.443736 0.167086 0.201126
threshold=4.5000000000000009 2.5000000000000004 2.5000000000000004 1.5000000000000002 4.5000000000000009 0
decision_type=2 2 2 2 2 1
left_child=1 4 3 -3 5 -1
right_child=-2 2 -4 -5 -6 -7
leaf_value=0.018984851012515239 0.032054933588738552 -0.10522806644633045 0.00073881784204131386 0.017295590382713198 0.049089696459112743 -0.0052040444677927877
leaf_weight=4.8651626824575969 0.93683255277573962 0.64261336065828734 2.4814999877125956 0.54735837737098336 0.78569179028272529 11.713547706604013
leaf_count=235 18 29 35 16 13 399
internal_value=0.00198816 0.000649141 -0.0153401 -0.0488701 0.00402985 0.00189439
internal_weight=21.9727 21.0359 3.67147 1.18997 17.3644 16.5787
internal_count=745 727 80 45 647 634
cat_boundaries=0 1
cat_threshold=1
is_linear=0
shrinkage=0.1


Tree=266
num_leaves=10
num_cat=5
split_feature=7 3 5 1 5 0 5 7 6
split_gain=0.0823949 0.184366 0.307048 0.136841 0.338702 0.138092 0.139479 0.124612 0.0963865
threshold=2.5000000000000004 0 1 2 3 3.5000000000000004 4 3.5000000000000004 1.5000000000000002
decision_type=2 1 1 1 1 2 1 2 2
left_child=3 2 7 5 -5 6 -1 -2 -7
right_child=1 -3 -4 4 -6 8 -8 -9 -10
leaf_value=-0.0072209050593471952 0.086902913642341373 -0.0038200937776825699 -0.0022152483260839332 0.008747227652939454 -0.037099133182020669 0.0047346992967042057 0.0059280953252441679 0.031609928728372275 0.040249530762182163
leaf_weight=16.303273771773092 0.79875342361629009 4.1734247843269259 1.6809045523405066 3.1604226650670171 3.2877653418108812 1.6195928873494261 15.969052093452772 0.83228582609444857 1.4468626871239392
leaf_count=376 34 27 12 19 21 30 189 17 20
internal_value=0.000498722 0.0101606 0.0277779 -0.00123203 -0.0146287 0.00121242 -0.000714492 0.058688 0.0214919
internal_weight=49.2723 7.48537 3.31194 41.787 6.44819 35.3388 32.2723 1.63104 3.06646
internal_count=745 90 63 655 40 615 565 51 50
cat_boundaries=0 1 2 3 4 5
cat_threshold=1 2 1 2 2
is_linear=0
shrinkage=0.1


Tree=267
num_leaves=7
num_cat=1
split_feature=7 0 7 7 6 2
split_gain=0.0260521 0.0237262 0.367345 0.152251 0.263554 0.0758221
threshold=3.5000000000000004 3.5000000000000004 2.5000000000000004 2.5000000000000004 1.5000000000000002 0
decision_type=2 2 2 2 2 1
left_child=1 3 -3 5 -5 -1
right_child=-2 2 -4 4 -6 -7
leaf_value=0.021156838414273658 0.016965372702436483 -0.01798360851022196 0.06444677314867038 0.0099372128894370734 -0.049510485255209451 0.0015707352961477174
leaf_weight=2.2925684671499766 1.1746308177243907 1.530219369742553 0.83598517253994931 1.4680915013886982 1.5157091836445031 14.337026767956571
leaf_count=63 34 60 11 29 16 532
internal_value=0.00245545 0.00168002 0.0111392 0.000538837 -0.020261 0.00427089
internal_weight=23.1542 21.9796 2.3662 19.6134 2.9838 16.6296
internal_count=745 711 71 640 45 595
cat_boundaries=0 1
cat_threshold=2
is_linear=0
shrinkage=0.1


Tree=268
num_leaves=12
num_cat=7
split_feature=7 3 1 4 0 4 5 0 3 5 0
split_gain=0.0297335 0.224054 0.432138 0.663206 0.248905 0.172516 0.66884 0.498737 0.384389 0.370822 0.0864929
threshold=1.5000000000000002 0 1 2 3.5000000000000004 3 4 2.5000000000000004 5 6 2.5000000000000004
decision_type=2 1 1 9 2 9 1 2 1 1 2
left_child=5 2 3 -2 -3 9 8 -8 -7 10 -1
right_child=1 4 -4 -5 -6 6 7 -9 -10 -11 -12
leaf_value=0.026959336313428808 -0.028994388802658051 -0.05781096826972873 0.058734673343717542 0.036596709481782487 0.00071775160864849682 -0.07105514141877832 -0.0071323400528314016 0.043184295191485915 -0.0073424376557130466 -0.013572072858452978 -0.0018938628632707473
leaf_weight=6.0737708043307066 4.7904061438748613 1.5826947127934536 1.1292782519012678 2.2730060914182095 1.3432985227555037 2.231635093834484 8.8443144061602634 2.5344149414449921 1.644897385616787 4.8729754239320755 1.2533336747437713
leaf_count=139 36 36 10 134 14 115 135 39 26 27 34
internal_value=-0.00282473 -0.0071875 0.00129596 -0.00788717 -0.0309409 -0.00105792 -0.00814673 0.00407482 -0.0440204 0.00780608 0.0220239
internal_weight=38.574 11.1187 8.19269 7.06341 2.92599 27.4553 15.2553 11.3787 3.87653 12.2001 7.3271
internal_count=745 230 180 170 50 515 315 174 141 200 173
cat_boundaries=0 1 2 3 4 5 6 7
cat_threshold=1 1 2 2 2 1 2
is_linear=0
shrinkage=0.1


Tree=269
num_leaves=7
num_cat=0
split_feature=6 6 0 7 7 6
split_gain=0.0765142 0.0994639 0.175119 0.410371 0.158826 0.201073
threshold=4.5000000000000009 2.5000000000000004 2.5000000000000004 1.5000000000000002 4.5000000000000009 1.5000000000000002
decision_type=2 2 2 2 2 2
left_child=1 4 3 -3 5 -1
right_child=-2 2 -4 -5 -6 -7
leaf_value=-0.0063542170068314075 0.029709564566299241 -0.10337875290349866 0.00032917504658971068 0.015988717523635537 0.047807305788412802 0.016933449282664572
leaf_weight=11.043814869219217 0.92898931354284187 0.60784943122416668 2.4762601903057657 0.5473508769646287 0.77394508710130949 5.5815494528505942
leaf_count=494 18 29 35 16 13 140
internal_value=0.00162425 0.000383636 -0.0146696 -0.0468207 0.00352545 0.00146403
internal_weight=21.9598 21.0308 3.63146 1.1552 17.3993 16.6254
internal_count=745 727 80 45 647 634
is_linear=0
shrinkage=0.1


Tree=270
num_leaves=9
num_cat=3
split_feature=7 6 0 1 5 0 3 6
split_gain=0.0763694 0.169099 0.889893 0.109956 0.296969 0.114109 0.129865 0.0872166
threshold=2.5000000000000004 1.5000000000000002 2.5000000000000004 0 1 3.5000000000000004 2 1.5000000000000002
decision_type=2 2 2 1 1 2 1 2
left_child=3 2 -2 5 -5 6 -1 -7
right_child=1 -3 -4 4 -6 7 -8 -9
leaf_value=0.002073265407388987 0.047447397993553499 0.025215635218056622 -0.050292363358578965 0.0086540608107745619 -0.034350396719353374 0.0035102232787382797 -0.01486793898130272 0.03717309314734224
leaf_weight=26.872315438231453 1.7335973065346473 3.6284152176231146 2.0134052261710167 3.1536126188002527 3.2716481983661643 1.6370976911857718 5.4410037024645126 1.4525498128496108
leaf_count=490 27 35 28 19 21 30 75 20
internal_value=0.000446247 0.0098284 -0.00507185 -0.00120807 -0.0132432 0.000976169 -0.00077934 0.0193363
internal_weight=49.2036 7.37542 3.747 41.8282 6.42526 35.403 32.3133 3.08965
internal_count=745 90 55 655 40 615 565 50
cat_boundaries=0 1 2 3
cat_threshold=1 2 1
is_linear=0
shrinkage=0.1


Tree=271
num_leaves=7
num_cat=1
split_feature=7 0 7 7 6 2
split_gain=0.0258913 0.0221221 0.336777 0.125872 0.236806 0.0680719
threshold=3.5000000000000004 3.5000000000000004 2.5000000000000004 2.5000000000000004 1.5000000000000002 0
decision_type=2 2 2 2 2 1
left_child=1 3 -3 5 -5 -1
right_child=-2 2 -4 4 -6 -7
leaf_value=0.01973348804824563 0.016757981442569105 -0.017057726033132329 0.063280960081373447 0.010020963057944093 -0.04671876201236036 0.0011771158026257561
leaf_weight=2.2918335683643818 1.163802763679995 1.5093765145284117 0.79746800661087025 1.4528667530976229 1.4898366420529781 14.385544291028067
leaf_count=63 34 60 11 29 16 532
internal_value=0.00222324 0.00145178 0.0107151 0.000362645 -0.0187053 0.00372716
internal_weight=23.0907 21.9269 2.30684 19.6201 2.9427 16.6774
internal_count=745 711 71 640 45 595
cat_boundaries=0 1
cat_threshold=2
is_linear=0
shrinkage=0.1


Tree=272
num_leaves=10
num_cat=5
split_feature=2 0 3 0 1 3 0 3 7
split_gain=0.0320636 0.177639 0.150591 0.0533255 0.179949 0.129414 0.108648 0.0830164 0.0531406
threshold=0 1.5000000000000002 1 1.5000000000000002 2 3 3.5000000000000004 4 1.5000000000000002
decision_type=1 2 1 2 1 1 2 1 2
left_child=3 -2 -3 4 7 8 -7 -1 -5
right_child=1 2 -4 5 -6 6 -8 -9 -10
leaf_value=0.0037855010366031091 -0.030683264016964779 0.040618369936056567 -0.012063493314623449 -0.010550120736240598 -0.037110940419463015 0.0011533667887486403 -0.029410878111372659 0.027150628079637092 -0.033955896454525285
leaf_weight=8.2137226278427988 2.2126205638051024 0.90991655737161636 1.3441158335190269 2.2193887335597542 0.96408818662166496 17.645413255871979 1.2451033382094454 1.8661280295345903 1.7231489292462354
leaf_count=214 13 22 55 35 11 310 29 30 26
internal_value=-0.00259126 -0.0105551 0.00920333 -0.00154124 0.0041635 -0.00430051 -0.00086117 0.00811119 -0.02078
internal_weight=38.3436 4.46665 2.25403 33.877 11.0439 22.8331 18.8905 10.0799 3.94254
internal_count=745 90 77 655 255 400 339 244 61
cat_boundaries=0 1 2 3 4 5
cat_threshold=1 1 1 2 1
is_linear=0
shrinkage=0.1


Tree=273
num_leaves=8
num_cat=2
split_feature=6 6 0 7 7 1 2
split_gain=0.0669839 0.0928291 0.155161 0.379417 0.139815 0.392402 0.184926
threshold=4.5000000000000009 2.5000000000000004 2.5000000000000004 1.5000000000000002 1.5000000000000002 0 1
decision_type=2 2 2 2 2 1 1
left_child=1 4 3 -3 5 -1 -6
right_child=-2 2 -4 -5 6 -7 -8
leaf_value=0.068880356865098885 0.027888553922061316 -0.10180387073274247 -0.00029239791981756382 0.014564092539976883 0.025865817958504594 -0.012170904399343891 -0.0029297876418948958
leaf_weight=0.64721844624727964 0.91966013424098392 0.57569047017022901 2.461571098479908 0.54585658991709352 4.6480320545379055 7.748823747911965 4.287364449352026
leaf_count=24 18 29 35 16 169 430 24
internal_value=0.00147499 0.000313521 -0.0143387 -0.0451676 0.00334274 -0.00592298 0.0120492
internal_weight=21.8342 20.9146 3.58312 1.12155 17.3314 8.39604 8.9354
internal_count=745 727 80 45 647 454 193
cat_boundaries=0 1 2
cat_threshold=2 1
is_linear=0
shrinkage=0.1


Tree=274
num_leaves=10
num_cat=5
split_feature=7 3 5 7 1 5 0 2 7
split_gain=0.0736471 0.161563 0.336235 0.0951217 0.0836371 0.256776 0.124222 0.505019 0.158537
threshold=2.5000000000000004 0 1 3.5000000000000004 2 3 2.5000000000000004 4 1.5000000000000002
decision_type=2 1 1 2 1 1 2 1 2
left_child=4 2 3 -2 6 -6 7 -1 -8
right_child=1 -3 -4 -5 5 -7 8 -9 -10
leaf_value=-0.048141544638471229 0.085154361549444502 -0.0035486280821937382 -0.005321446992093695 0.035873328356181317 0.0085985473385881174 -0.031452295312020553 0.0008776084818720158 0.001301339206848824 0.026365307212853979
leaf_weight=2.278921302058734 0.75248509831726551 4.08567718451377 1.6324280388653269 0.81683246837928891 3.1466117477975786 3.258451171219348 7.1913839449407515 22.096052341337785 3.6940599484369159
leaf_count=30 34 27 12 17 19 21 114 440 31
internal_value=0.000357791 0.00963227 0.0264521 0.0595035 -0.00126435 -0.0117765 0.000645197 -0.00332129 0.00952706
internal_weight=48.9529 7.28742 3.20175 1.56932 41.6655 6.40506 35.2604 24.375 10.8854
internal_count=745 90 63 51 655 40 615 470 145
cat_boundaries=0 1 2 3 4 5
cat_threshold=1 2 1 2 2
is_linear=0
shrinkage=0.1


Tree=275
num_leaves=11
num_cat=3
split_feature=5 7 0 6 7 7 3 6 1 0
split_gain=0.0266651 0.149326 0.167032 0.202141 0.112388 0.184781 0.813416 0.223959 0.119312 0.0563393
threshold=0 2.5000000000000004 2.5000000000000004 1.5000000000000002 2.5000000000000004 1.5000000000000002 1 3.5000000000000004 2 2.5000000000000004
decision_type=1 2 2 2 2 2 1 2 1 2
left_child=4 2 3 -2 5 7 -7 -1 9 -6
right_child=1 -3 -4 -5 8 6 -8 -9 -10 -11
leaf_value=-0.014658879685598942 -0.0087796390598768159 0.027830531550345539 -0.027657081194506501 0.026726795748851336 -0.052387807428008096 -0.015487038839942673 0.078948466759057478 0.042660441924045979 0.012014514559813033 -0.015347875277443551
leaf_weight=5.2429908091144153 3.6315814078552631 2.3912095502018937 1.7824173064436761 2.8709633965045214 0.89815532835200518 2.3716881980653852 1.4820707337930801 0.78352613808237936 0.77875635027885448 0.75655967160128057
leaf_count=294 146 19 61 29 35 93 12 20 3 33
internal_value=0.00215913 0.00581668 -0.000536971 0.00689694 -0.00101201 0.00372925 0.0208308 -0.00720662 -0.0202622 -0.0354526
internal_weight=22.9899 10.6762 8.28496 6.50254 12.3137 9.88028 3.85376 6.02652 2.43347 1.65471
internal_count=745 255 236 175 490 419 105 314 71 68
cat_boundaries=0 1 2 3
cat_threshold=2 1 1
is_linear=0
shrinkage=0.1


Tree=276
num_leaves=10
num_cat=6
split_feature=2 0 3 0 1 3 5 3 7
split_gain=0.0326824 0.158198 0.13198 0.0481315 0.164049 0.114241 0.103981 0.0775842 0.0461935
threshold=0 1.5000000000000002 1 1.5000000000000002 2 3 4 5 1.5000000000000002
decision_type=1 2 1 2 1 1 1 1 2
left_child=3 -2 -3 4 7 8 -7 -1 -5
right_child=1 2 -4 5 -6 6 -8 -9 -10
leaf_value=0.0036548636860801926 -0.029338851882474176 0.038091590096980335 -0.011567710126842125 -0.0098973942168517921 -0.035407366735995108 -0.010356142117565668 0.0049871791833960514 0.026273762727192524 -0.031687906340589947
leaf_weight=8.1837814301252365 2.2245278814807525 0.89396336022764444 1.3335403776727619 2.2214546221657661 0.96072439663112064 7.0500013926066458 11.825993855483835 1.8613692834041984 1.7308464840898521
leaf_count=214 13 22 55 35 11 224 115 30 26
internal_value=-0.00242138 -0.0104758 0.00836204 -0.00136155 0.00407047 -0.00398041 -0.000743403 0.00784615 -0.0194402
internal_weight=38.2862 4.45203 2.2275 33.8342 11.0059 22.8283 18.876 10.0452 3.9523
internal_count=745 90 77 655 255 400 339 244 61
cat_boundaries=0 1 2 3 4 5 6
cat_threshold=1 1 1 2 2 1
is_linear=0
shrinkage=0.1


Tree=277
num_leaves=7
num_cat=0
split_feature=6 6 0 7 7 6
split_gain=0.0656991 0.0775614 0.152262 0.353922 0.136895 0.168998
threshold=4.5000000000000009 2.5000000000000004 2.5000000000000004 1.5000000000000002 4.5000000000000009 1.5000000000000002
decision_type=2 2 2 2 2 2
left_child=1 4 3 -3 5 -1
right_child=-2 2 -4 -5 -6 -7
leaf_value=-0.0062664870961690175 0.027401813633588918 -0.10121991518473475 0.00029364839843587103 0.013107360963441662 0.045054971270707254 0.015025976603511829
leaf_weight=11.009478868334567 0.91691446118056674 0.54739228682592445 2.4726996299577877 0.53582807816565037 0.73455370450392266 5.6357592325657597
leaf_count=494 18 29 35 16 13 140
internal_value=0.00120145 5.39614e-05 -0.0134023 -0.0446665 0.00280713 0.000942734
internal_weight=21.8526 20.9357 3.55592 1.08322 17.3798 16.6452
internal_count=745 727 80 45 647 634
is_linear=0
shrinkage=0.1


Tree=278
num_leaves=9
num_cat=4
split_feature=7 6 0 1 5 0 2 5
split_gain=0.0697054 0.163657 0.738567 0.0706743 0.217846 0.09881 0.462571 0.14255
threshold=2.5000000000000004 1.5000000000000002 2.5000000000000004 0 1 2.5000000000000004 2 3
decision_type=2 2 2 1 1 2 1 1
left_child=3 2 -2 5 -5 6 -1 -7
right_child=1 -3 -4 4 -6 7 -8 -9
leaf_value=-0.045788732717470505 0.042951606215029643 0.024600279582023193 -0.047611304151606443 0.0080221416167825296 -0.028932467358149219 0.018076553378186769 0.0014860432249932201 -0.0051045002767634868
leaf_weight=2.283846412668936 1.6825756495818489 3.596932761836797 1.9374110702192409 3.1262305486015975 3.2572292154654852 6.4177777693839744 22.079497575410645 4.5218854097183776
leaf_count=30 27 35 28 19 21 93 440 52
internal_value=0.000419554 0.00949328 -0.00551752 -0.00115132 -0.0108343 0.000599552 -0.00294555 0.00849472
internal_weight=48.9034 7.21692 3.61999 41.6865 6.38346 35.303 24.3633 10.9397
internal_count=745 90 55 655 40 615 470 145
cat_boundaries=0 1 2 3 4
cat_threshold=1 2 2 2
is_linear=0
shrinkage=0.1


Tree=279
num_leaves=7
num_cat=1
split_feature=7 0 7 7 6 2
split_gain=0.0288599 0.0219832 0.291287 0.0969179 0.222184 0.0545099
threshold=3.5000000000000004 3.5000000000000004 2.5000000000000004 2.5000000000000004 1.5000000000000002 0
decision_type=2 2 2 2 2 1
left_child=1 3 -3 5 -5 -1
right_child=-2 2 -4 4 -6 -7
leaf_value=0.017427913977876987 0.017507716952791581 -0.015306152684131186 0.061062948646285392 0.011568387967574761 -0.044110235211716121 0.00076781173382717846
leaf_weight=2.2747172174858861 1.1412544255144883 1.4720824620744672 0.75590328127145756 1.4037432312034064 1.4643252100795505 14.372889370715724
leaf_count=63 34 60 11 29 16 532
internal_value=0.00200713 0.00119356 0.0106041 0.000119215 -0.016859 0.00304424
internal_weight=22.8849 21.7437 2.22799 19.5157 2.86807 16.6476
internal_count=745 711 71 640 45 595
cat_boundaries=0 1
cat_threshold=2
is_linear=0
shrinkage=0.1


Tree=280
num_leaves=10
num_cat=5
split_feature=2 0 3 0 1 3 6 3 7
split_gain=0.0300315 0.140177 0.114811 0.0422861 0.147513 0.103899 0.0981053 0.0673306 0.0402873
threshold=0 1.5000000000000002 1 1.5000000000000002 2 3 1.5000000000000002 4 1.5000000000000002
decision_type=1 2 1 2 1 1 2 1 2
left_child=3 -2 -3 4 7 8 -7 -1 -5
right_child=1 2 -4 5 -6 6 -8 -9 -10
leaf_value=0.0035224691609452964 -0.027622118957269456 0.035762041106890692 -0.010769889327634881 -0.0095196798843534339 -0.033624466901353255 -0.0047409671142592327 0.011969406853262345 0.024608083586844777 -0.02985362947443794
leaf_weight=8.1701588646974415 2.2388636767864218 0.88524549640715122 1.3222916948143395 2.2225960132782352 0.95884060300886531 14.228509868495172 4.6653089109022394 1.8589700632728607 1.7349761821533318
leaf_count=214 13 22 55 35 11 225 114 30 26
internal_value=-0.00226482 -0.00999121 0.0078899 -0.00124959 0.00384824 -0.00370085 -0.0006148 0.00743084 -0.018434
internal_weight=38.2858 4.4464 2.20754 33.8394 10.988 22.8514 18.8938 10.0291 3.95757
internal_count=745 90 77 655 255 400 339 244 61
cat_boundaries=0 1 2 3 4 5
cat_threshold=1 1 1 2 1
is_linear=0
shrinkage=0.1


Tree=281
num_leaves=9
num_cat=2
split_feature=6 7 6 0 5 0 5 6
split_gain=0.0618745 0.0735613 0.324329 0.686136 0.539809 0.175277 1.65091 0.613957
threshold=4.5000000000000009 1.5000000000000002 1.5000000000000002 1.5000000000000002 0 2.5000000000000004 1 1.5000000000000002
decision_type=2 2 2 2 1 2 1 2
left_child=1 2 3 -1 -4 6 -3 -7
right_child=-2 5 4 -5 -6 7 -8 -9
leaf_value=0.004225810569763999 0.026453839364028051 0.051419253800339418 -0.0075560757271388047 -0.07631926817359129 0.064960489570096563 0.022582749238463953 -0.083626505276427177 -0.043310685345289493
leaf_weight=2.7862244142452308 0.91085724532604118 3.8064532103016973 4.33618113148259 1.7047255420184226 1.3448967225849626 3.2245281328214332 1.1876899087801556 2.5183620499446988
leaf_count=141 18 119 125 198 38 50 27 29
internal_value=0.000940256 -0.000171187 -0.00626509 -0.0263484 0.00961096 0.00560205 0.0193031 -0.00631272
internal_weight=21.8199 20.9091 10.172 4.49095 5.68108 10.737 4.99414 5.74289
internal_count=745 727 502 339 163 225 146 79
cat_boundaries=0 1 2
cat_threshold=2 2
is_linear=0
shrinkage=0.1


Tree=282
num_leaves=10
num_cat=5
split_feature=7 3 5 7 1 5 3 0 6
split_gain=0.0658069 0.158596 0.322238 0.0770055 0.060699 0.195984 0.104383 0.241732 0.115383
threshold=2.5000000000000004 0 1 3.5000000000000004 2 3 4 2.5000000000000004 2.5000000000000004
decision_type=2 1 1 2 1 1 1 2 2
left_child=4 2 3 -2 6 -6 8 -8 -1
right_child=1 -3 -4 -5 5 -7 7 -9 -10
leaf_value=0.0014301436804185206 0.083851415055245931 -0.0037128176854786957 -0.0048095352327443266 0.038464581985689014 0.0079003597099769566 -0.027182353011999966 -0.035329199369472368 0.003240938639939408 0.024749989100628107
leaf_weight=25.838453430216763 0.70080909971147776 4.0307811649981886 1.6043489389121524 0.80117633054032922 3.120511946734041 3.2515084976330391 2.491618738975375 4.6714007582049817 2.3115540766157201
leaf_count=457 34 27 12 17 19 21 50 48 60
internal_value=0.000500695 0.0093734 0.0263541 0.0596416 -0.00101845 -0.0100016 0.00060251 -0.0101755 0.00334507
internal_weight=48.8222 7.13712 3.10633 1.50199 41.685 6.37202 35.313 7.16302 28.15
internal_count=745 90 63 51 655 40 615 98 517
cat_boundaries=0 1 2 3 4 5
cat_threshold=1 2 1 2 1
is_linear=0
shrinkage=0.1


Tree=283
num_leaves=6
num_cat=1
split_feature=7 6 7 0 2
split_gain=0.0287021 0.0173227 0.0858752 0.221948 0.21341
threshold=3.5000000000000004 3.5000000000000004 1.5000000000000002 1.5000000000000002 0
decision_type=2 2 2 2 1
left_child=1 2 3 -1 -4
right_child=-2 -3 4 -5 -6
leaf_value=0.015724087403080244 0.017321928381811038 0.011333316966795728 -0.00010759807633890999 -0.018286308327671637 0.036759022853059237
leaf_weight=2.8442560982657685 1.1361487286631007 1.514092781144426 9.5668408888741379 5.8971040901378728 1.8784857586724673
leaf_count=200 34 32 162 294 23
internal_value=0.00182813 0.00101695 0.00024318 -0.00722004 0.00594321
internal_weight=22.8369 21.7008 20.1867 8.74136 11.4453
internal_count=745 711 679 494 185
cat_boundaries=0 1
cat_threshold=1
is_linear=0
shrinkage=0.1


Tree=284
num_leaves=8
num_cat=4
split_feature=0 3 1 1 3 0 0
split_gain=0.031055 0.195898 1.21642 0.392808 0.162092 0.154455 0.133947
threshold=3.5000000000000004 0 1 2 3 2.5000000000000004 2.5000000000000004
decision_type=2 1 1 1 1 2 2
left_child=1 3 5 -1 -2 -3 -5
right_child=4 2 -4 6 -6 -7 -8
leaf_value=0.043374265406951981 0.018396857627882995 0.017344366065294572 -0.12693182691798013 -0.0066410184538867149 -0.023006219680975108 -0.035195818823905031 0.011624411014148987
leaf_weight=1.9153902567923069 3.0730198747478426 2.4326770555926482 0.89282375457696606 22.944863855023875 1.3658499500015739 0.72665806050645176 4.8664202355139414
leaf_count=21 38 59 15 450 35 34 93
internal_value=-0.00220653 -0.00323987 -0.0238662 -0.000428213 0.00565704 0.00525994 -0.00344493
internal_weight=38.2177 33.7788 4.05216 29.7267 4.43887 3.15934 27.8113
internal_count=745 672 108 564 73 93 543
cat_boundaries=0 1 2 3 4
cat_threshold=1 1 2 2
is_linear=0
shrinkage=0.1


Tree=285
num_leaves=9
num_cat=3
split_feature=6 7 6 2 5 0 5 6
split_gain=0.0582789 0.0715326 0.297065 0.658233 0.43654 0.146766 1.45859 0.531456
threshold=4.5000000000000009 1.5000000000000002 1.5000000000000002 0 1 2.5000000000000004 2 1.5000000000000002
decision_type=2 2 2 1 1 2 1 2
left_child=1 2 3 -1 -4 6 -3 -7
right_child=-2 5 4 -5 -6 7 -8 -9
leaf_value=-0.075364879474651369 0.025620828275990905 0.047030318848387542 -0.0071075546991188265 0.0044231975450086227 0.056843843297547228 0.021203901059263813 -0.083085188373259386 -0.040180749533122034
leaf_weight=1.6673262942349574 0.90678717382252116 3.8616305952891707 4.3269241566013079 2.7218852578662354 1.4169286927208302 3.2456395879853517 1.1089466046541909 2.4943634436931461
leaf_count=300 18 119 125 39 38 50 27 29
internal_value=0.000803458 -0.000276203 -0.00629904 -0.0258858 0.00866837 0.00542188 0.0180013 -0.00547128
internal_weight=21.7504 20.8436 10.1331 4.38921 5.74385 10.7106 4.97058 5.74
internal_count=745 727 502 339 163 225 146 79
cat_boundaries=0 1 2 3
cat_threshold=1 2 2
is_linear=0
shrinkage=0.1


Tree=286
num_leaves=10
num_cat=5
split_feature=7 3 5 7 1 5 3 0 0
split_gain=0.0634078 0.135076 0.295695 0.0777401 0.0547414 0.172811 0.0964354 0.188336 0.112112
threshold=2.5000000000000004 0 1 3.5000000000000004 2 3 4 2.5000000000000004 1.5000000000000002
decision_type=2 1 1 2 1 1 1 2 2
left_child=4 2 3 -2 6 -6 8 -8 -1
right_child=1 -3 -4 -5 5 -7 7 -9 -10
leaf_value=0.012133518553044747 0.083318136601545412 -0.0027140500097714805 -0.0043252762084140311 0.036745225814755908 0.0073717765538800261 -0.02559895627692324 -0.032318105429138745 0.0019465616030936101 -0.0012193516674291844
leaf_weight=9.4755835467949527 0.66045226482674479 4.0076430117478594 1.6049098894000045 0.78369994694367051 3.1184257953427732 3.2428047480061641 2.43450275651412 4.7030145623721182 18.690568995196372
leaf_count=219 34 27 12 17 19 21 50 48 298
internal_value=0.000587833 0.00935369 0.0252154 0.0580444 -0.000896824 -0.00943592 0.000641802 -0.00974062 0.00327279
internal_weight=48.7216 7.05671 3.04906 1.44415 41.6649 6.36123 35.3037 7.13752 28.1662
internal_count=745 90 63 51 655 40 615 98 517
cat_boundaries=0 1 2 3 4 5
cat_threshold=1 2 1 2 1
is_linear=0
shrinkage=0.1


Tree=287
num_leaves=11
num_cat=4
split_feature=0 6 7 2 7 3 6 7 2 3
split_gain=0.0280699 0.135077 0.326442 0.551383 0.167678 0.275395 0.0966228 0.127193 1.00008 0.370141
threshold=2.5000000000000004 1.5000000000000002 1.5000000000000002 0 2.5000000000000004 1 3.5000000000000004 1.5000000000000002 2 3
decision_type=2 2 2 1 2 1 2 2 1 1
left_child=6 4 3 -3 5 -2 7 8 -1 -9
right_child=1 2 -4 -5 -6 -7 -8 9 -10 -11
leaf_value=-0.11939465062764101 -0.076734557122221686 -0.077764166948809776 -0.052583155979730012 0.07592488044905997 0.03667847869643976 0.011178083977416507 0.027565103627991042 -0.0030665274998085226 0.0040049739909264409 0.045096160967110777
leaf_weight=0.72824988461798057 0.46538532839622282 0.36214010193361923 1.4472220875904893 0.65682731755077839 1.308937451103702 1.5206186686409635 1.5450346991419781 5.8643675646744651 6.6899757186183768 2.1921582925133407
leaf_count=27 59 41 33 14 28 34 13 126 356 14
internal_value=0.00167739 -0.00435595 -0.0220549 0.0213039 0.0088913 -0.00942271 0.00371966 0.00133887 -0.00810921 0.0100384
internal_weight=22.7809 5.76113 2.46619 1.01897 3.29494 1.986 17.0198 15.4748 7.41823 8.05653
internal_count=745 209 88 55 121 93 536 523 383 140
cat_boundaries=0 1 2 3 4
cat_threshold=1 1 2 1
is_linear=0
shrinkage=0.1


Tree=288
num_leaves=8
num_cat=4
split_feature=0 3 1 1 3 0 0
split_gain=0.0268792 0.167151 1.08348 0.321122 0.141694 0.133654 0.110379
threshold=3.5000000000000004 0 1 2 3 2.5000000000000004 2.5000000000000004
decision_type=2 1 1 1 1 2 2
left_child=1 3 -3 -1 -2 -4 -5
right_child=4 2 5 6 -6 -7 -8
leaf_value=0.0390666136542955 0.017303144761322397 -0.12172278172596292 0.016287171670494694 -0.0060600310314780715 -0.021325359231742721 -0.03289119368319799 0.010583269315504698
leaf_weight=1.9256568066775799 3.0505835902877152 0.85887788073159754 2.4184953812509775 22.900283828959807 1.3787812999798905 0.71630913818080433 4.8242528763803412
leaf_count=21 38 15 59 450 35 34 93
internal_value=-0.00204407 -0.00300815 -0.0222138 -0.000421285 0.00527879 0.00504982 -0.00316399
internal_weight=38.0732 33.6439 3.99368 29.6502 4.42936 3.1348 27.7245
internal_count=745 672 108 564 73 93 543
cat_boundaries=0 1 2 3 4
cat_threshold=1 2 2 2
is_linear=0
shrinkage=0.1


Tree=289
num_leaves=7
num_cat=2
split_feature=7 7 5 0 1 6
split_gain=0.0564197 0.090754 0.1027 1.37912 0.644752 0.0266214
threshold=4.5000000000000009 2.5000000000000004 0 2.5000000000000004 1 1.5000000000000002
decision_type=2 2 1 2 1 2
left_child=1 2 3 -1 -4 -3
right_child=-2 5 4 -5 -6 -7
leaf_value=-0.023730074799035945 0.026507509167992722 -0.025029408074875886 -0.083349226479179084 0.086712251426302858 0.0039513664091649732 -0.0065868307187859649
leaf_weight=3.2548505566082913 0.81562749622389574 1.5977593098068603 0.91114180814474821 1.7324802003859074 11.828418795368638 1.5342756377067415
leaf_count=175 16 44 19 61 400 30
internal_value=0.000706272 -0.00030261 0.00246997 0.014635 -0.00229243 -0.015995
internal_weight=21.6746 20.8589 17.7269 4.98733 12.7396 3.13203
internal_count=745 729 655 236 419 74
cat_boundaries=0 1 2
cat_threshold=1 2
is_linear=0
shrinkage=0.1


Tree=290
num_leaves=10
num_cat=5
split_feature=7 3 5 7 1 5 3 0 6
split_gain=0.0596569 0.118212 0.273026 0.0783167 0.0508837 0.14396 0.0790531 0.147635 0.121139
threshold=2.5000000000000004 0 1 3.5000000000000004 2 3 4 2.5000000000000004 2.5000000000000004
decision_type=2 1 1 2 1 1 1 2 2
left_child=4 2 3 -2 6 -6 8 -8 -1
right_child=1 -3 -4 -5 5 -7 7 -9 -10
leaf_value=0.00096654744825351449 0.082719589494475179 -0.002187056287767854 -0.00424931870301641 0.035039846675996668 0.0062355674964241214 -0.02395553145736808 -0.029176219471399364 0.0013863303679686246 0.024914694397478489
leaf_weight=25.909570153802637 0.62530129915103316 3.9881811285158619 1.583867795765399 0.76713707717135549 3.0901827500201762 3.2304303226992479 2.3825077688088632 4.6956445043906569 2.2996950872475272
leaf_count=457 34 27 12 17 19 21 50 48 60
internal_value=0.000501741 0.00906776 0.024149 0.0564514 -0.000932067 -0.00919494 0.000547962 -0.00890103 0.00291886
internal_weight=48.5725 6.96449 2.97631 1.39244 41.608 6.32061 35.2874 7.07815 28.2093
internal_count=745 90 63 51 655 40 615 98 517
cat_boundaries=0 1 2 3 4 5
cat_threshold=1 2 1 2 1
is_linear=0
shrinkage=0.1


Tree=291
num_leaves=11
num_cat=3
split_feature=0 6 7 7 3 6 7 2 3 6
split_gain=0.0241109 0.127063 0.285764 0.15242 0.254476 0.0800017 0.112971 0.890112 0.331997 0.0275928
threshold=2.5000000000000004 1.5000000000000002 1.5000000000000002 2.5000000000000004 0 3.5000000000000004 1.5000000000000002 1 2 2.5000000000000004
decision_type=2 2 2 2 1 2 2 1 1 2
left_child=5 3 9 4 -2 6 7 -1 -8 -3
right_child=1 2 -4 -5 -6 -7 8 -9 -10 -11
leaf_value=-0.11475478545557741 -0.076589662651069354 0.0062037159114767581 -0.049864985465579569 0.035698067496126105 0.010522599460471439 0.025206888087227309 -0.0028198738089482149 0.0036865968802012477 0.042873217050071417 0.040246297639834616
leaf_weight=0.70076677715405822 0.42977745679672741 0.5825536418706182 1.430958548444323 1.2865666302386669 1.526146189891733 1.5522750616073597 5.8463569075101969 6.7107550008222523 2.1842090431600809 0.40267110423883423
leaf_count=27 59 25 33 28 34 13 126 356 14 30
internal_value=0.0016839 -0.00396988 -0.021329 0.00896547 -0.00861868 0.00356645 0.00139111 -0.00751215 0.00960805 0.0201173
internal_weight=22.653 5.65867 2.41618 3.24249 1.95592 16.9944 15.4421 7.41152 8.03057 0.985225
internal_count=745 209 88 121 93 536 523 383 140 55
cat_boundaries=0 1 2 3
cat_threshold=1 2 1
is_linear=0
shrinkage=0.1


Tree=292
num_leaves=9
num_cat=6
split_feature=6 1 1 3 0 4 5 5
split_gain=0.0262157 0.208595 0.190166 0.157272 0.0890354 0.0380723 0.369308 0.0245167
threshold=1.5000000000000002 0 1 2 1.5000000000000002 3 4 5
decision_type=2 1 1 1 2 9 1 1
left_child=2 5 -1 7 -5 6 -2 -4
right_child=1 -3 3 4 -6 -7 -8 -9
leaf_value=0.028260342902090081 0.018094190115690037 -0.048415761611589364 0.0094980892215580162 0.0028716375419066851 -0.010252752760204452 0.0052756915054358779 -0.035160005288886499 0.028134489170376278
leaf_weight=2.1776237753219903 2.7402475625276574 1.0429135751910497 1.3034115358022973 8.2104099709540694 13.953738008160142 4.5838841660879535 2.4814208544557905 1.539815413299948
leaf_count=26 12 20 48 171 231 42 166 29
internal_value=-0.00174108 -0.0058971 -8.25702e-05 -0.00255065 -0.005391 -0.00137484 -0.00721306 0.0195911
internal_weight=38.0335 10.8485 27.185 25.0074 22.1641 9.80555 5.22167 2.84323
internal_count=745 240 505 479 402 220 178 77
cat_boundaries=0 1 2 3 4 5 6
cat_threshold=1 2 2 4 1 2
is_linear=0
shrinkage=0.1


Tree=293
num_leaves=8
num_cat=4
split_feature=0 5 0 1 4 2 7
split_gain=0.351755 0.0497006 1.18207 0.906522 0.851239 0.282628 3.55687e-07
threshold=3.5000000000000004 0 2.5000000000000004 1 2 3 1.5000000000000002
decision_type=2 1 2 1 9 1 2
left_child=1 2 4 -3 -1 -5 -2
right_child=6 3 -4 5 -6 -7 -8
leaf_value=-0.083778201546967496 -0.076413567502069096 -0.083601319935393159 0.076192002219950108 -0.010928496431413802 0.018985537918048398 0.017582827514235896 -0.076570748555486012
leaf_weight=1.392435560002923 0.2840262568788593 1.2004987024702132 1.8125605613458899 5.6039939507609242 1.9141535238595688 9.1595268528908491 0.29195740178693086
leaf_count=43 51 18 39 382 138 52 22
internal_value=0.000608201 0.00271458 0.0112886 -3.4836e-05 -0.0242892 0.00676039 -0.0764932
internal_weight=21.6592 21.0832 5.11915 15.964 3.30659 14.7635 0.575984
internal_count=745 672 220 452 181 434 73
cat_boundaries=0 1 2 3 4
cat_threshold=1 2 2 1
is_linear=0
shrinkage=0.1


Tree=294
num_leaves=10
num_cat=5
split_feature=7 3 5 7 1 5 0 2 7
split_gain=0.0513596 0.109693 0.249266 0.0769159 0.0480747 0.105748 0.076708 0.353356 0.121906
threshold=2.5000000000000004 0 1 3.5000000000000004 2 3 2.5000000000000004 4 1.5000000000000002
decision_type=2 1 1 2 1 1 2 1 2
left_child=4 2 3 -2 6 -6 7 -1 -8
right_child=1 -3 -4 -5 5 -7 8 -9 -10
leaf_value=-0.040364034480281016 0.082069050778841565 -0.0023999637394453693 -0.0038994115909947976 0.033739606533447875 0.0042825780149406195 -0.02163469063975031 -0.0001523778940181227 0.0012225280301231154 0.022082943826662219
leaf_weight=2.2520849341526628 0.58468440733850002 3.9801950253313407 1.5684226118028155 0.75391302350908518 3.0756213385611773 3.2251953799277535 7.2184641096973774 22.02614435879514 3.7448456527199596
leaf_count=30 34 27 12 17 19 21 114 440 31
internal_value=0.000387575 0.00838553 0.0231527 0.0548494 -0.000938389 -0.00898368 0.000500024 -0.0026351 0.00744276
internal_weight=48.4296 6.88722 2.90702 1.3386 41.5424 6.30082 35.2415 24.2782 10.9633
internal_count=745 90 63 51 655 40 615 470 145
cat_boundaries=0 1 2 3 4 5
cat_threshold=1 2 1 2 2
is_linear=0
shrinkage=0.1


Tree=295
num_leaves=11
num_cat=2
split_feature=0 6 7 7 6 7 2 3 0 6
split_gain=0.0221162 0.114962 0.241648 0.135765 0.0748121 0.0977945 0.801565 0.280711 0.0660568 0.0239049
threshold=2.5000000000000004 1.5000000000000002 1.5000000000000002 2.5000000000000004 3.5000000000000004 1.5000000000000002 0 1 3.5000000000000004 2.5000000000000004
decision_type=2 2 2 2 2 2 1 1 2 2
left_child=4 3 9 8 5 6 -1 -7 -2 -3
right_child=1 2 -4 -5 -6 7 -8 -9 -10 -11
leaf_value=-0.11104163404082541 -0.02888985856721309 0.0047465901842303699 -0.046963553593141277 0.033927825827224131 0.024274558889270794 -0.0025494277236096344 0.0033416041346770835 0.039591028386948883 0.0084425588751946661 0.036570223997576645
leaf_weight=0.67398310598218814 0.85839973925612811 0.5799689905252311 1.4128586222359443 1.2653992723207919 1.5479606613516796 5.8279260270064697 6.7326091517461517 2.1690765400417149 1.058304604317527 0.3980372394726146
leaf_count=27 55 25 33 28 13 126 356 14 38 30
internal_value=0.00152172 -0.00394326 -0.0205129 0.00850632 0.00331838 0.00121242 -0.00706701 0.00888059 -0.00827684 0.0176984
internal_weight=22.5245 5.57297 2.39086 3.1821 16.9516 15.4036 7.40659 7.997 1.9167 0.978006
internal_count=745 209 88 121 536 523 383 140 93 55
cat_boundaries=0 1 2
cat_threshold=2 1
is_linear=0
shrinkage=0.1


Tree=296
num_leaves=9
num_cat=6
split_feature=6 1 1 3 0 4 5 5
split_gain=0.0245406 0.185621 0.156895 0.1417 0.0785791 0.0302691 0.327082 0.0197136
threshold=1.5000000000000002 0 1 2 1.5000000000000002 3 4 5
decision_type=2 1 1 1 2 9 1 1
left_child=2 5 -1 7 -5 6 -2 -4
right_child=1 -3 3 4 -6 -7 -8 -9
leaf_value=0.026029183640806749 0.01737673317953977 -0.045889371896724179 0.010087070280649077 0.0031132797803301573 -0.0092050353759633094 0.0047830929661980288 -0.03305226518491209 0.026861079230721552
leaf_weight=2.1732881129719317 2.7299916744232187 1.0238128427881736 1.2987314131605672 8.2082130163908094 14.029847159399649 4.5855999821796996 2.4318735462438772 1.521391146350652
leaf_count=26 12 20 48 171 231 42 166 29
internal_value=-0.00134318 -0.0053837 0.000255026 -0.00198036 -0.00465826 -0.00112924 -0.00638153 0.0191363
internal_weight=38.0027 10.7713 27.2315 25.0582 22.2381 9.74747 5.16187 2.82012
internal_count=745 240 505 479 402 220 178 77
cat_boundaries=0 1 2 3 4 5 6
cat_threshold=1 2 2 4 1 2
is_linear=0
shrinkage=0.1


Tree=297
num_leaves=9
num_cat=3
split_feature=7 6 7 0 4 4 1 0
split_gain=0.0661807 0.0715974 0.283108 0.614731 0.36154 0.225792 0.455138 0.353061
threshold=4.5000000000000009 1.5000000000000002 1.5000000000000002 1.5000000000000002 0 1 2 2.5000000000000004
decision_type=2 2 2 2 9 9 1 2
left_child=1 2 3 -1 -4 7 -7 -3
right_child=-2 5 4 -5 -6 6 -8 -9
leaf_value=0.0022354031147410591 0.02813383991051642 0.037052891211899211 -0.011601028217778248 -0.076252554803962327 0.037238948716846153 -0.081781894466605887 0.023006767151474039 -0.0048732146435765435
leaf_weight=2.7708613142604062 0.83324682060629029 3.3894227858399972 3.9677161001600325 1.5595183990371877 2.4525506463833153 0.81056482391431639 0.84825389087200165 4.9300325812946539
leaf_count=141 16 124 118 198 37 39 11 61
internal_value=0.000501287 -0.000609467 -0.00627148 -0.0260308 0.00705591 0.00549082 -0.0281971 0.0122079
internal_weight=21.5622 20.7289 10.7506 4.33038 6.42027 9.97827 1.65882 8.31946
internal_count=745 729 494 339 155 235 50 185
cat_boundaries=0 1 2 3
cat_threshold=4 4 1
is_linear=0
shrinkage=0.1


Tree=298
num_leaves=11
num_cat=2
split_feature=6 7 6 7 6 7 5 5 0 0
split_gain=0.0559137 0.235549 0.383685 0.0992121 0.161318 0.144467 0.14456 0.136763 0.0933782 0.0799828
threshold=2.5000000000000004 1.5000000000000002 3.5000000000000004 1.5000000000000002 1.5000000000000002 2.5000000000000004 0 1 2.5000000000000004 1.5000000000000002
decision_type=2 2 2 2 2 2 1 1 2 2
left_child=3 2 -2 4 7 8 -7 -1 -5 -6
right_child=1 -3 -4 5 9 6 -8 -9 -10 -11
leaf_value=0.028075273840283639 0.01501136119640121 0.024940636928723323 -0.05341515390255535 -0.018207043158738868 -0.014254895257379547 0.015179968632632657 -0.017893410633195536 0.0036732595652098502 0.0035217115017506491 0.0018793179226272814
leaf_weight=3.6948945805779658 2.1818867229158054 3.9569985740818083 1.3123302357271311 9.0056060310453194 4.8523876275867233 4.4522189787821844 1.8794657997786988 6.0698271915316582 2.5343545153737059 8.3768272548913938
leaf_count=176 40 37 21 90 54 71 10 163 22 61
internal_value=0.000266218 0.00823286 -0.0106877 -0.00118638 0.00315751 -0.0067753 0.00536263 0.0129068 -0.0134351 -0.0040386
internal_weight=48.3168 7.45122 3.49422 40.8656 22.9939 17.8716 6.33168 9.76472 11.54 13.2292
internal_count=745 98 61 647 454 193 81 339 112 115
cat_boundaries=0 1 2
cat_threshold=2 2
is_linear=0
shrinkage=0.1


Tree=299
num_leaves=8
num_cat=1
split_feature=0 7 0 2 7 6 7
split_gain=0.0222114 0.243194 0.0692106 0.195776 0.262493 0.0628834 0.0839756
threshold=3.5000000000000004 2.5000000000000004 2.5000000000000004 0 2.5000000000000004 3.5000000000000004 1.5000000000000002
decision_type=2 2 2 1 2 2 2
left_child=2 -2 5 4 -4 6 -1
right_child=1 -3 3 -5 -6 -7 -8
leaf_value=-0.0068370645877430239 -0.013482608547352238 0.056643492556245761 -0.080821407137114193 0.011760908969615595 -0.0014295801386869913 0.021897105816832879 0.0079473624110090405
leaf_weight=7.4096728441945832 1.4281873504223761 0.75647059828042973 0.75313067922252142 1.6208983693504706 0.93158428394235671 1.5603100135922421 7.9789100444177166
leaf_count=383 60 13 72 39 25 13 140
internal_value=0.00121988 0.0107996 0.000186602 -0.0130498 -0.0369207 0.00276815 0.000828593
internal_weight=22.4392 2.18466 20.2545 3.30561 1.68471 16.9489 15.3886
internal_count=745 73 672 136 97 536 523
cat_boundaries=0 1
cat_threshold=1
is_linear=0
shrinkage=0.1


Tree=300
num_leaves=9
num_cat=4
split_feature=2 0 3 0 1 1 0 7
split_gain=0.0224232 0.11164 0.0929774 0.0327214 0.215861 0.131907 0.11509 0.0782981
threshold=0 1.5000000000000002 1 1.5000000000000002 2 3 2.5000000000000004 1.5000000000000002
decision_type=1 2 1 2 1 1 2 2
left_child=3 -2 -3 4 7 -5 -7 -1
right_child=1 2 -4 5 -6 6 -8 -9
leaf_value=0.0022395197180909926 -0.023377967163395689 0.034531714794713841 -0.009199169571698881 0.022555240138748271 -0.040701678374826661 -0.010971593766332277 0.0042347035370149102 0.021183186656416865
leaf_weight=6.7102655679918808 2.2720458209514609 0.83329728897660971 1.1671586876036601 1.898363783955574 0.98396621365100045 12.629601587424991 8.2145539658959006 3.2330741288606077
leaf_count=185 13 22 55 17 11 233 150 59
internal_value=-0.00138565 -0.00821007 0.00901709 -0.000519667 0.0039777 -0.00268056 -0.00497889 0.00839905
internal_weight=37.9423 4.2725 2.00046 33.6698 10.9273 22.7425 20.8442 9.94334
internal_count=745 90 77 655 255 400 383 244
cat_boundaries=0 1 2 3 4
cat_threshold=1 1 1 2
is_linear=0
shrinkage=0.1


Tree=301
num_leaves=9
num_cat=3
split_feature=6 7 2 1 0 0 5 6
split_gain=0.0633022 0.0795267 0.295414 0.910746 0.410457 0.152854 1.27525 0.456013
threshold=4.5000000000000009 1.5000000000000002 0 1 1.5000000000000002 2.5000000000000004 2 1.5000000000000002
decision_type=2 2 1 1 2 2 1 2
left_child=1 2 3 -1 -4 6 -3 -7
right_child=-2 5 4 -5 -6 7 -8 -9
leaf_value=0.096544168175516656 0.026826411513041028 0.044944351187283627 0.035515659711464004 -0.047206438500381226 -0.016502966578488609 0.019023364343389065 -0.082525515737754698 -0.037491785816609884
leaf_weight=0.5066994596272707 0.88024830631911655 3.8102618516422808 2.7407189756631869 3.3854919143486808 3.3969479072839022 3.3007334797875956 0.98843550728633811 2.5160539420321584
leaf_count=14 18 119 10 429 49 50 27 29
internal_value=0.000563645 -0.000556112 -0.00694122 -0.0284925 0.00672547 0.00547674 0.0186881 -0.00542229
internal_weight=21.5256 20.6453 10.0299 3.89219 6.13767 10.6155 4.7987 5.81679
internal_count=745 727 502 443 59 225 146 79
cat_boundaries=0 1 2 3
cat_threshold=1 2 2
is_linear=0
shrinkage=0.1


Tree=302
num_leaves=9
num_cat=3
split_feature=7 6 0 1 5 3 6 0
split_gain=0.0536557 0.0977864 0.673041 0.0458326 0.0830057 0.0545622 0.135293 0.103282
threshold=2.5000000000000004 1.5000000000000002 2.5000000000000004 0 1 2 2.5000000000000004 2.5000000000000004
decision_type=2 2 2 1 1 1 2 2
left_child=3 2 -2 5 -5 6 -1 -7
right_child=1 -3 -4 4 -6 7 -8 -9
leaf_value=0.00027593253482179915 0.044821252016948594 0.020196547581068699 -0.045875352693334627 0.0028751939012658153 -0.020167596090727571 -0.024831952415694102 0.025564365330691965 0.0010265252535717178
leaf_weight=26.08703604480252 1.5259110121987753 3.5032803821377456 1.7641400723950935 3.0578668196685612 3.1984257008880368 2.3109024430741547 2.3022970209131008 4.6581191308796406
leaf_count=457 27 35 28 19 21 50 60 48
internal_value=0.000329631 0.00856971 -0.00381067 -0.00101551 -0.00890505 0.000380461 0.00232676 -0.00754805
internal_weight=48.408 6.79333 3.29005 41.6146 6.25629 35.3584 28.3893 6.96902
internal_count=745 90 55 655 40 615 517 98
cat_boundaries=0 1 2 3
cat_threshold=1 2 1
is_linear=0
shrinkage=0.1


Tree=303
num_leaves=10
num_cat=2
split_feature=0 7 0 7 6 1 4 6 0
split_gain=0.0238788 0.205675 0.0578762 0.195784 0.628398 0.389507 0.0534326 0.151529 0.0939645
threshold=3.5000000000000004 2.5000000000000004 2.5000000000000004 1.5000000000000002 1.5000000000000002 0 1 1.5000000000000002 1.5000000000000002
decision_type=2 2 2 2 2 1 9 2 2
left_child=2 -2 6 5 -5 -4 7 -1 -8
right_child=1 -3 3 4 -6 -7 8 -9 -10
leaf_value=-0.0038445961055722389 -0.011370613004396355 0.054113015433179271 -0.075472878535534915 0.01096664198118898 -0.096094208056847305 0.073423982965240331 0.0080166842290380243 0.023049287283372272 -0.01310195278764674
leaf_weight=4.7672184311959427 1.3927078768610948 0.73160056769847859 0.24971530833863564 1.5565365029033276 0.84634131583152328 0.59265383332967791 3.949728636769585 3.7375415880233049 4.5154489194974303
leaf_count=161 60 13 72 35 26 3 177 28 170
internal_value=0.00109605 0.0111816 3.62065e-05 -0.0121995 -0.0267423 0.0292844 0.00237609 0.00797432 -0.0032483
internal_weight=22.3395 2.12431 20.2152 3.24525 2.40288 0.842369 16.9699 8.50476 8.46518
internal_count=745 73 672 136 61 75 536 189 347
cat_boundaries=0 1 2
cat_threshold=1 2
is_linear=0
shrinkage=0.1


Tree=304
num_leaves=9
num_cat=6
split_feature=6 1 1 3 0 4 5 4
split_gain=0.0227327 0.155344 0.130396 0.108686 0.0726974 0.0278117 0.292924 0.0174321
threshold=1.5000000000000002 0 1 2 1.5000000000000002 3 4 5
decision_type=2 1 1 1 2 9 1 9
left_child=2 5 -1 7 -5 -2 -7 -4
right_child=1 -3 3 4 -6 6 -8 -9
leaf_value=0.023804994935769579 0.0043167570887288785 -0.042809645095361663 0.0083568942482110629 0.0033295665721412796 -0.0084922405410753129 0.016168675815739404 -0.031891323255131519 0.024324196065309583
leaf_weight=2.1591365495696664 4.5708393024397083 0.99675167782697727 1.2707354255398968 8.256635006982842 14.059234275366178 2.6971337944269171 2.3937387197511262 1.4801350857596844
leaf_count=26 42 20 41 171 231 12 166 36
internal_value=-0.00130799 -0.00522306 0.000224689 -0.00180641 -0.0041183 -0.00134544 -0.00642923 0.0169483
internal_weight=37.8843 10.6585 27.2259 25.0667 22.3159 9.66171 5.09087 2.75087
internal_count=745 240 505 479 402 220 178 77
cat_boundaries=0 1 2 3 4 5 6
cat_threshold=1 2 2 2 1 4
is_linear=0
shrinkage=0.1


Tree=305
num_leaves=9
num_cat=4
split_feature=7 6 7 2 4 4 1 0
split_gain=0.0629129 0.0872276 0.243295 0.544618 0.328731 0.223978 0.395055 0.254331
threshold=4.5000000000000009 1.5000000000000002 1.5000000000000002 0 1 2 3 2.5000000000000004
decision_type=2 2 2 1 9 9 1 2
left_child=1 2 3 -1 -4 7 -7 -3
right_child=-2 5 4 -5 -6 6 -8 -9
leaf_value=-0.07531893261922834 0.028063627780148516 0.033831341357739304 -0.01263605849397432 0.00054751392100054852 0.033445523681238855 -0.081878809322315865 0.017534508370953494 -0.0017999644321261225
leaf_weight=1.4475761208159419 0.79332853853702445 3.3877788298996165 4.0062279222765937 2.7320430441759544 2.5229542176239192 0.73748371028341064 0.87281486392021179 4.9017572010925505
leaf_count=300 16 124 118 39 37 39 11 61
internal_value=0.000429793 -0.00063397 -0.00688924 -0.0257282 0.00517042 0.00613245 -0.0279948 0.0127619
internal_weight=21.402 20.6086 10.7088 4.17962 6.52918 9.89983 1.6103 8.28954
internal_count=745 729 494 339 155 235 50 185
cat_boundaries=0 1 2 3 4
cat_threshold=1 4 4 1
is_linear=0
shrinkage=0.1


Tree=306
num_leaves=10
num_cat=5
split_feature=7 3 5 7 1 5 3 0 0
split_gain=0.0480512 0.11202 0.229581 0.0701728 0.0338454 0.071318 0.0517327 0.134577 0.0820081
threshold=2.5000000000000004 0 1 3.5000000000000004 2 3 4 1.5000000000000002 2.5000000000000004
decision_type=2 1 1 2 1 1 1 2 2
left_child=4 2 3 -2 6 -6 7 -1 -8
right_child=1 -3 -4 -5 5 -7 8 -9 -10
leaf_value=0.011811914873081555 0.081222214144010915 -0.0027727265199716106 -0.0030221561311837351 0.034145597202405203 0.0031853427126261932 -0.018236986446020273 -0.023089461514328787 -0.0027603728640303023 8.4353836835417758e-05
leaf_weight=9.5491062449291366 0.55522165587171912 3.9088063274975866 1.5127844214439383 0.73684771824628115 3.0440282938070595 3.1749344589188686 2.2686196501599616 18.843193195061758 4.6718417149968445
leaf_count=219 34 27 12 17 19 21 50 298 48
internal_value=0.000319762 0.00816939 0.0234182 0.0543751 -0.000948531 -0.00775129 0.000248831 0.00214069 -0.00749044
internal_weight=48.2654 6.71366 2.80485 1.29207 41.5517 6.21896 35.3328 28.3923 6.94046
internal_count=745 90 63 51 655 40 615 517 98
cat_boundaries=0 1 2 3 4 5
cat_threshold=1 2 1 2 1
is_linear=0
shrinkage=0.1


Tree=307
num_leaves=7
num_cat=2
split_feature=7 0 7 7 3 2
split_gain=0.021739 0.0294208 0.205571 0.0716756 0.211061 0.070191
threshold=3.5000000000000004 3.5000000000000004 2.5000000000000004 2.5000000000000004 0 1
decision_type=2 2 2 2 1 1
left_child=1 3 -3 5 -5 -1
right_child=-2 2 -4 4 -6 -7
leaf_value=0.018887214281201006 0.015368053822226085 -0.010444500680925395 0.056677845337248081 0.014328043744070094 -0.041802501443929607 -0.00079157751479651955
leaf_weight=2.0740978560643271 1.0218102467479173 1.377353545976802 0.68230129778385151 1.2438661695923647 1.4517681924626231 14.372285985038628
leaf_count=63 34 60 11 34 11 532
internal_value=0.00112136 0.000434748 0.0117911 -0.00078718 -0.0159018 0.00169017
internal_weight=22.2235 21.2017 2.05965 19.142 2.69563 16.4464
internal_count=745 711 71 640 45 595
cat_boundaries=0 1 2
cat_threshold=1 2
is_linear=0
shrinkage=0.1


Tree=308
num_leaves=9
num_cat=5
split_feature=6 1 1 3 0 4 5 0
split_gain=0.0189633 0.13768 0.111043 0.0912748 0.0688122 0.0229476 0.257614 0.0165695
threshold=1.5000000000000002 0 1 2 1.5000000000000002 3 4 2.5000000000000004
decision_type=2 1 1 1 2 9 1 2
left_child=2 5 -1 7 -5 -2 -7 -4
right_child=1 -3 3 4 -6 6 -8 -9
leaf_value=0.021919129268880747 0.0038978910582284547 -0.040559801121191896 0.024995349916159287 0.0033932834569024954 -0.0081270802198957683 0.015304370715991202 -0.030051277161205904 0.0090960823065320603
leaf_weight=2.1495090345852077 4.5666059650829993 0.98130668653175135 1.0995904847513884 8.2132561663165777 14.061431388952768 2.6794860661029807 2.3511356589588095 1.6228993549593724
leaf_count=26 42 20 44 171 231 12 166 33
internal_value=-0.00129077 -0.00488236 0.0001088 -0.00176667 -0.00387922 -0.00123438 -0.00589326 0.0155177
internal_weight=37.7252 10.5785 27.1467 24.9972 22.2747 9.59723 5.03062 2.72249
internal_count=745 240 505 479 402 220 178 77
cat_boundaries=0 1 2 3 4 5
cat_threshold=1 2 2 2 1
is_linear=0
shrinkage=0.1


Tree=309
num_leaves=8
num_cat=2
split_feature=7 6 1 2 7 0 0
split_gain=0.060151 0.0694145 0.217188 0.219297 0.216051 0.539808 0.290854
threshold=4.5000000000000009 1.5000000000000002 0 1 1.5000000000000002 1.5000000000000002 1.5000000000000002
decision_type=2 2 1 1 2 2 2
left_child=1 4 3 -3 5 -1 -6
right_child=-2 2 -4 -5 6 -7 -8
leaf_value=0.0012309613773987364 0.027425505776195271 -0.010782718676181665 -0.028494379368757823 0.023520296300283447 -0.029014482640484097 -0.076145674559462168 0.018041432884172301
leaf_weight=2.7270731723401749 0.79223482729867001 2.8241793835768467 1.5894671380519856 5.4797104597091666 1.8183587728999553 1.3469264830637255 4.7314758501015604
leaf_count=141 16 187 20 28 60 198 95
internal_value=0.000387941 -0.000656066 0.0053714 0.0118537 -0.0062691 -0.0243509 0.00497781
internal_weight=21.3094 20.5172 9.89336 8.30389 10.6238 4.074 6.54983
internal_count=745 729 235 215 494 339 155
cat_boundaries=0 1 2
cat_threshold=1 1
is_linear=0
shrinkage=0.1


Tree=310
num_leaves=11
num_cat=2
split_feature=6 7 0 7 7 6 4 5 0 0
split_gain=0.0493561 0.198626 0.380307 0.0674973 0.115554 0.114734 0.120759 0.102884 0.0919203 0.0717039
threshold=2.5000000000000004 1.5000000000000002 2.5000000000000004 1.5000000000000002 2.5000000000000004 1.5000000000000002 0 1 1.5000000000000002 1.5000000000000002
decision_type=2 2 2 2 2 2 9 1 2 2
left_child=3 2 -2 5 8 6 -1 -6 -5 -7
right_child=1 -3 -4 4 7 9 -8 -9 -10 -11
leaf_value=-0.006963297425415029 0.021996623240302798 0.023419696445694613 -0.044358617613298151 -0.0015992898190154551 0.013654263664989855 -0.013277572156585213 0.017531529594995647 -0.014664926989258149 -0.019594565911747609 0.0020331351141941044
leaf_weight=2.8016684091417119 1.8180368375033134 3.8785900895018131 1.6455210755812002 5.1037361025810259 4.3704353537177667 4.8387150447815666 7.1466374448500574 1.8159261196851719 6.3955157864838839 8.3154533803462964
leaf_count=172 31 37 30 53 71 54 167 10 59 61
internal_value=0.000329121 0.00787685 -0.00952846 -0.00102953 -0.00567891 0.00252972 0.0106332 0.00534153 -0.0116077 -0.00359886
internal_weight=48.1302 7.34215 3.46356 40.7881 17.6856 23.1025 9.94831 6.18636 11.4993 13.1542
internal_count=745 98 61 647 193 454 339 81 112 115
cat_boundaries=0 1 2
cat_threshold=2 2
is_linear=0
shrinkage=0.1


Tree=311
num_leaves=8
num_cat=1
split_feature=0 7 0 2 7 6 7
split_gain=0.0206339 0.152676 0.0505407 0.167543 0.253625 0.0605891 0.0886698
threshold=3.5000000000000004 2.5000000000000004 2.5000000000000004 0 2.5000000000000004 3.5000000000000004 1.5000000000000002
decision_type=2 2 2 1 2 2 2
left_child=2 -2 5 4 -4 6 -1
right_child=1 -3 3 -5 -6 -7 -8
leaf_value=-0.0074366342964655762 -0.0088119540306891651 0.049075208585673324 -0.08023202777924876 0.011492443772009977 0.0010360613804786948 0.021328841649138071 0.0077281853015335016
leaf_weight=7.4457017751119654 1.3520496471028303 0.68720119073986996 0.68659080108045512 1.5723365312442183 0.87140302965417504 1.5219638310372818 7.9966809980105609
leaf_count=383 60 13 72 39 25 13 140
internal_value=0.00111084 0.0106953 0.000138188 -0.0115367 -0.0347779 0.00229249 0.000416313
internal_weight=22.1339 2.03925 20.0947 3.13033 1.55799 16.9643 15.4424
internal_count=745 73 672 136 97 536 523
cat_boundaries=0 1
cat_threshold=1
is_linear=0
shrinkage=0.1


Tree=312
num_leaves=13
num_cat=8
split_feature=7 4 5 5 3 4 5 0 3 5 0 0
split_gain=0.0227379 0.206771 2.89236 0.847631 0.167197 0.163757 0.506876 0.425593 0.350642 0.295185 0.106547 0.0139565
threshold=1.5000000000000002 0 1 2 3 4 5 2.5000000000000004 6 7 1.5000000000000002 2.5000000000000004
decision_type=2 9 1 1 1 9 1 2 1 1 2 2
left_child=5 2 4 -3 -2 9 8 -8 -7 10 -1 -5
right_child=1 3 -4 11 -6 6 7 -9 -10 -11 -12 -13
leaf_value=0.036552480211020623 -0.076044106804499509 0.029952026220541963 0.14457052876505358 -0.035360501023798362 -0.022008879009595427 -0.067912582710345434 -0.0067162831323055233 0.040639719086135846 -0.004042727014079422 -0.010275478239015881 0.011670634110510924 -0.04631788930781279
leaf_weight=2.8966720122843981 1.1810908450861459 2.7246352136135101 1.1485826224088671 2.7819039237219823 1.1115381883864759 1.9766539109987207 8.8474471392109972 2.416006169281899 1.5209356775740162 4.8132228069007397 4.240158281289041 1.9967754869721828
leaf_count=70 132 12 4 25 32 115 135 39 26 27 103 25
internal_value=-0.00141259 -0.00525149 0.0150448 -0.0145599 -0.0498461 0.000160352 -0.00688465 0.00344156 -0.0401386 0.00886253 0.0217696 -0.0399391
internal_weight=37.6556 10.9445 3.44121 7.50331 2.29263 26.7111 14.761 11.2635 3.49759 11.9501 7.13683 4.77868
internal_count=745 230 168 62 164 515 315 174 141 200 173 50
cat_boundaries=0 1 2 3 4 5 6 7 8
cat_threshold=4 2 2 1 2 2 1 2
is_linear=0
shrinkage=0.1


Tree=313
num_leaves=6
num_cat=2
split_feature=6 7 5 1 0
split_gain=0.064229 0.061396 0.0996833 0.704208 0.596674
threshold=4.5000000000000009 4.5000000000000009 0 1 2.5000000000000004
decision_type=2 2 1 1 2
left_child=1 2 4 -4 -1
right_child=-2 -3 3 -5 -6
leaf_value=-0.01866701522881321 0.027269217155238445 0.02657316160835374 -0.08268081797950548 0.00022996681101846873 0.050802748711714779
leaf_weight=2.9835439613088983 0.84942410979419847 0.78769624931737681 1.1098435213789344 13.309838208515433 2.111252186470665
leaf_count=179 18 16 22 440 70
internal_value=0.000328879 -0.00079828 -0.00190312 -0.00615145 0.0101208
internal_weight=21.1516 20.3022 19.5145 14.4197 5.0948
internal_count=745 727 711 462 249
cat_boundaries=0 1 2
cat_threshold=1 2
is_linear=0
shrinkage=0.1


Tree=314
num_leaves=11
num_cat=3
split_feature=7 3 5 7 6 7 6 7 5 0
split_gain=0.0504522 0.105637 0.204003 0.06765 0.0345741 0.132721 0.344289 0.125692 0.120041 0.0843971
threshold=2.5000000000000004 0 1 3.5000000000000004 2.5000000000000004 1.5000000000000002 3.5000000000000004 1.5000000000000002 2 2.5000000000000004
decision_type=2 1 1 2 2 2 2 2 1 2
left_child=4 2 3 -2 7 6 -6 8 -1 -9
right_child=1 -3 -4 -5 5 -7 -8 9 -10 -11
leaf_value=-0.0037264920468017028 0.080703458268036113 -0.002112160376254597 -0.0012373190668053475 0.033576735947912786 0.016450331406705404 0.019707448752487207 -0.048905913659232608 -0.015195631557454889 0.010966633449901189 0.0056015038353349218
leaf_weight=13.963867004495116 0.52557254116982222 3.8565802761586383 1.5086082238703957 0.72448950121179223 2.1382806729525323 3.3917131286580116 1.2936758976429699 8.9737286195158941 9.2394794992869702 2.4934750497341147
leaf_count=199 34 27 12 17 40 28 21 90 255 22
internal_value=0.000465058 0.00857551 0.0235167 0.0533906 -0.000827958 0.00567862 -0.0081857 -0.00210855 0.00212425 -0.0106734
internal_weight=48.1095 6.61525 2.75867 1.25006 41.4942 6.82367 3.43196 34.6706 23.2033 11.4672
internal_count=745 90 63 51 655 89 61 566 454 112
cat_boundaries=0 1 2 3
cat_threshold=1 2 1
is_linear=0
shrinkage=0.1


Tree=315
num_leaves=7
num_cat=2
split_feature=7 0 7 7 3 2
split_gain=0.021063 0.0288728 0.162785 0.0652156 0.180045 0.0584537
threshold=3.5000000000000004 3.5000000000000004 2.5000000000000004 2.5000000000000004 0 1
decision_type=2 2 2 2 1 1
left_child=1 3 -3 5 -5 -1
right_child=-2 2 -4 4 -6 -7
leaf_value=0.017340344408532826 0.015220013292367768 -0.0078557950126734982 0.053679893068066989 0.01267844732589766 -0.039281946589677097 -0.00068178554951992931
leaf_weight=2.0581952789507341 1.0057427485007782 1.3369936968374521 0.63362722471356381 1.2411867994815102 1.4411654556170106 14.329579027573358
leaf_count=63 34 60 11 34 11 532
internal_value=0.00108235 0.00040657 0.0119302 -0.000784229 -0.0152387 0.00158167
internal_weight=22.0465 21.0407 1.97062 19.0701 2.68235 16.3878
internal_count=745 711 71 640 45 595
cat_boundaries=0 1 2
cat_threshold=1 2
is_linear=0
shrinkage=0.1


Tree=316
num_leaves=13
num_cat=8
split_feature=7 4 5 5 3 4 5 0 3 5 0 0
split_gain=0.0212788 0.172623 2.39972 0.734684 0.169062 0.146237 0.429444 0.388037 0.319154 0.261389 0.0926261 0.00714867
threshold=1.5000000000000002 0 1 2 3 4 5 2.5000000000000004 6 7 1.5000000000000002 2.5000000000000004
decision_type=2 9 1 1 1 9 1 2 1 1 2 2
left_child=5 3 4 -2 -3 9 8 -8 -7 10 -1 -5
right_child=1 2 -4 11 -6 6 7 -9 -10 -11 -12 -13
leaf_value=0.034594651334748379 0.028183428304152082 -0.075976527955657208 0.12759776293095945 -0.033898999326632116 -0.020564645741952797 -0.064868696660765987 -0.0066174990883218574 0.039144654516768768 -0.0033395077955808623 -0.0095581163062010369 0.011256654297427846 -0.04174803087443954
leaf_weight=2.8502528932876885 2.6890556067228317 1.1035711829899808 1.1965882629156097 2.7477726307697594 1.0988557203745588 1.8987943867396098 8.8548354730010015 2.3432862590998402 1.5161619228310883 4.8063665777444839 4.2162726689130068 2.0085572199895978
leaf_count=70 12 132 4 25 32 115 135 39 26 27 103 25
internal_value=-0.00133818 -0.00506938 0.0136036 -0.0135941 -0.0483299 0.000189517 -0.00650823 0.00295856 -0.0375512 0.00843306 0.0206699 -0.0372136
internal_weight=37.3304 10.8444 3.39902 7.44539 2.20243 26.486 14.6131 11.1981 3.41496 11.8729 7.06653 4.75633
internal_count=745 230 168 62 164 515 315 174 141 200 173 50
cat_boundaries=0 1 2 3 4 5 6 7 8
cat_threshold=2 2 2 1 2 2 1 2
is_linear=0
shrinkage=0.1


Tree=317
num_leaves=7
num_cat=2
split_feature=7 7 5 0 1 0
split_gain=0.051986 0.0620454 0.106482 0.749107 0.466529 0.0207017
threshold=4.5000000000000009 2.5000000000000004 0 2.5000000000000004 1 2.5000000000000004
decision_type=2 2 1 2 1 2
left_child=1 2 3 -1 -4 -3
right_child=-2 5 4 -5 -6 -7
leaf_value=-0.017248092880504627 0.02595985139204382 -0.025569346268385768 -0.081218141031870514 0.063201016678895175 0.001943874249606346 -0.007793481385451358
leaf_weight=2.9199307848466578 0.78604919416829844 0.96777981542982106 0.71579243009909987 1.9175595437991431 11.714106258325049 2.0281420990359038
leaf_count=175 16 39 19 61 400 35
internal_value=0.00072771 -0.000251089 0.00205381 0.0146416 -0.00284512 -0.0135357
internal_weight=21.0494 20.2633 17.2674 4.83749 12.4299 2.99592
internal_count=745 729 655 236 419 74
cat_boundaries=0 1 2
cat_threshold=1 2
is_linear=0
shrinkage=0.1


Tree=318
num_leaves=10
num_cat=6
split_feature=7 3 5 7 1 5 0 2 4
split_gain=0.0470899 0.10193 0.183861 0.0677105 0.0318204 0.0687402 0.0620098 0.243998 0.119359
threshold=2.5000000000000004 0 1 3.5000000000000004 2 3 2.5000000000000004 4 5
decision_type=2 1 1 2 1 1 2 1 9
left_child=4 2 3 -2 6 -6 7 -1 -8
right_child=1 -3 -4 -5 5 -7 8 -9 -10
leaf_value=-0.033961213221276841 0.080391930299472142 -0.002240336580584337 -0.00016938769220334958 0.032328951825632599 0.0033081739589077689 -0.01781201869397938 -0.0080987044124998363 0.00069784847495186846 0.014091292514720908
leaf_weight=2.237467551836744 0.49825524818152189 3.8329262769548222 1.5137290749698868 0.71191938128322363 3.017687323037535 3.1492980113252989 3.6595578854903579 22.03322656953242 7.1800444393884373
leaf_count=30 34 27 12 17 19 21 51 440 94
internal_value=0.000398099 0.00827044 0.0230606 0.0521175 -0.00085241 -0.00747729 0.000311224 -0.0024973 0.00659973
internal_weight=47.8341 6.55683 2.7239 1.21017 41.2773 6.16699 35.1103 24.2707 10.8396
internal_count=745 90 63 51 655 40 615 470 145
cat_boundaries=0 1 2 3 4 5 6
cat_threshold=1 2 1 2 2 2
is_linear=0
shrinkage=0.1


Tree=319
num_leaves=7
num_cat=2
split_feature=7 0 7 7 3 2
split_gain=0.0206607 0.0231792 0.158205 0.05555 0.166032 0.0454929
threshold=3.5000000000000004 3.5000000000000004 2.5000000000000004 2.5000000000000004 0 1
decision_type=2 2 2 2 1 1
left_child=1 3 -3 5 -5 -1
right_child=-2 2 -4 4 -6 -7
leaf_value=0.015124636632479009 0.014765593512734827 -0.0086847492856588597 0.052840439613481872 0.012386021128098451 -0.037720733731896459 -0.00083661272058308922
leaf_weight=2.0402168626897037 0.99826363031752308 1.3461205431667611 0.60612817481160153 1.2355928682954973 1.4227955378592014 14.314591689995735
leaf_count=63 34 60 11 34 11 532
internal_value=0.000710002 4.07488e-05 0.0104174 -0.00102471 -0.0144316 0.00115451
internal_weight=21.9637 20.9654 1.95225 19.0132 2.65839 16.3548
internal_count=745 711 71 640 45 595
cat_boundaries=0 1 2
cat_threshold=1 2
is_linear=0
shrinkage=0.1


Tree=320
num_leaves=8
num_cat=4
split_feature=0 3 3 1 1 0 0
split_gain=0.0249513 0.109999 0.0883012 0.859831 0.230247 0.145473 0.0939996
threshold=3.5000000000000004 0 1 2 3 1.5000000000000002 2.5000000000000004
decision_type=2 1 1 1 1 2 2
left_child=2 -2 4 -4 -1 -5 -6
right_child=1 -3 3 5 6 -7 -8
leaf_value=0.034014902739972416 0.016806651024800376 -0.017625755350601888 -0.11072863108747472 0.025431806381082434 -0.005209800077324498 -0.020329605918269142 0.010456249224913011
leaf_weight=1.839148267172277 2.9582591345533729 1.3517546963412304 0.7694644492585212 1.8225328053813425 22.530354781076319 1.1225496011829816 4.6145251424604785
leaf_count=21 38 35 15 30 450 63 93
internal_value=-0.00114431 0.00600758 -0.002087 -0.0166029 -0.000226662 0.00798936 -0.00254663
internal_weight=37.0086 4.31001 32.6986 3.71455 28.984 2.94508 27.1449
internal_count=745 73 672 108 564 93 543
cat_boundaries=0 1 2 3 4
cat_threshold=2 1 2 2
is_linear=0
shrinkage=0.1


Tree=321
num_leaves=8
num_cat=4
split_feature=0 5 1 0 4 2 7
split_gain=0.348071 0.0468283 0.706396 0.67337 0.899358 0.23983 5.28663e-08
threshold=3.5000000000000004 0 1 2.5000000000000004 2 3 1.5000000000000002
decision_type=2 1 1 2 9 1 2
left_child=1 3 -3 4 -1 -4 -2
right_child=6 2 5 -5 -6 -7 -8
leaf_value=-0.083399864263096257 -0.076835669325571607 -0.081830254176176481 -0.010844151130327493 0.056956350981871545 0.027991147294197577 0.015758986565252903 -0.076897217316162003
leaf_weight=1.2428918434306979 0.26418242260115121 0.98009699885733426 5.3888997922767894 1.9653201131150124 1.7389141701860362 9.1300157969817519 0.29583358380477875
leaf_count=43 51 18 382 39 138 52 22
internal_value=0.000911514 0.00304189 0.000338097 0.0115127 -0.0184394 0.00588486 -0.0768682
internal_weight=21.0062 20.4461 15.499 4.94713 2.98181 14.5189 0.560016
internal_count=745 672 452 220 181 434 73
cat_boundaries=0 1 2 3 4
cat_threshold=1 2 2 1
is_linear=0
shrinkage=0.1


Tree=322
num_leaves=11
num_cat=1
split_feature=6 7 0 7 6 5 7 0 6 0
split_gain=0.0495917 0.160671 0.345774 0.0368168 0.098219 0.105203 0.0809389 0.0837396 0.0697961 0.0688236
threshold=2.5000000000000004 1.5000000000000002 2.5000000000000004 1.5000000000000002 1.5000000000000002 0 2.5000000000000004 1.5000000000000002 1.5000000000000002 1.5000000000000002
decision_type=2 2 2 2 2 1 2 2 2 2
left_child=3 2 -2 4 5 -1 7 -5 -8 -6
right_child=1 -3 -4 6 9 -7 8 -9 -10 -11
leaf_value=0.022519942379586516 0.022281311733442888 0.021933218280168951 -0.041364622408886255 0.00014989594324557457 -0.013668420755427619 0.0011755198361701996 -0.0056298898705635526 -0.017163530632867508 0.015886261360760896 0.0014052232176489949
leaf_weight=3.6623561638698447 1.8030078550800674 3.8454601941630244 1.6210375141818074 4.9994052946567553 4.796771878376604 6.2498648196924478 3.1067245199810705 6.3316438067704439 2.9291189955547452 8.2191525623202306
leaf_count=176 31 37 30 53 54 163 55 59 26 61
internal_value=0.00030253 0.00790468 -0.00785043 -0.00106895 0.00156176 0.00906183 -0.00454208 -0.00952462 0.00481163 -0.00414988
internal_weight=47.5645 7.26951 3.42405 40.295 22.9281 9.91222 17.3669 11.331 6.03584 13.0159
internal_count=745 98 61 647 454 339 193 112 81 115
cat_boundaries=0 1
cat_threshold=2
is_linear=0
shrinkage=0.1


Tree=323
num_leaves=14
num_cat=7
split_feature=6 0 1 3 6 4 3 0 1 1 1 0 7
split_gain=0.0196314 0.299949 0.352107 0.336346 0.255658 0.543143 0.205126 0.213129 0.90105 0.394362 0.167983 0.178866 0.105172
threshold=1.5000000000000002 1.5000000000000002 0 1 2.5000000000000004 2 3 1.5000000000000002 4 5 6 3.5000000000000004 1.5000000000000002
decision_type=2 2 1 1 2 9 1 2 1 1 1 2 2
left_child=6 2 3 -2 5 -3 7 9 -9 -1 11 -8 -6
right_child=1 4 -4 -5 12 -7 10 8 -10 -11 -12 -13 -14
leaf_value=-0.075966956471922018 -0.076099035975848828 -0.0002529970160989242 0.06862576149050649 0.030052153295046253 0.027891939690785586 -0.073229639432320762 -0.012045162158135126 0.021849848802908547 -0.09944171381364636 0.0030562584940151834 0.054072009572774075 0.041327135544233257 -0.0072934033544421132
leaf_weight=1.0713482336141187 0.46264667634386392 2.6106811016798019 1.1315435171127319 0.84127812087535858 1.4842250119836538 1.6737185395322738 1.6392808206146583 4.5606179255992174 0.70748703181743611 1.5382638648152351 1.1554377414286139 1.0177412058692425 1.9865682327072134
leaf_count=171 56 24 4 5 54 62 63 231 6 7 13 14 35
internal_value=0.000402735 -0.00280541 0.0278091 -0.00761144 -0.0124197 -0.0287616 0.00319936 -0.00601578 0.00556084 -0.0293859 0.0222407 0.00839847 0.007753
internal_weight=21.8808 10.1907 2.43547 1.30392 7.75519 4.2844 11.6902 7.87772 5.2681 2.60961 3.81246 2.65702 3.47079
internal_count=745 240 65 61 175 86 505 415 237 178 90 77 89
cat_boundaries=0 1 2 3 4 5 6 7
cat_threshold=1 1 2 1 1 1 1
is_linear=0
shrinkage=0.1


Tree=324
num_leaves=13
num_cat=8
split_feature=7 4 5 5 3 4 5 0 3 5 0 0
split_gain=0.027439 0.15467 2.04103 0.640494 0.164135 0.125841 0.381994 0.365033 0.275098 0.240994 0.0781214 0.000343215
threshold=1.5000000000000002 0 1 2 3 4 5 2.5000000000000004 6 7 1.5000000000000002 2.5000000000000004
decision_type=2 9 1 1 1 9 1 2 1 1 2 2
left_child=5 2 4 -3 -2 9 8 -8 -7 10 -1 -5
right_child=1 3 -4 11 -6 6 7 -9 -10 -11 -12 -13
leaf_value=0.033201250016538918 -0.075910185457299412 0.026165667611034234 0.11503928741201928 -0.03462714858450297 -0.019968615139482459 -0.061265134755855391 -0.0057823285027001079 0.038717502118590208 -0.003449513564929597 -0.0088756285656495428 0.011687799167267907 -0.036353131229320192
leaf_weight=2.8025082733947784 1.0224700444086918 2.6393349319696426 1.2292314469814303 2.7087290924391692 1.0768763538435453 1.8238089047808899 8.9214246324263495 2.3234706651419392 1.4997606629040092 4.7632063180208206 4.244032334536314 2.0048214030684903
leaf_count=70 132 12 4 25 32 115 135 39 26 27 103 25
internal_value=-0.00090368 -0.00517971 0.0127052 -0.013276 -0.0472145 0.000827833 -0.00539089 0.00341243 -0.0351758 0.00849923 0.020244 -0.0353613
internal_weight=37.0597 10.6815 3.32858 7.35289 2.09935 26.3782 14.5685 11.2449 3.32357 11.8097 7.04654 4.71355
internal_count=745 230 168 62 164 515 315 174 141 200 173 50
cat_boundaries=0 1 2 3 4 5 6 7 8
cat_threshold=4 2 2 1 2 2 1 2
is_linear=0
shrinkage=0.1


Tree=325
num_leaves=9
num_cat=4
split_feature=6 7 2 5 0 0 5 5
split_gain=0.0592681 0.0587355 0.239564 0.764666 0.359935 0.188333 1.10215 0.526242
threshold=4.5000000000000009 1.5000000000000002 0 1 1.5000000000000002 2.5000000000000004 2 3
decision_type=2 2 1 1 2 2 1 1
left_child=1 2 3 -1 -4 6 -3 -7
right_child=-2 5 4 -5 -6 7 -8 -9
leaf_value=-0.077225740800066112 0.026870194732019188 0.043521110510827382 0.032463538733430962 0.015446103854108465 -0.01652121734060797 -0.024462867417864867 -0.081685569976281514 0.044945990982118975
leaf_weight=1.6279885191470385 0.82577540725469489 3.7246132200816646 2.7840857356786746 1.965179439168427 3.2523909276351333 4.3867409392842092 0.86663143569603374 1.4545240495353935
leaf_count=260 18 119 10 183 49 55 27 24
internal_value=0.000614666 -0.000466034 -0.00609788 -0.0265416 0.00607106 0.0047324 0.0198874 -0.00717948
internal_weight=20.8879 20.0622 9.62964 3.59317 6.03648 10.4325 4.59124 5.84126
internal_count=745 727 502 443 59 225 146 79
cat_boundaries=0 1 2 3 4
cat_threshold=1 2 2 2
is_linear=0
shrinkage=0.1


Tree=326
num_leaves=9
num_cat=3
split_feature=6 7 0 0 3 3 0 1
split_gain=0.0501762 0.132158 0.303438 0.0317879 0.305049 0.0615674 0.163709 0.141169
threshold=2.5000000000000004 1.5000000000000002 2.5000000000000004 3.5000000000000004 0 1 1.5000000000000002 2
decision_type=2 2 2 2 1 1 2 1
left_child=3 2 -2 5 -5 6 -1 -7
right_child=1 -3 -4 4 -6 7 -8 -9
leaf_value=0.006784602393379348 0.021834683768090259 0.020705644613399049 -0.037991595512273692 -0.035286078739503179 0.024651816025787393 -0.0016487845598585082 -0.0083723231273864669 0.02830876746691946
leaf_weight=11.958616296295078 1.7971901027485722 3.8245940653141588 1.6048333967337383 2.0303371245972812 1.4594993963837617 4.8442735895514479 17.634208570234478 2.3293755576014519
leaf_count=231 31 37 30 32 26 74 273 11
internal_value=0.000279006 0.00795138 -0.00638711 -0.0010983 -0.0102192 -0.000232556 -0.00224733 0.00807882
internal_weight=47.4829 7.22662 3.40202 40.2563 3.48984 36.7665 29.5928 7.17365
internal_count=745 98 61 647 58 589 504 85
cat_boundaries=0 1 2 3
cat_threshold=2 1 1
is_linear=0
shrinkage=0.1


Tree=327
num_leaves=7
num_cat=2
split_feature=7 0 7 7 3 2
split_gain=0.0203897 0.0127111 0.157241 0.0449768 0.159559 0.0285775
threshold=3.5000000000000004 3.5000000000000004 2.5000000000000004 2.5000000000000004 0 1
decision_type=2 2 2 2 1 1
left_child=1 3 -3 5 -5 -1
right_child=-2 2 -4 4 -6 -7
leaf_value=0.01208354940235665 0.014405857846190924 -0.011008886649427558 0.051112140614466429 0.013015420004758027 -0.036677158924984667 -0.00073382680946880614
leaf_weight=1.9813737442600541 0.98400061647407611 1.379226983845 0.57831370085477818 1.2178807897143988 1.376432235352695 14.250096671079529
leaf_count=63 34 60 11 34 11 532
internal_value=0.000340097 -0.000325856 0.00734345 -0.00112332 -0.0133494 0.000830789
internal_weight=21.7673 20.7833 1.95754 18.8258 2.59431 16.2315
internal_count=745 711 71 640 45 595
cat_boundaries=0 1 2
cat_threshold=1 2
is_linear=0
shrinkage=0.1


Tree=328
num_leaves=10
num_cat=5
split_feature=0 3 5 4 4 0 3 7 0
split_gain=0.0256698 0.0886362 0.0840816 1.28173 0.837886 0.663871 0.38008 0.151949 0.0599241
threshold=3.5000000000000004 0 1 2 3 2.5000000000000004 4 1.5000000000000002 1.5000000000000002
decision_type=2 1 1 9 9 2 1 2 2
left_child=2 -2 3 6 7 -5 -1 -4 -6
right_child=1 -3 4 5 8 -7 -8 -9 -10
leaf_value=-0.008617090526687755 0.016151257601133558 -0.014725162119548996 -0.019494876921990617 0.014463253286138247 0.019461063699753887 0.087008639375230942 -0.063495010691560147 -0.049541481043891111 0.0045276885162279712
leaf_weight=2.513866941924789 2.9265461415052414 1.362619281746446 3.382367379963398 7.2794258801732195 4.1377014322206396 1.5258419979363678 2.5344589351589093 3.3501453300123103 7.664767986163497
leaf_count=54 38 35 20 146 75 23 229 38 87
internal_value=-0.000927585 0.00634217 -0.00189031 0.00400314 -0.00629524 0.0270345 -0.036168 -0.0344463 0.00976302
internal_weight=36.6777 4.28917 32.3886 13.8536 18.535 8.80527 5.04833 6.73251 11.8025
internal_count=745 73 672 452 220 169 283 58 162
cat_boundaries=0 1 2 3 4 5
cat_threshold=2 2 4 2 2
is_linear=0
shrinkage=0.1


Tree=329
num_leaves=9
num_cat=3
split_feature=7 6 4 1 0 3 0 7
split_gain=0.0508593 0.0595096 0.258331 0.286664 0.245936 0.179256 0.810081 0.271939
threshold=4.5000000000000009 1.5000000000000002 0 1 2.5000000000000004 2 2.5000000000000004 1.5000000000000002
decision_type=2 2 9 1 2 1 2 2
left_child=1 5 4 -4 -3 6 -1 -7
right_child=-2 2 3 -5 -6 7 -8 -9
leaf_value=-0.098094892276989698 0.025896667840271989 0.033941317549206484 -0.081428409296069607 0.0047610483111979844 -0.0016702256708454649 -0.01692737774027421 0.012315482289719149 0.021255648119809178
leaf_weight=1.0238599093281666 0.77798729203641315 3.2617477207677439 0.66491241916082511 0.91958542540669441 4.783054064377211 3.6108416666975298 1.8934129390108863 3.8582432206603698
leaf_count=44 16 124 39 11 61 278 39 133
internal_value=0.000811411 -0.000163626 0.00549933 -0.0314072 0.0127684 -0.00541381 -0.0264347 0.00279651
internal_weight=20.7936 20.0157 9.6293 1.5845 8.0448 10.3864 2.91727 7.46908
internal_count=745 729 235 50 185 494 83 411
cat_boundaries=0 1 2 3
cat_threshold=4 1 2
is_linear=0
shrinkage=0.1


Tree=330
num_leaves=10
num_cat=6
split_feature=7 3 5 7 1 0 2 4 5
split_gain=0.0420522 0.106061 0.155978 0.0713128 0.0301038 0.096041 0.198409 0.113053 0.0540311
threshold=2.5000000000000004 0 1 3.5000000000000004 2 2.5000000000000004 3 4 5
decision_type=2 1 1 2 1 2 1 9 1
left_child=4 2 3 -2 5 6 -1 -7 -6
right_child=1 -3 -4 -5 8 7 -8 -9 -10
leaf_value=-0.031781237320052544 0.080025103704480904 -0.0031614218552409104 0.0015782830107934011 0.029803783133336998 0.0020980101964341831 -0.0064214190647873875 -0.00048379372744299445 0.015404935079987973 -0.016624786132458935
leaf_weight=2.2341697973897681 0.47650060732848942 3.7706202452536672 1.5063691996037951 0.69533662311732769 3.013212826102972 3.5851219594478607 21.692005937453363 7.0198059161193651 3.1554902615025631
leaf_count=30 34 27 12 17 19 51 440 94 21
internal_value=0.000144097 0.00764676 0.0228635 0.0502251 -0.00104469 0.000104803 -0.00340628 0.00802628 -0.0074793
internal_weight=47.1486 6.44883 2.67821 1.17184 40.6998 34.5311 23.9262 10.6049 6.1687
internal_count=745 90 63 51 655 615 470 145 40
cat_boundaries=0 1 2 3 4 5 6
cat_threshold=1 2 1 2 2 2
is_linear=0
shrinkage=0.1


Tree=331
num_leaves=11
num_cat=5
split_feature=0 6 7 2 5 1 6 7 2 3
split_gain=0.0245 0.107485 0.160416 0.368606 0.0840675 0.322356 0.0599115 0.0725984 0.697851 0.319804
threshold=2.5000000000000004 1.5000000000000002 1.5000000000000002 0 1 2 3.5000000000000004 1.5000000000000002 3 4
decision_type=2 2 2 1 1 1 2 2 1 1
left_child=6 4 3 -3 5 -2 7 8 -1 -9
right_child=1 2 -4 -5 -6 -7 -8 9 -10 -11
leaf_value=-0.10658677293333932 -0.047235819715644001 -0.077624686147599709 -0.048289178317460726 0.056054057923516504 0.022281015932146042 0.058879772875231176 0.021367478331647705 -0.0049172592522878636 0.0027764473562463432 0.040671265284347696
leaf_weight=0.63916577692725696 0.86565793596673757 0.32104365137638546 1.1361364880285689 0.57698109699413191 1.5711471714894278 0.42771575599908829 1.4996018186211575 5.8664437491679564 6.6961432626703807 2.0858999756164849
leaf_count=27 70 41 33 14 45 6 13 126 356 14
internal_value=0.000477525 -0.00574468 -0.0233226 0.00826394 0.00673778 -0.0121436 0.00229322 0.000422186 -0.00675297 0.00704061
internal_weight=21.6859 4.89868 2.03416 0.898025 2.86452 1.29337 16.7873 15.2877 7.33531 7.95234
internal_count=745 209 88 55 121 76 536 523 383 140
cat_boundaries=0 1 2 3 4 5
cat_threshold=1 2 1 2 1
is_linear=0
shrinkage=0.1


Tree=332
num_leaves=9
num_cat=2
split_feature=1 3 0 6 6 0 0 7
split_gain=0.0265734 0.0342989 0.10297 0.229835 0.0308279 0.0972154 0.0555153 0.0129531
threshold=0 1 1.5000000000000002 1.5000000000000002 1.5000000000000002 1.5000000000000002 1.5000000000000002 1.5000000000000002
decision_type=1 1 2 2 2 2 2 2
left_child=1 4 -3 -4 6 -6 -1 -2
right_child=7 2 3 -5 5 -7 -8 -9
leaf_value=0.0017665656042581612 0.015263258840115413 0.025029013235785231 0.019573281056201888 -0.031451012192729742 -0.015567145260706201 0.011050609026295651 -0.0088063466206903702 0.0019305081007249534
leaf_weight=7.8243047946598443 1.3823784698033699 1.8098210275638837 1.8879758463663168 1.6581219803774727 1.9743871123064298 4.4981754824548261 13.595311127952298 1.540914020501077
leaf_count=171 26 30 52 39 56 120 231 20
internal_value=-0.000905528 -0.00170923 0.00562038 -0.0042852 -0.00311668 0.00293114 -0.0049442 0.00823535
internal_weight=36.1714 33.2481 5.35592 3.5461 27.8922 6.47256 21.4196 2.92329
internal_count=745 699 121 91 578 176 402 46
cat_boundaries=0 1 2
cat_threshold=1 1
is_linear=0
shrinkage=0.1


Tree=333
num_leaves=6
num_cat=2
split_feature=6 7 0 2 2
split_gain=0.0525791 0.0518559 0.0681925 1.90067 0.387648
threshold=4.5000000000000009 4.5000000000000009 1.5000000000000002 0 1
decision_type=2 2 2 1 1
left_child=1 2 3 -1 -4
right_child=-2 -3 4 -5 -6
leaf_value=-0.077799459062601189 0.026270102021498973 0.025421986361857576 0.023453138177472702 0.037884744384216601 -0.011277157325771812
leaf_weight=2.4198716852115547 0.79925646539777417 0.77781394403427739 5.4708561027800844 3.4380070716142654 7.789969019358983
leaf_count=251 18 16 370 13 77
internal_value=0.00112165 0.000111423 -0.000918297 -0.00990404 0.0030511
internal_weight=20.6958 19.8965 19.1187 5.85788 13.2608
internal_count=745 727 711 264 447
cat_boundaries=0 1 2
cat_threshold=1 1
is_linear=0
shrinkage=0.1


Tree=334
num_leaves=12
num_cat=3
split_feature=6 7 6 0 7 6 0 4 4 5 0
split_gain=0.0436585 0.122635 0.289061 1.61833 0.0273714 0.089275 0.0848232 1.55887 1.00439 0.0784725 0.0522828
threshold=2.5000000000000004 1.5000000000000002 3.5000000000000004 2.5000000000000004 1.5000000000000002 1.5000000000000002 2.5000000000000004 0 1 2 1.5000000000000002
decision_type=2 2 2 2 2 2 2 9 9 1 2
left_child=4 2 3 -2 5 9 8 -8 -6 -1 -7
right_child=1 -3 -4 -5 6 10 7 -9 -10 -11 -12
leaf_value=0.019923903666295765 0.10601856818619593 0.019514915898230987 -0.043842225873963837 -0.07115972109914992 -0.038861526061901602 -0.012850624596684479 0.045568537172802161 -0.062945383718113077 0.020731598301279561 0.0013707490367977412 0.00037771807571132683
leaf_weight=3.5951950126909651 1.0203018002212045 3.7942640422843397 1.2909370567649601 1.0420146669493986 5.7074147225357592 4.7374306265264758 3.5973936213413253 2.094709910452365 5.6062955707311648 6.2304986044764519 8.0898031983524543
leaf_count=176 25 37 21 15 104 54 45 18 26 163 61
internal_value=6.84549e-06 0.00720091 -0.00673259 0.0164967 -0.00128971 0.000986517 -0.0043218 0.00563511 -0.00933128 0.0081593 -0.00450785
internal_weight=46.8063 7.14752 3.35325 2.06232 39.6587 22.6529 17.0058 5.6921 11.3137 9.82569 12.8272
internal_count=745 98 61 40 647 454 193 63 130 339 115
cat_boundaries=0 1 2 3
cat_threshold=4 4 2
is_linear=0
shrinkage=0.1


Tree=335
num_leaves=7
num_cat=1
split_feature=7 0 7 0 2 6
split_gain=0.0179029 0.0115669 0.159014 0.0381745 0.1726 0.0240274
threshold=3.5000000000000004 3.5000000000000004 2.5000000000000004 2.5000000000000004 0 3.5000000000000004
decision_type=2 2 2 2 1 2
left_child=1 3 -3 5 -5 -1
right_child=-2 2 -4 4 -6 -7
leaf_value=-0.00034919402467651435 0.013883795520103943 -0.011047825026606582 0.052479101588507548 -0.042331946183041508 0.0108858266501201 0.01354371659724461
leaf_weight=14.834630054625462 0.94540309894364227 1.3724383426597331 0.55269862711429585 1.0879625503876005 1.3855800584424287 1.3588910847902287
leaf_count=514 34 60 11 80 35 11
internal_value=0.000428104 -0.000189657 0.00719049 -0.000950772 -0.0125215 0.00081664
internal_weight=21.5376 20.5922 1.92514 18.6671 2.47354 16.1935
internal_count=745 711 71 640 115 525
cat_boundaries=0 1
cat_threshold=1
is_linear=0
shrinkage=0.1


Tree=336
num_leaves=8
num_cat=5
split_feature=0 3 1 1 0 5 3
split_gain=0.0234345 0.0769077 0.681845 0.210633 0.119854 0.0859289 0.0647456
threshold=3.5000000000000004 0 1 2 1.5000000000000002 3 4
decision_type=2 1 1 1 2 1 1
left_child=1 2 -1 -3 -4 -5 -2
right_child=6 3 4 5 -6 -7 -8
leaf_value=-0.10346862661455521 0.01471766956636163 0.033346847146212041 0.02184324612937967 -0.0068330104884842743 -0.020532839130675828 0.0047669609175529726 -0.011510267346981642
leaf_weight=0.70695580338360742 2.8937067296355963 1.7811406087130308 1.8066626715008176 15.904590912279673 1.0584737598692298 10.670203948218848 1.3949023121385824
leaf_count=15 38 21 30 178 63 365 35
internal_value=-0.000753833 -0.00168611 -0.0155141 5.58484e-05 0.00618815 -0.00217544 0.00618684
internal_weight=36.2166 31.928 3.57209 28.3559 2.86514 26.5748 4.28861
internal_count=745 672 108 564 93 543 73
cat_boundaries=0 1 2 3 4 5
cat_threshold=2 2 2 1 2
is_linear=0
shrinkage=0.1


Tree=337
num_leaves=9
num_cat=2
split_feature=7 6 4 1 0 7 0 0
split_gain=0.0478004 0.0501919 0.261966 0.261101 0.201882 0.151671 0.545885 0.226722
threshold=4.5000000000000009 1.5000000000000002 0 1 2.5000000000000004 1.5000000000000002 1.5000000000000002 1.5000000000000002
decision_type=2 2 9 1 2 2 2 2
left_child=1 5 4 -4 -3 6 -1 -7
right_child=-2 2 3 -5 -6 7 -8 -9
leaf_value=0.0051156906872702676 0.025448232582932967 0.031826202868059504 -0.08164527635736718 0.0015216519721792045 -0.00047170291922485526 -0.026530686393116426 -0.07613203464734894 0.015873092081568282
leaf_weight=2.6256894203834293 0.7752195312641551 3.2596629702020437 0.63282797660212675 0.93557821586728096 4.7634073405060917 1.7159204371273515 1.2071273554320212 4.7551083460566588
leaf_count=141 16 124 39 11 61 60 198 95
internal_value=0.0010868 0.000137563 0.00534349 -0.0320349 0.0126505 -0.00470845 -0.0204729 0.0046289
internal_weight=20.6705 19.8953 9.59148 1.56841 8.02307 10.3038 3.83282 6.47103
internal_count=745 729 235 50 185 494 339 155
cat_boundaries=0 1 2
cat_threshold=4 1
is_linear=0
shrinkage=0.1


Tree=338
num_leaves=9
num_cat=4
split_feature=6 3 0 0 3 0 4 2
split_gain=0.0396397 0.118653 0.284742 0.0264736 0.232826 0.051072 0.648562 0.149257
threshold=2.5000000000000004 0 2.5000000000000004 3.5000000000000004 1 2.5000000000000004 2 3
decision_type=2 1 2 2 1 2 9 1
left_child=3 2 -2 5 -5 7 -7 -1
right_child=1 -3 -4 4 -6 6 -8 -9
leaf_value=-0.023262045165035574 -0.0022205247819738027 -0.00484328617084572 0.059581710369144586 0.020308533930116428 -0.032548773276346421 0.023377932463269802 -0.038700820029899899 2.3801534105341614e-07
leaf_weight=3.1037337816087529 1.9679211042821401 3.9123307829722762 1.2001246330328283 1.4650585148483506 1.9326492324471474 6.1141921094385907 2.3220767406746727 24.777612014906484
leaf_count=33 37 29 32 26 32 71 30 455
internal_value=-8.73467e-05 0.00680573 0.0211915 -0.00131623 -0.00975722 -0.000526532 0.0062908 -0.0025893
internal_weight=46.7957 7.08038 3.16805 39.7153 3.39771 36.3176 8.43627 27.8813
internal_count=745 98 69 647 58 589 101 488
cat_boundaries=0 1 2 3 4
cat_threshold=1 1 4 2
is_linear=0
shrinkage=0.1


Tree=339
num_leaves=10
num_cat=4
split_feature=4 1 7 0 6 1 0 3 7
split_gain=0.0202848 0.133832 0.272899 0.349163 0.241776 0.0808756 0.580129 0.0876803 2.3752e-05
threshold=0 1 1.5000000000000002 1.5000000000000002 4.5000000000000009 2 1.5000000000000002 3 1.5000000000000002
decision_type=9 1 2 2 2 1 2 1 2
left_child=5 2 4 -4 -2 6 8 -8 -1
right_child=1 -3 3 -5 -6 -7 7 -9 -10
leaf_value=-0.075918814618655017 0.014899758365749886 0.011280089854870173 0.0051922705248410826 -0.065867302612709747 -0.084320693620649978 -0.0083231450198746563 0.012050440265109187 0.038480876675360098 -0.077091985788023204
leaf_weight=0.41047116345725942 3.1193401259952229 4.0795260891318321 1.2211353060556578 1.5942564490542279 0.2665777155489194 3.8629714734852314 4.8822324965149164 1.6894823637849183 0.29776421375572681
leaf_count=77 287 23 53 107 13 23 113 40 9
internal_value=0.000416544 -0.00278694 -0.0120409 -0.0350462 0.007088 0.00337219 0.0095781 0.0188453 -0.0764121
internal_weight=21.4238 10.2808 6.20131 2.81539 3.38592 11.1429 7.27995 6.57171 0.708235
internal_count=745 483 460 160 300 262 239 153 86
cat_boundaries=0 1 2 3 4
cat_threshold=2 1 1 1
is_linear=0
shrinkage=0.1


Tree=340
num_leaves=10
num_cat=3
split_feature=1 7 0 5 0 4 0 0 7
split_gain=0.0224056 0.0214563 0.240844 0.170662 0.139035 0.0983682 0.340838 0.30135 0.0108677
threshold=0 1.5000000000000002 1.5000000000000002 1 2.5000000000000004 2 2.5000000000000004 3.5000000000000004 1.5000000000000002
decision_type=1 2 2 1 2 9 2 2 2
left_child=1 5 3 -3 -4 7 -7 -1 -2
right_child=8 2 4 -5 -6 6 -8 -9 -10
leaf_value=0.014857702806920461 0.014276987869588512 -0.0018113214141179902 -0.036161076011335988 0.046776050459044274 -0.00450045496880836 -0.013750340801955528 0.023799614499308477 -0.030944349592567644 0.0019637986257914461
leaf_weight=8.7769801018293929 1.3457210168708109 1.8742637580726296 2.405150891863741 1.1768295355141145 3.2766509513094206 10.921736397547646 3.1043830219714446 1.7175958435982472 1.5337372691719791
leaf_count=171 26 55 72 7 76 223 77 18 20
internal_value=-0.000743932 -0.00147669 -0.00573312 0.0169292 -0.0179026 3.92076e-05 -0.00543946 0.00736151 0.00771839
internal_weight=36.133 33.2536 8.7329 3.05109 5.6818 24.5207 14.0261 10.4946 2.87946
internal_count=745 699 210 62 148 489 300 189 46
cat_boundaries=0 1 2 3
cat_threshold=1 2 2
is_linear=0
shrinkage=0.1


Tree=341
num_leaves=6
num_cat=2
split_feature=6 7 0 2 2
split_gain=0.0484358 0.0513326 0.0633413 1.68543 0.29646
threshold=4.5000000000000009 4.5000000000000009 1.5000000000000002 0 1
decision_type=2 2 2 1 1
left_child=1 2 3 -1 -4
right_child=-2 -3 4 -5 -6
leaf_value=-0.077521511775285851 0.025835579626436629 0.025379918092234124 0.020314811034370384 0.033467443658879617 -0.0099582326176898724
leaf_weight=2.2423657130566506 0.75244893971830507 0.76528946310281654 5.5792759564792451 3.5096773505210876 7.6983315851539427
leaf_count=251 18 16 370 13 77
internal_value=0.000933036 -1.35644e-05 -0.00103478 -0.00980028 0.00276256
internal_weight=20.5474 19.7949 19.0297 5.75204 13.2776
internal_count=745 727 711 264 447
cat_boundaries=0 1 2
cat_threshold=1 1
is_linear=0
shrinkage=0.1


Tree=342
num_leaves=9
num_cat=4
split_feature=6 5 0 0 3 3 0 1
split_gain=0.0369141 0.114159 0.0905716 0.0231908 0.188065 0.0522968 0.166705 0.139008
threshold=2.5000000000000004 0 2.5000000000000004 3.5000000000000004 1 2 1.5000000000000002 3
decision_type=2 1 2 2 1 1 2 1
left_child=3 2 -2 5 -5 6 -1 -7
right_child=1 -3 -4 4 -6 7 -8 -9
leaf_value=0.0067608830155489828 0.013308700778254402 0.02694725617726107 -0.013615434858342752 0.017344034820032793 -0.030345239076021865 -0.0025016543903744856 -0.0086450985008579891 0.027351866970404815
leaf_weight=11.796362939290704 2.288052330724895 1.9794678762555111 2.7524105961201712 1.4840703792870036 1.8674870952963829 4.8290775144414502 17.360473257256672 2.3038248792290688
leaf_count=231 40 20 38 26 32 74 273 11
internal_value=-8.59076e-05 0.00659792 -0.00139358 -0.00126952 -0.00922842 -0.000534475 -0.0024121 0.0071406
internal_weight=46.6612 7.01993 5.04046 39.6413 3.35156 36.2897 29.1568 7.1329
internal_count=745 98 78 647 58 589 504 85
cat_boundaries=0 1 2 3 4
cat_threshold=2 1 1 1
is_linear=0
shrinkage=0.1


Tree=343
num_leaves=11
num_cat=3
split_feature=0 6 7 1 7 0 6 7 2 3
split_gain=0.019146 0.125393 0.149684 0.331556 0.0846109 0.0661291 0.0530199 0.0595511 0.613764 0.254019
threshold=2.5000000000000004 1.5000000000000002 1.5000000000000002 0 2.5000000000000004 3.5000000000000004 3.5000000000000004 1.5000000000000002 1 2
decision_type=2 2 2 1 2 2 2 2 1 1
left_child=6 4 3 -3 5 -2 7 8 -1 -9
right_child=1 2 -4 -5 -6 -7 -8 9 -10 -11
leaf_value=-0.10300863765694049 -0.029231077583298112 0.053137612319755362 -0.049856520911702805 -0.075964039435256009 0.031042836110226707 0.010913639016621639 0.0202925757419537 -0.004235559046970208 0.0025584836935215738 0.036728471366955943
leaf_weight=0.60009255589102395 0.68271317449398283 0.5480731688439846 1.0605264359619466 0.3122654266480821 1.0419363484252242 1.0284832938923498 1.4669840857386578 5.8201594153651968 6.6960812560282701 2.0458878832869232
leaf_count=27 55 4 33 51 28 38 13 126 356 14
internal_value=0.000550039 -0.00510464 -0.0247138 0.00627934 0.00857667 -0.00510283 0.00213941 0.000383044 -0.00612416 0.00641882
internal_weight=21.3032 4.674 1.92087 0.860339 2.75313 1.7112 16.6292 15.1622 7.29617 7.86605
internal_count=745 209 88 55 121 93 536 523 383 140
cat_boundaries=0 1 2 3
cat_threshold=2 2 1
is_linear=0
shrinkage=0.1


Tree=344
num_leaves=8
num_cat=5
split_feature=0 3 1 1 0 5 3
split_gain=0.0243984 0.0656612 0.615856 0.17218 0.117305 0.069497 0.0420651
threshold=3.5000000000000004 0 1 2 1.5000000000000002 3 4
decision_type=2 1 1 1 2 1 1
left_child=1 2 -1 -3 -4 -5 -2
right_child=6 3 4 5 -6 -7 -8
leaf_value=-0.10081583301628093 -0.0075281130002036005 0.030020532319388046 0.021218697444606013 -0.0062336734204783929 -0.021123903641045712 0.0042271925986806722 0.013400408917328738
leaf_weight=0.66962686588522047 1.4465492182644075 1.78319235984236 1.800826505059377 15.996260919957422 1.0276421081071019 10.53241883582087 2.8575405245646834
leaf_count=15 35 21 30 178 63 365 38
internal_value=-0.000699553 -0.00165565 -0.014581 -5.8651e-05 0.00583474 -0.0020805 0.0063666
internal_weight=36.1141 31.81 3.4981 28.3119 2.82847 26.5287 4.30409
internal_count=745 672 108 564 93 543 73
cat_boundaries=0 1 2 3 4 5
cat_threshold=2 2 2 1 1
is_linear=0
shrinkage=0.1


Tree=345
num_leaves=8
num_cat=2
split_feature=7 6 4 0 7 0 3
split_gain=0.0428961 0.0480027 0.251895 0.156537 0.137438 0.50691 0.204466
threshold=4.5000000000000009 1.5000000000000002 0 2.5000000000000004 1.5000000000000002 1.5000000000000002 1
decision_type=2 2 9 2 2 2 1
left_child=1 4 3 -3 5 -1 -6
right_child=-2 2 -4 -5 6 -7 -8
leaf_value=0.004181536169755343 0.024196805226038114 0.029107570878805118 -0.032006134914567948 0.00063068616812669669 0.018357476664240972 -0.076021678813129892 -0.018072494561107572
leaf_weight=2.6126719160238339 0.76161757251247664 3.2582642969209701 1.5337522168410922 4.7363365288183559 3.9293969291029498 1.1283827447477959 2.5343095855787396
leaf_count=141 16 124 50 61 133 198 22
internal_value=0.000909623 1.0833e-05 0.00511503 0.0122367 -0.00475504 -0.0200095 0.0040739
internal_weight=20.4947 19.7331 9.52835 7.9946 10.2048 3.74105 6.46371
internal_count=745 729 235 185 494 339 155
cat_boundaries=0 1 2
cat_threshold=4 1
is_linear=0
shrinkage=0.1


Tree=346
num_leaves=9
num_cat=4
split_feature=7 3 5 7 1 0 2 7
split_gain=0.0321956 0.0850165 0.137007 0.0679165 0.0349368 0.0884233 0.112572 0.111097
threshold=2.5000000000000004 0 1 3.5000000000000004 2 2.5000000000000004 3 1.5000000000000002
decision_type=2 1 1 2 1 2 1 2
left_child=4 2 3 -2 5 6 -1 -7
right_child=1 -3 -4 -5 -6 7 -8 -9
leaf_value=-0.024403800429153862 0.079340877935838328 -0.0030877238249678771 0.00039940210794465959 0.027789499053934699 -0.0082119600366339484 0.00044651055507067926 -0.0010961116672867938 0.022340114292995955
leaf_weight=2.2928785497206263 0.41548953927122056 3.7090606585843489 1.4246212802827349 0.66394092328846455 6.055256071034818 7.0096780329477024 21.530181129783163 3.4626999169122428
leaf_count=30 34 27 12 17 40 114 440 31
internal_value=-0.000177404 0.00652368 0.0207603 0.0476324 -0.00120922 2.71924e-05 -0.00333939 0.00768565
internal_weight=46.5638 6.21311 2.50405 1.07943 40.3507 34.2954 23.8231 10.4724
internal_count=745 90 63 51 655 615 470 145
cat_boundaries=0 1 2 3 4
cat_threshold=1 2 1 2
is_linear=0
shrinkage=0.1


Tree=347
num_leaves=9
num_cat=3
split_feature=4 1 7 3 6 7 0 6
split_gain=0.0200409 0.139395 0.260179 0.318407 0.210161 0.075838 0.143788 0.0878294
threshold=0 1 1.5000000000000002 2 4.5000000000000009 2.5000000000000004 2.5000000000000004 1.5000000000000002
decision_type=9 1 2 1 2 2 2 2
left_child=5 2 4 -4 -2 6 7 -1
right_child=1 -3 3 -5 -6 -7 -8 -9
leaf_value=-0.002735094986065105 0.013357510995524152 0.011993858389913202 -0.077082481693115934 -0.0073788945118648183 -0.0832728211498827 0.021209881938056157 -0.026164946771911887 0.019846475153989511
leaf_weight=4.5108983867103216 3.1662441594235138 4.0143321678042412 1.0825226136657875 1.6607446991838515 0.24229777218715742 2.0117115173488864 1.7317759533761998 2.786268855445087
leaf_count=158 287 23 134 26 13 21 60 23
internal_value=0.000701751 -0.00250187 -0.011961 -0.0348847 0.0064885 0.00365161 -0.00026049 0.0058872
internal_weight=21.2068 10.1661 6.15181 2.74327 3.40854 11.0407 9.02894 7.29717
internal_count=745 483 460 160 300 262 241 181
cat_boundaries=0 1 2 3
cat_threshold=2 1 1
is_linear=0
shrinkage=0.1


Tree=348
num_leaves=9
num_cat=3
split_feature=1 0 7 2 2 0 7 7
split_gain=0.0189743 0.0215144 0.135731 0.163897 0.123048 0.122729 0.0457457 0.0106523
threshold=0 1.5000000000000002 1.5000000000000002 1 2 2.5000000000000004 1.5000000000000002 1.5000000000000002
decision_type=1 2 2 1 1 2 2 2
left_child=1 4 3 -3 6 -4 -1 -2
right_child=7 2 5 -5 -6 -7 -8 -9
leaf_value=0.0023300030103489515 0.013707129680307399 0.038237756696603745 -0.03394672733426498 -0.0013735664471297901 -0.0186569887252265 -0.0040535099503150275 0.017335083253693255 0.0014150170786189141
leaf_weight=6.306055458262561 1.310087050427682 1.1238436698913574 2.371867371199186 14.806010741129285 2.3021386992186299 3.262612539838301 2.9975528852082789 1.526417361514177
leaf_count=185 26 37 72 257 13 76 59 20
internal_value=-0.000757737 -0.00142903 -0.00329739 0.00142099 0.00204252 -0.0166372 0.00716453 0.00709234
internal_weight=36.0066 33.1701 21.5643 15.9299 11.6057 5.63448 9.30361 2.8365
internal_count=745 699 442 294 257 148 244 46
cat_boundaries=0 1 2 3
cat_threshold=1 2 1
is_linear=0
shrinkage=0.1


Tree=349
num_leaves=6
num_cat=2
split_feature=6 7 0 2 2
split_gain=0.0479035 0.12712 0.0859777 1.50794 0.213426
threshold=3.5000000000000004 4.5000000000000009 1.5000000000000002 0 1
decision_type=2 2 2 1 1
left_child=1 2 3 -1 -4
right_child=-2 -3 4 -5 -6
leaf_value=-0.077322162132628991 -0.018563587688636442 0.046513409699596886 0.019626398228054304 0.029560659675600572 -0.0062983787199918668
leaf_weight=2.0918407946592277 1.2197013914119441 0.61743069440126319 5.5865237430552899 3.5773461312055588 7.3580625476315671
leaf_count=251 38 13 359 13 71
internal_value=0.000654216 0.00187307 0.000392319 -0.00987742 0.00489003
internal_weight=20.4509 19.2312 18.6138 5.66919 12.9446
internal_count=745 707 694 264 430
cat_boundaries=0 1 2
cat_threshold=1 1
is_linear=0
shrinkage=0.1


Tree=350
num_leaves=9
num_cat=4
split_feature=6 5 0 0 3 3 0 1
split_gain=0.0316777 0.103703 0.0889406 0.0261088 0.158682 0.040855 0.15947 0.120049
threshold=2.5000000000000004 0 2.5000000000000004 3.5000000000000004 1 2 1.5000000000000002 3
decision_type=2 1 2 2 1 1 2 1
left_child=3 2 -2 5 -5 6 -1 -7
right_child=1 -3 -4 4 -6 7 -8 -9
leaf_value=0.0069533876316679264 0.013282344533316275 0.025827151615938865 -0.013515134190987089 0.014553592098510457 -0.029289361577076151 -0.0025030127205374372 -0.0081134673147527005 0.025277373133223348
leaf_weight=11.81624703994021 2.2586889676749706 1.9397999402135599 2.7422563990112394 1.4991785530000916 1.8371429215185344 4.8300266575824926 17.323929244186729 2.29449812322855
leaf_count=231 40 20 38 26 32 74 273 11
internal_value=-3.08755e-05 0.00620081 -0.00141199 -0.00112308 -0.0095885 -0.000344272 -0.00200391 0.00644384
internal_weight=46.5418 6.94075 5.00095 39.601 3.33632 36.2647 29.1402 7.12452
internal_count=745 98 78 647 58 589 504 85
cat_boundaries=0 1 2 3 4
cat_threshold=2 1 1 1
is_linear=0
shrinkage=0.1


Tree=351
num_leaves=10
num_cat=5
split_feature=4 1 2 7 1 0 3 7 7
split_gain=0.0180714 0.112444 0.237221 0.183441 0.0658472 0.521103 0.0885408 8.25465e-05 1.66256e-05
threshold=0 1 2 1.5000000000000002 3 1.5000000000000002 4 2.5000000000000004 1.5000000000000002
decision_type=9 1 1 2 1 2 1 2 2
left_child=4 2 3 -2 5 8 -7 -4 -1
right_child=1 -3 7 -5 -6 6 -8 -9 -10
leaf_value=-0.075875444538166179 0.010284461740828064 0.010675957148749068 -0.075703347225941686 -0.026516004159255587 -0.0070674728980957826 0.010904885482752438 0.037715544911580294 -0.078284909644904477 -0.076901666033829738
leaf_weight=0.37719961162656535 3.2601166274980642 4.0053590163588524 0.23295300942845631 2.3173752119764686 3.8251002095639706 4.8822110257460736 1.6473999231238847 0.26448896760120988 0.27149737812578678
leaf_count=77 271 23 41 136 23 113 40 12 9
internal_value=0.000727633 -0.00233116 -0.0109071 -0.00500565 0.00352981 0.00917678 0.0176691 -0.077076 -0.0763049
internal_weight=21.0837 10.0803 6.07493 5.57749 11.0034 7.17831 6.52961 0.497442 0.648697
internal_count=745 483 460 407 262 239 153 53 86
cat_boundaries=0 1 2 3 4 5
cat_threshold=2 1 1 1 1
is_linear=0
shrinkage=0.1


Tree=352
num_leaves=8
num_cat=5
split_feature=0 3 1 1 0 5 3
split_gain=0.0204859 0.0755173 0.542632 0.137625 0.105623 0.0649393 0.0306759
threshold=3.5000000000000004 0 1 2 1.5000000000000002 3 4
decision_type=2 1 1 1 2 1 1
left_child=1 2 -1 -3 -4 -5 -2
right_child=6 3 4 5 -6 -7 -8
leaf_value=-0.098901905937048173 0.011931618090853989 0.027017915090277816 0.017848568220907902 -0.0056820971743731319 -0.022639118198196577 0.0044444501461594916 -0.0059063821599020603
leaf_weight=0.63648522336734459 2.811379000544548 1.7855214467272162 1.8020668857498101 15.969196246471256 1.0029428269917842 10.494120393559577 1.4671803228557099
leaf_count=15 38 21 30 178 63 365 35
internal_value=-0.000680291 -0.00155719 -0.015543 0.000146666 0.00337203 -0.00166638 0.00581471
internal_weight=35.9689 31.6903 3.44149 28.2488 2.80501 26.4633 4.27856
internal_count=745 672 108 564 93 543 73
cat_boundaries=0 1 2 3 4 5
cat_threshold=2 2 2 1 2
is_linear=0
shrinkage=0.1


Tree=353
num_leaves=9
num_cat=4
split_feature=6 7 0 5 5 2 5 0
split_gain=0.0423095 0.0386795 0.142314 1.01918 0.296829 0.141593 0.720505 0.180648
threshold=4.5000000000000009 1.5000000000000002 2.5000000000000004 0 1 2 3 1.5000000000000002
decision_type=2 2 2 1 1 1 1 2
left_child=1 5 3 -3 -4 6 -1 -7
right_child=-2 2 4 -5 -6 7 -8 -9
leaf_value=-0.076948577461155354 0.024081644007681372 0.039997881876357486 -0.019807056084988638 -0.082554229688481653 0.031026377191034391 0.02173424630854081 0.018477903449325633 -0.012963924531987848
leaf_weight=1.3749160684237722 0.72771452087908883 3.6426844031084329 4.3722181724151596 0.83394604502245595 1.5580407205270601 2.9204762279987353 1.8637665734859219 3.0858394373208284
leaf_count=260 18 119 55 27 24 10 183 49
internal_value=0.00040376 -0.000473039 0.00370845 0.0171678 -0.00645173 -0.00518005 -0.0220334 0.00390751
internal_weight=20.3796 19.6519 10.4069 4.47663 5.93026 9.245 3.23868 6.00632
internal_count=745 727 225 146 79 502 443 59
cat_boundaries=0 1 2 3 4
cat_threshold=2 2 1 2
is_linear=0
shrinkage=0.1


Tree=354
num_leaves=8
num_cat=1
split_feature=7 6 0 1 0 6 7
split_gain=0.0289712 0.0922314 0.590223 0.0310586 0.0821635 0.0976399 0.0962409
threshold=2.5000000000000004 1.5000000000000002 2.5000000000000004 0 2.5000000000000004 3.5000000000000004 1.5000000000000002
decision_type=2 2 2 1 2 2 2
left_child=3 2 -2 4 5 -1 -6
right_child=1 -3 -4 -5 6 -7 -8
leaf_value=-0.0016581470676544719 0.041330811883457538 0.017906856956970026 -0.049552195998189753 -0.0076251292574177638 0.00078909531986262919 -0.031621170919434664 0.021167075450484255
leaf_weight=22.631771025480706 1.3521331688389175 3.2494632673915476 1.5154929189011452 6.0409244284965089 7.0004132626345363 1.1424675993621338 3.4646035870537162
leaf_count=459 27 35 28 40 114 11 31
internal_value=-4.05163e-05 0.00637173 -0.00669935 -0.0010143 0.000152064 -0.00309802 0.00753554
internal_weight=46.3973 6.11709 2.86763 40.2802 34.2393 23.7742 10.465
internal_count=745 90 55 655 615 470 145
cat_boundaries=0 1
cat_threshold=1
is_linear=0
shrinkage=0.1


Tree=355
num_leaves=8
num_cat=3
split_feature=7 0 1 3 6 6 2
split_gain=0.020087 0.0148001 0.277656 0.821234 0.130069 0.271137 0.167975
threshold=3.5000000000000004 1.5000000000000002 0 1 1.5000000000000002 2.5000000000000004 2
decision_type=2 2 1 1 2 2 1
left_child=1 2 3 -1 6 -6 -3
right_child=-2 4 -4 -5 5 -7 -8
leaf_value=-0.075765323601507562 0.015952035489941736 0.043446463823744508 0.027585400199150574 0.033459029119029177 -0.027732219196662564 0.011972603984885422 0.0014907829788112618
leaf_weight=1.2917516428278821 0.8466091679292721 1.1175533838686533 2.6851642280817032 1.4737425408675335 4.1281441807514057 2.9481942595884902 6.5304843253688869
leaf_count=227 34 42 11 27 77 82 245
internal_value=0.000862003 0.000228777 0.00468041 -0.0175592 -0.00141913 -0.0111901 0.00762147
internal_weight=21.0216 20.175 5.45066 2.76549 14.7244 7.07634 7.64804
internal_count=745 711 265 254 446 159 287
cat_boundaries=0 1 2 3
cat_threshold=1 1 2
is_linear=0
shrinkage=0.1


Tree=356
num_leaves=9
num_cat=3
split_feature=1 0 7 2 0 2 7 7
split_gain=0.0193952 0.0181777 0.104852 0.140667 0.112434 0.0710793 0.0414767 0.0104313
threshold=0 1.5000000000000002 1.5000000000000002 1 2.5000000000000004 2 1.5000000000000002 1.5000000000000002
decision_type=1 2 2 1 2 1 2 2
left_child=1 5 3 -3 -4 6 -1 -2
right_child=7 2 4 -5 -6 -7 -8 -9
leaf_value=0.0012639024387780808 0.014079136455576267 0.035503671393535212 -0.031427738843081775 -0.0013768524071678106 -0.002724351255700488 -0.013627235064093069 0.01557705760769409 0.0018132832652172912
leaf_weight=6.236748776980674 1.2833835966885083 1.1117736715823412 2.3412656409782349 14.818877430370776 3.2716585904126987 2.3324486790224901 2.997681017848663 1.5080285426811313
leaf_count=185 26 37 72 257 76 13 59 20
internal_value=-0.000552309 -0.00122718 -0.00294404 0.00119698 -0.0146971 0.00197053 0.00591024 0.00745265
internal_weight=35.9019 33.1105 21.5436 15.9307 5.61292 11.5669 9.23443 2.79141
internal_count=745 699 442 294 148 257 244 46
cat_boundaries=0 1 2 3
cat_threshold=1 2 1
is_linear=0
shrinkage=0.1


Tree=357
num_leaves=6
num_cat=2
split_feature=6 7 0 2 2
split_gain=0.0409081 0.108498 0.086596 1.30322 0.160086
threshold=3.5000000000000004 4.5000000000000009 1.5000000000000002 0 1
decision_type=2 2 2 1 1
left_child=1 2 3 -1 -4
right_child=-2 -3 4 -5 -6
leaf_value=0.024879844656420493 -0.017401848999753469 0.043896131524686716 0.01734569603340836 -0.077102353753014649 -0.0050487912486214398
leaf_weight=3.64232237637043 1.2059506224468339 0.58751572156324883 5.6607272839173621 1.9102139348979186 7.3194671773817443
leaf_count=13 38 13 359 251 71
internal_value=0.000461331 0.001588 0.000246764 -0.0102046 0.00471756
internal_weight=20.3262 19.1202 18.5327 5.55254 12.9802
internal_count=745 707 694 264 430
cat_boundaries=0 1 2
cat_threshold=2 1
is_linear=0
shrinkage=0.1


Tree=358
num_leaves=12
num_cat=4
split_feature=6 2 0 6 7 0 4 4 5 0 0
split_gain=0.029964 0.111577 0.41174 0.158883 0.0241937 0.0643007 1.22239 0.822826 0.0600607 0.878021 0.461411
threshold=2.5000000000000004 0 2.5000000000000004 3.5000000000000004 1.5000000000000002 2.5000000000000004 1 2 3 1.5000000000000002 1.5000000000000002
decision_type=2 1 2 2 2 2 9 9 1 2 2
left_child=4 2 3 -2 8 7 -7 -6 9 -1 -10
right_child=1 -3 -4 -5 5 6 -8 -9 10 -11 -12
leaf_value=-0.033272365485855271 0.019939543740085924 -0.00783792872092204 0.062128073162182877 -0.031554785581526926 -0.035258286574077057 0.039560918438456306 -0.059452705626994645 0.019050367947824318 0.024732934286057665 0.031534720536277143 -0.015135285535355173
leaf_weight=3.3391927355551161 1.1405922742560504 3.1830444969236851 1.336544989608228 1.2622999437153337 5.6544819516129792 3.5485903173685074 1.9223158434033383 5.5066008642315882 4.1408164383028643 5.5906414433266036 9.7103282019961608
leaf_count=113 31 17 37 13 104 45 18 26 82 142 117
internal_value=-0.00014511 0.0059227 0.0176359 -0.00711173 -0.00121086 -0.00411051 0.00477044 -0.00846375 0.000906125 0.00730097 -0.00321663
internal_weight=46.3354 6.92248 3.73944 2.40289 39.413 16.632 5.47091 11.1611 22.781 8.92983 13.8511
internal_count=745 98 81 44 647 193 63 130 454 255 199
cat_boundaries=0 1 2 3 4
cat_threshold=1 4 4 2
is_linear=0
shrinkage=0.1


Tree=359
num_leaves=9
num_cat=3
split_feature=4 1 2 7 7 0 6 7
split_gain=0.0206765 0.0974218 0.230605 0.15611 0.0741096 0.136299 0.0738384 8.2268e-05
threshold=0 1 2 1.5000000000000002 2.5000000000000004 2.5000000000000004 1.5000000000000002 2.5000000000000004
decision_type=9 1 1 2 2 2 2 2
left_child=4 2 3 -2 5 6 -1 -4
right_child=1 -3 7 -5 -6 -7 -8 -9
leaf_value=-0.001989158093249491 0.0091932656718800125 0.009683655565227739 -0.075674819728518666 -0.024918597876638811 0.021472231254212756 -0.025419855973980939 0.018779356420780102 -0.078307359485609934
leaf_weight=4.4632079076836799 3.2856765698816162 3.979871179908514 0.21889100526459504 2.2674097458075266 1.9550026617944247 1.7090999308275057 2.7769928527995944 0.25936755794100463
leaf_count=158 271 23 41 136 21 60 23 12
internal_value=0.000821185 -0.00246022 -0.0104735 -0.00473513 0.00383384 -1.93268e-05 0.00597665 -0.0771025
internal_weight=20.9155 10.0112 6.03134 5.55309 10.9043 8.9493 7.2402 0.478259
internal_count=745 483 460 407 262 241 181 53
cat_boundaries=0 1 2 3
cat_threshold=2 1 1
is_linear=0
shrinkage=0.1


Tree=360
num_leaves=10
num_cat=6
split_feature=1 7 4 5 5 4 5 0 7
split_gain=0.0185293 0.0169235 0.147629 1.69044 0.766332 0.0915805 0.313523 0.295798 0.00874043
threshold=0 1.5000000000000002 1 2 3 4 5 3.5000000000000004 1.5000000000000002
decision_type=1 2 9 1 1 9 1 2 2
left_child=1 5 3 -3 -4 7 -7 -1 -2
right_child=8 2 4 -5 -6 6 -8 -9 -10
leaf_value=0.014807043548071675 0.013376621221722063 -0.047074401269960736 0.025885554578620292 0.10337416245033818 -0.049111716960669252 0.0027711423580163673 -0.033323120633283645 -0.030472901578871121 0.0021212341580074822
leaf_weight=8.6427727717673388 1.2735199402668507 1.8918944450342678 2.50491002202034 1.2339386940002441 2.9873316177399811 10.985220970585944 3.0816303201718229 1.7318132612854249 1.505627875216305
leaf_count=171 26 156 12 4 38 166 134 18 20
internal_value=-0.000563431 -0.0012227 -0.00503296 0.0123159 -0.0149068 0.000120803 -0.00513604 0.00724853 0.00727892
internal_weight=35.8387 33.0595 8.61807 3.12583 5.49224 24.4414 14.0669 10.3746 2.77915
internal_count=745 699 210 160 50 489 300 189 46
cat_boundaries=0 1 2 3 4 5 6
cat_threshold=1 4 2 2 2 1
is_linear=0
shrinkage=0.1


Tree=361
num_leaves=8
num_cat=2
split_feature=6 7 6 0 5 1 0
split_gain=0.0556 0.0373524 0.170437 0.416694 0.221168 0.150884 0.154086
threshold=4.5000000000000009 1.5000000000000002 1.5000000000000002 1.5000000000000002 0 1 2.5000000000000004
decision_type=2 2 2 2 1 1 2
left_child=1 2 3 -1 -4 6 -3
right_child=-2 5 4 -5 -6 -7 -8
leaf_value=-0.0007038343599061063 0.027660127719708633 0.02244542863991586 -0.0061989778563722661 -0.075850257606922433 0.039015246675836834 -0.027197307035305499 -0.0037847736413739821
leaf_weight=2.6020033937529718 0.72560767363756795 4.1495222612284106 4.0531582992407493 1.0300057813728924 1.4757704818621276 1.3818682804703701 4.8655132610583678
leaf_count=141 18 133 125 198 38 20 72
internal_value=0.000478458 -0.000529999 -0.00518566 -0.0220147 0.00586951 0.0035722 0.0082887
internal_weight=20.2834 19.5578 9.16094 3.63201 5.52893 10.3969 9.01504
internal_count=745 727 502 339 163 225 205
cat_boundaries=0 1 2
cat_threshold=2 1
is_linear=0
shrinkage=0.1


Tree=362
num_leaves=11
num_cat=4
split_feature=6 2 7 7 0 4 4 5 0 0
split_gain=0.0248503 0.101242 0.390827 0.022564 0.0569279 1.05329 0.706719 0.0517378 0.748629 0.398469
threshold=2.5000000000000004 0 1.5000000000000002 1.5000000000000002 2.5000000000000004 1 2 3 1.5000000000000002 1.5000000000000002
decision_type=2 1 2 2 2 9 9 1 2 2
left_child=3 2 -2 7 6 -6 -5 8 -1 -9
right_child=1 -3 -4 4 5 -7 -8 9 -10 -11
leaf_value=-0.030581610601434502 -0.022754470247607544 -0.0076021821795056706 0.043522757305444547 -0.03264778676279656 0.03648814592411305 -0.056484623782330989 0.017637361276039126 0.022988231975254313 0.029154569029883549 -0.014003035592433278
leaf_weight=3.3412928297766484 1.4928828451083966 3.1756952106952667 2.2021663432242349 5.6800865586847067 3.5519705368205905 1.8548563756048668 5.5023617856204527 4.1729659129632646 5.6378051507053897 9.6371640113648009
leaf_count=113 51 17 30 104 45 18 26 82 142 117
internal_value=-5.75914e-05 0.00549175 0.0167453 -0.00102584 -0.00383146 0.00459307 -0.00790481 0.0010165 0.0069256 -0.00282549
internal_weight=46.2492 6.87074 3.69505 39.3785 16.5893 5.40683 11.1824 22.7892 8.9791 13.8101
internal_count=745 98 81 647 193 63 130 454 255 199
cat_boundaries=0 1 2 3 4
cat_threshold=1 4 4 2
is_linear=0
shrinkage=0.1


Tree=363
num_leaves=9
num_cat=3
split_feature=4 1 2 7 7 0 6 7
split_gain=0.0224101 0.0849016 0.212094 0.134968 0.0602366 0.120005 0.0628828 6.4613e-05
threshold=0 1 2 1.5000000000000002 2.5000000000000004 2.5000000000000004 2.5000000000000004 2.5000000000000004
decision_type=9 1 1 2 2 2 2 2
left_child=4 2 3 -2 5 6 -1 -4
right_child=1 -3 7 -5 -6 -7 -8 -9
leaf_value=0.0023825764552635482 0.0078264889633946431 0.0085681491935498035 -0.075630620416675953 -0.023837697176734046 0.01983126352882509 -0.023857365657361528 0.03065419000536463 -0.078056536539035326
leaf_weight=6.3435870061221049 3.3270333354594186 3.9729741401970387 0.20321359595982347 2.2609494929929497 1.9234643001109368 1.6687600106815805 0.89812597632408131 0.23882044875063002
leaf_count=176 271 23 41 136 21 60 5 12
internal_value=0.00063116 -0.00278182 -0.0102599 -0.00498513 0.00378237 0.000317962 0.00588886 -0.0769413
internal_weight=20.8369 10.003 6.03002 5.58798 10.8339 8.91047 7.24171 0.442034
internal_count=745 483 460 407 262 241 181 53
cat_boundaries=0 1 2 3
cat_threshold=2 1 1
is_linear=0
shrinkage=0.1


Tree=364
num_leaves=9
num_cat=5
split_feature=0 3 0 1 5 2 7 3
split_gain=0.0268579 0.0629028 0.447061 0.127187 0.0634734 0.0478508 0.0363452 0.0201775
threshold=3.5000000000000004 0 2.5000000000000004 1 2 3 1.5000000000000002 4
decision_type=2 1 2 1 1 1 2 1
left_child=1 2 6 -3 -5 -4 -1 -2
right_child=7 3 5 4 -6 -7 -8 -9
leaf_value=0.020293826924276892 -0.0026570407570825271 0.025692207254205068 -0.087738175508432104 -0.005923453249227423 0.0041443834040367604 -0.045919707975244688 -0.0061954024262471062 0.01174033259823358
leaf_weight=1.4434363986365499 1.4972326299757688 1.7776220431551337 0.55496127208607526 15.861568584223278 10.347097062258406 0.5397433199104853 0.80788050958653901 2.7823850987479091
leaf_count=49 35 21 16 178 365 27 16 38
internal_value=-0.000727352 -0.0017423 -0.0147006 -0.000193019 -0.0019487 -0.0671196 0.0107882 0.00670338
internal_weight=35.6119 31.3323 3.34602 27.9863 26.2087 1.0947 2.25132 4.27962
internal_count=745 672 108 564 543 43 65 73
cat_boundaries=0 1 2 3 4 5
cat_threshold=2 2 1 1 1
is_linear=0
shrinkage=0.1


Tree=365
num_leaves=9
num_cat=3
split_feature=0 3 0 0 4 5 6 6
split_gain=0.334109 0.046365 0.477491 0.351166 0.620423 0.331638 0.281754 1.818e-06
threshold=3.5000000000000004 0 2.5000000000000004 2.5000000000000004 1 2 1.5000000000000002 1.5000000000000002
decision_type=2 1 2 2 9 1 2 2
left_child=1 3 6 4 -1 -5 -3 -2
right_child=7 2 -4 5 -6 -7 -8 -9
leaf_value=0.037614762478836591 -0.077208016893495102 -0.066288280314138762 0.024247665494768898 -0.052001952492745987 -0.0195442424538529 0.018199067350103789 -0.0019383506338975399 -0.076841159707750864
leaf_weight=3.908618408953771 0.26704387042263888 1.0549544921668732 5.9894154579378664 2.1446623626397923 3.6933667018311116 0.98064406041521612 1.9165077931247649 0.27335961646167561
leaf_count=306 48 46 43 62 165 31 19 25
internal_value=0.00054962 0.00267883 0.00798843 -0.00175647 0.00984449 -0.0299746 -0.0247844 -0.0770224
internal_weight=20.2286 19.6882 8.96088 10.7273 7.60199 3.12531 2.97146 0.540403
internal_count=745 672 108 564 471 93 65 73
cat_boundaries=0 1 2 3
cat_threshold=1 4 2
is_linear=0
shrinkage=0.1


Tree=366
num_leaves=10
num_cat=3
split_feature=6 2 0 6 0 5 7 6 4
split_gain=0.0216498 0.0946032 0.353345 0.140628 0.0278432 0.437422 0.0295023 0.0757003 0.0435555
threshold=2.5000000000000004 0 2.5000000000000004 3.5000000000000004 3.5000000000000004 1 2.5000000000000004 1.5000000000000002 2
decision_type=2 1 2 2 2 1 2 2 9
left_child=4 2 3 -2 6 -6 8 -8 -1
right_child=1 -3 -4 -5 5 -7 7 -9 -10
leaf_value=0.0018585180406471041 0.01922593896179017 -0.0073453062058930554 0.059366882533622656 -0.029333629076953617 -0.036125266580708158 0.040690830660706605 -0.0053043206703327532 0.018956680752666551 -0.0058279999107853225
leaf_weight=18.694518462871201 1.1374784316867588 3.1646691933274269 1.2504471318097783 1.25368957221508 2.1489706716965875 1.1316894311457875 2.5346080207964397 2.6109912779647857 12.171769506006969
leaf_count=318 31 17 37 13 31 27 45 23 203
internal_value=9.45607e-05 0.0053015 0.0162919 -0.00623385 -0.000807389 -0.00962695 -3.93252e-06 0.00700625 -0.00117257
internal_weight=46.0988 6.80628 3.64162 2.39117 39.2925 3.28066 36.0119 5.1456 30.8663
internal_count=745 98 81 44 647 58 589 68 521
cat_boundaries=0 1 2 3
cat_threshold=1 1 4
is_linear=0
shrinkage=0.1


Tree=367
num_leaves=11
num_cat=3
split_feature=4 1 2 7 0 6 6 6 0 7
split_gain=0.0254443 0.073394 0.195083 0.116212 0.050984 0.149366 0.101539 0.0198766 0.0123553 5.08722e-05
threshold=0 1 2 1.5000000000000002 2.5000000000000004 1.5000000000000002 2.5000000000000004 1.5000000000000002 3.5000000000000004 2.5000000000000004
decision_type=9 1 1 2 2 2 2 2 2 2
left_child=4 2 3 -2 6 8 7 -1 -6 -4
right_child=1 -3 9 -5 5 -7 -8 -9 -10 -11
leaf_value=-0.00055145403539212385 0.0065034469653279282 0.0074316768946726163 -0.075588619181894925 -0.022902021644697387 -0.0011446546706807047 -0.042078539716738979 0.037199421808157183 0.010289315175740686 0.016399952477807303 -0.077826012157095045
leaf_weight=4.5164051620813535 3.3670094781264197 3.9616552591323853 0.18909855198580761 2.2368414060183568 0.68735108920373134 0.87081076018512238 1.0210403203964231 2.7038446115329862 0.96479008888127282 0.219686207419727
leaf_count=161 271 23 41 136 27 25 7 21 21 12
internal_value=0.000502699 -0.00313609 -0.0100991 -0.00523408 0.00387445 -0.00856406 0.00768232 0.00350821 0.00910075 -0.076791
internal_weight=20.7385 9.97429 6.01264 5.60385 10.7642 2.52295 8.24129 7.22025 1.65214 0.408785
internal_count=745 483 460 407 262 73 189 182 48 53
cat_boundaries=0 1 2 3
cat_threshold=2 1 1
is_linear=0
shrinkage=0.1


Tree=368
num_leaves=13
num_cat=8
split_feature=7 4 5 5 3 4 5 0 5 0 3 0
split_gain=0.020923 0.0814072 1.51145 0.439748 0.140282 0.0507072 0.339981 0.29639 0.237287 0.262046 0.192639 0.000125897
threshold=1.5000000000000002 0 1 2 3 4 5 2.5000000000000004 6 3.5000000000000004 7 2.5000000000000004
decision_type=2 9 1 1 1 9 1 2 1 2 1 2
left_child=5 2 4 -3 -2 8 7 -7 9 -1 -8 -5
right_child=1 3 -4 11 -6 6 10 -9 -10 -11 -12 -13
leaf_value=0.025435511287426896 -0.075797352945900287 0.022983423376506693 0.094376379583459596 -0.029562787029754786 -0.021610459356455249 -0.0032973952274845046 -0.055789891988887057 0.037280741572464887 -0.011839267136982022 -0.033229404476784061 -0.0057096759028935178 -0.030650237049038933
leaf_weight=5.7993937220890075 0.90410480217542499 2.4481625854969025 1.2439880669116974 2.4524479836691153 1.0131474348090703 9.0090378529857862 1.6613769037649009 2.249479408375918 4.5711489450186491 0.87648816406726826 1.4285338963381946 1.8813209960935635
leaf_count=157 132 12 4 25 32 135 115 39 27 16 26 25
internal_value=-0.000825567 -0.00471854 0.00853455 -0.0108962 -0.047163 0.000686751 -0.00325392 0.00481022 0.00571407 0.0177333 -0.0326367 -0.0300349
internal_weight=35.5386 9.94317 3.16124 6.78193 1.91725 25.5955 14.3484 11.2585 11.247 6.67588 3.08991 4.33377
internal_count=745 230 168 62 164 515 315 174 200 173 141 50
cat_boundaries=0 1 2 3 4 5 6 7 8
cat_threshold=4 2 2 1 2 1 2 1
is_linear=0
shrinkage=0.1


Tree=369
num_leaves=6
num_cat=2
split_feature=6 7 0 2 2
split_gain=0.070539 0.0498374 0.0795813 1.16808 0.149776
threshold=4.5000000000000009 4.5000000000000009 1.5000000000000002 0 1
decision_type=2 2 2 1 1
left_child=1 2 3 -1 -4
right_child=-2 -3 4 -5 -6
leaf_value=0.020535941310313912 0.031446544138889039 0.025677379691477445 0.014703153661014511 -0.076930862235316796 -0.0067933105777069139
leaf_weight=3.7209015488624573 0.70916533190756936 0.69272087328135867 5.75511862050916 1.8364452803798563 7.4201422152109497
leaf_count=13 18 16 370 251 77
internal_value=0.000468451 -0.000662474 -0.00163651 -0.0116723 0.00259661
internal_weight=20.1345 19.4253 18.7326 5.55735 13.1753
internal_count=745 727 711 264 447
cat_boundaries=0 1 2
cat_threshold=2 1
is_linear=0
shrinkage=0.1


Tree=370
num_leaves=9
num_cat=3
split_feature=6 2 7 0 5 7 6 4
split_gain=0.0207021 0.0794275 0.333863 0.025513 0.370552 0.0213145 0.076617 0.0406268
threshold=2.5000000000000004 0 1.5000000000000002 3.5000000000000004 1 2.5000000000000004 1.5000000000000002 2
decision_type=2 1 2 2 1 2 2 9
left_child=3 2 -2 5 -5 7 -7 -1
right_child=1 -3 -4 4 -6 6 -8 -9
leaf_value=0.0019993460819150064 -0.020422310637760024 -0.0063341573429182146 0.041335068261536496 0.036228068691893975 -0.034369326464937802 -0.0063398623218321225 0.018109662790719044 -0.0054239278191783799
leaf_weight=18.762256544199772 1.5069212268572294 3.1301267072558403 2.0886700801784173 1.1556447315961123 2.0846320118289432 2.5304552030283949 2.5971889668144286 12.144954570045231
leaf_count=318 51 17 30 27 31 45 23 203
internal_value=0.000186595 0.00531301 0.0154524 -0.000691284 -0.00919076 7.2995e-05 0.006044 -0.000917621
internal_weight=46.0009 6.72572 3.59559 39.2751 3.24028 36.0349 5.12764 30.9072
internal_count=745 98 81 647 58 589 68 521
cat_boundaries=0 1 2 3
cat_threshold=1 2 4
is_linear=0
shrinkage=0.1


Tree=371
num_leaves=7
num_cat=1
split_feature=7 0 2 6 0 6
split_gain=0.0270776 0.0157955 0.0389243 0.292323 0.176967 0.022228
threshold=3.5000000000000004 3.5000000000000004 0 1.5000000000000002 2.5000000000000004 1.5000000000000002
decision_type=2 2 1 2 2 2
left_child=1 2 3 -1 -4 -3
right_child=-2 5 4 -5 -6 -7
leaf_value=0.053829102284512778 0.018891651718539043 0.015710261999178462 -0.00017561924343473717 -0.016265041348191112 -0.044362131413033051 -0.009324266194623303
leaf_weight=0.96206545201130245 0.77452929702121665 1.2897455206839357 14.644760507042527 1.559312609140761 0.96618437778670418 0.4891893129388335
leaf_count=42 34 46 488 30 80 25
internal_value=0.000547428 -0.000166145 -0.00104835 0.0104803 -0.00291039 0.00882602
internal_weight=20.6858 19.9113 18.1323 2.52138 15.6109 1.77893
internal_count=745 711 640 72 568 71
cat_boundaries=0 1
cat_threshold=2
is_linear=0
shrinkage=0.1


Tree=372
num_leaves=10
num_cat=5
split_feature=0 3 0 1 5 2 7 6 3
split_gain=0.0267404 0.0514772 0.378492 0.125005 0.0441651 0.041928 0.0326412 0.0193726 0.0347485
threshold=3.5000000000000004 0 2.5000000000000004 1 2 3 1.5000000000000002 1.5000000000000002 4
decision_type=2 1 2 1 1 1 2 2 1
left_child=1 2 6 -3 -5 -4 -1 8 -2
right_child=7 3 5 4 -6 -7 -8 -9 -10
leaf_value=0.018594301413691918 0.00052644250501389519 0.025297795683740871 -0.083453728913634062 -0.0054726305310370876 0.0029952532604040618 -0.043281960482149245 -0.0065832088199043104 -0.0032684930839108626 0.02247792616929396
leaf_weight=1.4266355710569771 1.4751660156180144 1.767046089284122 0.52434918217477411 15.890000183775555 10.057915344412329 0.51498949923552573 0.80573799984995265 1.3465516366995869 1.410753301810473
leaf_count=49 26 21 16 178 365 27 16 25 22
internal_value=-0.000819759 -0.00183813 -0.013701 -0.000437732 -0.00219031 -0.0635487 0.0095069 0.00663589 0.0112572
internal_weight=35.2191 30.9867 3.27171 27.715 25.9479 1.03934 2.23237 4.23247 2.88592
internal_count=745 672 108 564 543 43 65 73 48
cat_boundaries=0 1 2 3 4 5
cat_threshold=2 2 1 1 1
is_linear=0
shrinkage=0.1


Tree=373
num_leaves=6
num_cat=2
split_feature=6 7 0 2 2
split_gain=0.0625753 0.0448153 0.0664979 1.08875 0.129305
threshold=4.5000000000000009 4.5000000000000009 1.5000000000000002 0 1
decision_type=2 2 2 1 1
left_child=1 2 3 -1 -4
right_child=-2 -3 4 -5 -6
leaf_value=0.019653552450439361 0.030329759875095438 0.024853038028404315 0.013794747254904954 -0.076806857689230457 -0.0061530750887101001
leaf_weight=3.7383095026016235 0.6900965915992846 0.68246885575353999 5.7894547004398138 1.7032479698828034 7.4070791915291974
leaf_count=13 18 16 370 251 77
internal_value=0.000741084 -0.000315772 -0.00123738 -0.0105393 0.00259824
internal_weight=20.0107 19.3206 18.6381 5.44156 13.1965
internal_count=745 727 711 264 447
cat_boundaries=0 1 2
cat_threshold=2 1
is_linear=0
shrinkage=0.1


Tree=374
num_leaves=10
num_cat=5
split_feature=6 2 0 6 0 5 5 4 4
split_gain=0.0174383 0.0761205 0.297531 0.119391 0.0252114 0.300661 0.0207314 0.929892 0.275187
threshold=2.5000000000000004 0 2.5000000000000004 3.5000000000000004 3.5000000000000004 1 2 3 4
decision_type=2 1 2 2 2 1 1 9 9
left_child=4 2 3 -2 6 -6 7 -1 -8
right_child=1 -3 -4 -5 5 -7 8 -9 -10
leaf_value=-0.04693552025490242 0.018035538074529504 -0.006598116391886075 0.056056201818758589 -0.026793881304778458 -0.032720618144175755 0.030562334478938219 -0.010594892518065509 0.0097668876280971907 0.013689968898448167
leaf_weight=3.6915894210978877 1.1316834902390835 3.1279444433748722 1.17140858375933 1.250569976866245 2.0225963757839045 1.1939407642930748 8.7824791580205783 13.356399230076933 9.9554984793066978
leaf_count=169 31 17 37 13 31 27 161 216 43
internal_value=5.82896e-05 0.00477865 0.0147925 -0.00549778 -0.000750366 -0.00923073 1.18712e-05 -0.00251151 0.00230767
internal_weight=45.6841 6.68161 3.55366 2.38225 39.0025 3.21654 35.786 17.048 18.738
internal_count=745 98 81 44 647 58 589 385 204
cat_boundaries=0 1 2 3 4 5
cat_threshold=1 1 2 2 4
is_linear=0
shrinkage=0.1


Tree=375
num_leaves=9
num_cat=3
split_feature=4 1 2 7 7 0 6 7
split_gain=0.0294548 0.0664711 0.184305 0.101923 0.0633827 0.127576 0.0643897 4.70372e-05
threshold=0 1 2 1.5000000000000002 2.5000000000000004 2.5000000000000004 2.5000000000000004 2.5000000000000004
decision_type=9 1 1 2 2 2 2 2
left_child=4 2 3 -2 5 6 -1 -4
right_child=1 -3 7 -5 -6 -7 -8 -9
leaf_value=0.0029068365864474885 0.0054937988865664325 0.0067514243633973563 -0.075548507283837635 -0.022070085588981631 0.020978823579139584 -0.024329105833548845 0.031836621112008835 -0.077762566252436785
leaf_weight=6.2989185210608394 3.3979191889520735 3.9226348102092743 0.17637263546930615 2.2166141133930068 1.8585617784410722 1.65907163079828 0.87639690190553654 0.21044442860875279
leaf_count=176 271 23 41 136 21 60 5 12
internal_value=0.000551913 -0.00337157 -0.00998821 -0.0053884 0.00419324 0.000661926 0.00644034 -0.076753
internal_weight=20.6169 9.92399 6.00135 5.61453 10.6929 8.83439 7.17532 0.386817
internal_count=745 483 460 407 262 241 181 53
cat_boundaries=0 1 2 3
cat_threshold=2 1 1
is_linear=0
shrinkage=0.1


Tree=376
num_leaves=10
num_cat=4
split_feature=1 7 4 5 0 4 0 0 7
split_gain=0.0274115 0.0266697 0.128346 1.26575 0.625417 0.0577647 0.254774 0.217777 0.00480721
threshold=0 1.5000000000000002 1 2 2.5000000000000004 3 2.5000000000000004 3.5000000000000004 1.5000000000000002
decision_type=1 2 9 1 2 9 2 2 2
left_child=1 5 3 -3 -4 7 -7 -1 -2
right_child=8 2 4 -5 -6 6 -8 -9 -10
leaf_value=0.012311879827485977 0.013232985384064026 -0.044877207376709388 -0.04846103319555832 0.086663490078176267 0.020709921015632189 -0.011420073223705848 0.021951265369186221 -0.025988320825339112 0.00473213396500649
leaf_weight=8.3313043732196075 1.215176751953549 1.76591923244996 2.8089012142445409 1.2488512396812439 2.4448822017293423 10.950626690639181 2.8919105995155414 1.8065164536237723 1.4698841975186949
leaf_count=171 26 156 24 4 26 223 77 18 20
internal_value=-0.00112849 -0.00193677 -0.00683416 0.00961277 -0.0162719 -0.000248127 -0.00444831 0.00548695 0.00857936
internal_weight=34.934 32.2489 8.26855 3.01477 5.25378 23.9804 13.8425 10.1378 2.68506
internal_count=745 699 210 160 50 489 300 189 46
cat_boundaries=0 1 2 3 4
cat_threshold=1 4 2 2
is_linear=0
shrinkage=0.1


Tree=377
num_leaves=6
num_cat=2
split_feature=6 7 0 2 2
split_gain=0.0637733 0.040987 0.0556171 1.00533 0.11019
threshold=4.5000000000000009 4.5000000000000009 1.5000000000000002 0 1
decision_type=2 2 2 1 1
left_child=1 2 3 -1 -4
right_child=-2 -3 4 -5 -6
leaf_value=0.018423093501057926 0.030833879863956505 0.024032084275517767 0.012648996981153366 -0.076685325217851319 -0.0057373430530019507
leaf_weight=3.7543689906597137 0.68428350985050101 0.67180979624390502 5.8277687699883192 1.5787683820817697 7.3963202190352657
leaf_count=13 18 16 370 251 77
internal_value=0.00083477 -0.000232777 -0.00111122 -0.00973185 0.0023654
internal_weight=19.9133 19.229 18.5572 5.33314 13.2241
internal_count=745 727 711 264 447
cat_boundaries=0 1 2
cat_threshold=2 1
is_linear=0
shrinkage=0.1


Tree=378
num_leaves=10
num_cat=4
split_feature=2 6 7 0 3 3 3 6 7
split_gain=0.0197601 0.0722623 0.283882 0.0513624 0.861223 0.156383 0.00898229 0.0781446 0.138639
threshold=0 2.5000000000000004 1.5000000000000002 1.5000000000000002 1 2 3 2.5000000000000004 2.5000000000000004
decision_type=1 2 2 2 1 1 1 2 2
left_child=1 3 -3 4 -1 -5 -2 8 -8
right_child=6 2 -4 5 -6 -7 7 -9 -10
leaf_value=0.013865345254072972 0.00086960787912744662 -0.018076877082262553 0.039302215770099506 0.017038318327033352 -0.086602525851654732 -0.006979134059302664 0.020224850794020192 -0.01904375938786498 -0.014462915645538865
leaf_weight=9.9417499112896639 2.9595182496122998 1.5057412370806553 2.0175914419814944 3.2097146500600502 0.93332019230001506 17.44949303986505 2.2278825283283368 2.7364591211080551 2.3864016309380531
leaf_count=218 35 51 30 45 28 283 35 11 9
internal_value=6.62546e-05 0.00119804 0.0147805 -0.000319535 0.00524299 -0.00324767 -0.00378211 -0.00565497 0.00228514
internal_weight=45.3679 35.0576 3.52333 31.5343 10.8751 20.6592 10.3103 7.35074 4.61428
internal_count=745 655 81 574 246 328 90 55 44
cat_boundaries=0 1 2 3 4
cat_threshold=1 1 2 1
is_linear=0
shrinkage=0.1


Tree=379
num_leaves=9
num_cat=3
split_feature=4 1 2 7 7 0 6 7
split_gain=0.0296456 0.0608435 0.173365 0.0878071 0.0540457 0.109754 0.0561738 3.79335e-05
threshold=0 1 2 1.5000000000000002 2.5000000000000004 2.5000000000000004 2.5000000000000004 2.5000000000000004
decision_type=9 1 1 2 2 2 2 2
left_child=4 2 3 -2 5 6 -1 -4
right_child=1 -3 7 -5 -6 -7 -8 -9
leaf_value=0.0033673828905496591 0.0050334715973921508 0.0067158123508155509 -0.075512231741868135 -0.020583011427420493 0.020190621566422706 -0.022213562463667375 0.03042687866707457 -0.077573816679009255
leaf_weight=6.2803299667721131 3.4121897957666079 3.9146610088646412 0.16443059715675179 2.2013916606956627 1.8454354498535401 1.6116236519301308 0.87393080443143834 0.19521392328897491
leaf_count=176 271 23 41 136 21 60 5 12
internal_value=0.000965591 -0.00297394 -0.00932429 -0.00501215 0.00463654 0.00136203 0.00667284 -0.0766313
internal_weight=20.4992 9.88789 5.97323 5.61358 10.6113 8.76588 7.15426 0.359645
internal_count=745 483 460 407 262 241 181 53
cat_boundaries=0 1 2 3
cat_threshold=2 1 1
is_linear=0
shrinkage=0.1


Tree=380
num_leaves=10
num_cat=4
split_feature=1 7 0 5 0 4 5 0 7
split_gain=0.0258069 0.0247726 0.133526 0.113305 0.0637248 0.054774 0.264167 0.183289 0.00424024
threshold=0 1.5000000000000002 1.5000000000000002 1 3.5000000000000004 2 3 3.5000000000000004 1.5000000000000002
decision_type=1 2 2 1 2 9 1 2 2
left_child=1 5 3 -3 -4 7 -7 -1 -2
right_child=8 2 4 -5 -6 6 -8 -9 -10
leaf_value=0.011691203227884649 0.012756662972908825 -0.0048131860507170145 -0.022148357168072064 0.036120476567056206 0.0037509409855314237 0.0028441556790950511 -0.03093592067972796 -0.023124678564037396 0.0047601839145316512
leaf_weight=8.3055213635088858 1.2102274277713143 1.7781918960972689 4.0343299874621152 1.0911771543323976 1.2426424838486125 10.923768355743961 2.9375921739701853 1.848674193024636 1.4668563622981308
leaf_count=171 26 55 127 7 21 166 134 18 20
internal_value=-0.00105839 -0.00184362 -0.00660881 0.0107533 -0.0160495 -0.000227214 -0.00431474 0.00535262 0.00837515
internal_weight=34.839 32.1619 8.14634 2.86937 5.27697 24.0156 13.8614 10.1542 2.67708
internal_count=745 699 210 62 148 489 300 189 46
cat_boundaries=0 1 2 3 4
cat_threshold=1 2 2 1
is_linear=0
shrinkage=0.1


Tree=381
num_leaves=8
num_cat=2
split_feature=6 7 1 6 0 5 0
split_gain=0.0587195 0.0371972 0.139008 0.138487 0.402285 0.156354 0.126987
threshold=4.5000000000000009 1.5000000000000002 0 1.5000000000000002 1.5000000000000002 1 2.5000000000000004
decision_type=2 2 1 2 2 1 2
left_child=1 3 6 4 -1 -5 -3
right_child=-2 2 -4 5 -6 -7 -8
leaf_value=0.00026152188799504064 0.029818332194817922 0.02111700345029105 -0.026765754270400368 -0.0055738336588699953 -0.075765617863722157 0.032163830471548173 -0.0028711821761952683
leaf_weight=2.5370855962100962 0.66762286238372226 4.1181517350487393 1.2987670195288945 3.9654772409121506 0.9590741865831659 1.5182351274415848 4.7547219594707713
leaf_count=141 18 133 20 125 198 38 72
internal_value=0.00066523 -0.000351049 0.00378984 -0.0050415 -0.0205944 0.00487432 0.00826241
internal_weight=19.8191 19.1515 10.1716 8.97987 3.49616 5.48371 8.87287
internal_count=745 727 225 502 339 163 205
cat_boundaries=0 1 2
cat_threshold=1 2
is_linear=0
shrinkage=0.1


Tree=382
num_leaves=10
num_cat=3
split_feature=6 2 0 6 0 5 0 4 7
split_gain=0.0198328 0.0683894 0.268962 0.107815 0.0275617 0.249592 0.022579 0.375041 0.0637027
threshold=2.5000000000000004 0 2.5000000000000004 3.5000000000000004 3.5000000000000004 1 2.5000000000000004 2 1.5000000000000002
decision_type=2 1 2 2 2 1 2 9 2
left_child=4 2 3 -2 6 -6 8 -8 -1
right_child=1 -3 -4 -5 5 -7 7 -9 -10
leaf_value=0.0025947057621929846 0.018025086617653084 -0.0056348602693498109 0.055136243005485322 -0.024675992839956425 0.025665159525366372 -0.031656225749005937 0.017482070067334484 -0.03140615114489502 -0.0072641279275538588
leaf_weight=16.383781852782707 1.1297948076389728 3.1077758446335793 1.1203487457241861 1.2405390962958334 1.2330407593399286 1.9784732025582334 5.9829503471264616 2.1270342096686345 10.923884867923332
leaf_count=358 31 17 37 13 27 31 71 30 130
internal_value=8.79826e-05 0.0051547 0.0147607 -0.00432297 -0.000777491 -0.00964804 2.68509e-05 0.00465998 -0.00134912
internal_weight=45.2276 6.59846 3.49068 2.37033 38.6292 3.21151 35.4177 8.10998 27.3077
internal_count=745 98 81 44 647 58 589 101 488
cat_boundaries=0 1 2 3
cat_threshold=1 2 4
is_linear=0
shrinkage=0.1


Tree=383
num_leaves=12
num_cat=3
split_feature=4 6 0 6 3 0 7 0 6 7 3
split_gain=0.031367 0.0603129 0.251199 0.424503 0.226533 0.113962 0.0461551 0.089467 0.0577929 0.0393639 0.0042865
threshold=0 1.5000000000000002 1.5000000000000002 2.5000000000000004 1 1.5000000000000002 2.5000000000000004 2.5000000000000004 2.5000000000000004 2.5000000000000004 2
decision_type=9 2 2 2 1 2 2 2 2 2 1
left_child=6 4 10 -4 5 -2 7 8 -1 -6 -3
right_child=1 2 3 -5 9 -7 -8 -9 -10 -11 -12
leaf_value=0.0031052575102156884 -0.038216474448467777 0.015682838235730853 -0.065460861457834182 0.0055891489427915934 0.041296150066036784 0.0050271512866632197 0.019107832157950866 -0.019960434276695433 0.030637922792970246 0.015218774671642463 0.025732961704335866
leaf_weight=6.2950292663299461 1.2029206820297988 0.84056327049620427 1.5275312563462651 1.870802628174715 1.0790388479945252 1.2351805573562158 1.847296746447683 1.563948158174753 0.86744866520166386 1.2487602196633814 0.85713751614093781
leaf_count=176 108 50 62 70 33 139 21 60 5 16 5
internal_value=0.000964483 -0.00309223 -0.010655 -0.0263474 0.0049944 -0.0163086 0.00474812 0.00170831 0.00643974 0.0273068 0.020757
internal_weight=20.4357 9.86193 5.09603 3.39833 4.7659 2.4381 10.5737 8.72643 7.16248 2.3278 1.6977
internal_count=745 483 187 132 296 247 262 241 181 49 55
cat_boundaries=0 1 2 3
cat_threshold=2 1 1
is_linear=0
shrinkage=0.1


Tree=384
num_leaves=10
num_cat=3
split_feature=1 7 0 5 0 4 0 0 7
split_gain=0.0210466 0.0221184 0.121608 0.089435 0.050258 0.0441654 0.225418 0.16775 0.00380704
threshold=0 1.5000000000000002 1.5000000000000002 1 3.5000000000000004 2 2.5000000000000004 2.5000000000000004 1.5000000000000002
decision_type=1 2 2 1 2 9 2 2 2
left_child=1 5 3 -3 -4 7 -7 -1 -2
right_child=8 2 4 -5 -6 6 -8 -9 -10
leaf_value=0.012236515210827985 0.01160464979513715 -0.0036800010170162066 -0.020806774243862833 0.032587087399381695 0.0023348815263725428 -0.010463300745015738 0.02119370107776514 -0.017332351224512699 0.0040181649455394873
leaf_weight=7.5629585387650877 1.2018318491755047 1.7776714062783867 4.012017198594549 1.1011454854160529 1.2250058460049329 10.951308092917314 2.8307164968646257 2.5708280298858881 1.4711626938660627
leaf_count=152 26 55 127 7 21 223 77 37 20
internal_value=-0.00109568 -0.00180707 -0.00631797 0.0101921 -0.0153936 -0.00027629 -0.00396121 0.00473523 0.0074292
internal_weight=34.7046 32.0317 8.11584 2.87882 5.23702 23.9158 13.782 10.1338 2.67299
internal_count=745 699 210 62 148 489 300 189 46
cat_boundaries=0 1 2 3
cat_threshold=1 2 2
is_linear=0
shrinkage=0.1


Tree=385
num_leaves=6
num_cat=2
split_feature=6 7 0 2 2
split_gain=0.0609396 0.0368395 0.0509502 0.937973 0.0912386
threshold=4.5000000000000009 4.5000000000000009 1.5000000000000002 0 1
decision_type=2 2 2 1 1
left_child=1 2 3 -1 -4
right_child=-2 -3 4 -5 -6
leaf_value=0.017103262235675248 0.030585140327285255 0.023151557815348577 0.011564029969876108 -0.076652525245643574 -0.0051612158770981392
leaf_weight=3.7814258933067322 0.66474363394081493 0.65177395474165578 5.8746153594547597 1.4865629556588906 7.3328805995406636
leaf_count=13 18 16 370 251 77
internal_value=0.000820252 -0.000214189 -0.00103848 -0.00935349 0.00227807
internal_weight=19.792 19.1273 18.4755 5.26799 13.2075
internal_count=745 727 711 264 447
cat_boundaries=0 1 2
cat_threshold=2 1
is_linear=0
shrinkage=0.1


Tree=386
num_leaves=9
num_cat=2
split_feature=2 6 7 7 6 5 0 7
split_gain=0.0230399 0.068099 0.243882 0.0408531 0.139679 0.114041 0.0125078 0.376101
threshold=0 2.5000000000000004 1.5000000000000002 1.5000000000000002 1.5000000000000002 1 2.5000000000000004 1.5000000000000002
decision_type=1 2 2 2 2 1 2 2
left_child=1 3 -3 5 -5 -1 -2 -8
right_child=6 2 -4 4 -6 -7 7 -9
leaf_value=0.013835486060474481 0.0002112068006058544 -0.015628383844252244 0.037925015116509267 -0.0088254760508823804 0.024254864457851084 -0.0025464791358091568 -0.034147337699422083 0.015477830303800722
leaf_weight=6.243203866208205 4.1493218415416759 1.5036318695638322 1.9572906473185865 10.382326467079107 1.4553329804912216 13.306450756383134 2.7804244060534984 3.3883449025452137
leaf_count=224 37 51 30 149 20 181 32 21
internal_value=0.000116692 0.00134566 0.0146582 -0.000122244 -0.00475855 0.00268512 -0.00403403 -0.00688952
internal_weight=45.1663 34.8482 3.46092 31.3873 11.8377 19.5497 10.3181 6.16877
internal_count=745 655 81 574 169 405 90 53
cat_boundaries=0 1 2
cat_threshold=1 2
is_linear=0
shrinkage=0.1


Tree=387
num_leaves=6
num_cat=1
split_feature=7 0 2 6 0
split_gain=0.0288178 0.0328309 0.0409447 0.243339 0.148563
threshold=3.5000000000000004 3.5000000000000004 0 1.5000000000000002 2.5000000000000004
decision_type=2 2 1 2 2
left_child=1 2 3 -1 -4
right_child=-2 -3 4 -5 -6
leaf_value=0.052051410947866909 0.020501109210087687 0.013393948645726683 -0.0006230037324388998 -0.01345032572950638 -0.042445200113568227
leaf_weight=0.903053647023626 0.71713342855218698 1.695514311781152 14.627750096260577 1.524826925829984 0.90173144783329995
leaf_count=42 34 71 488 30 80
internal_value=0.000811003 9.25114e-05 -0.0011634 0.0109131 -0.00305144
internal_weight=20.37 19.6529 17.9574 2.42788 15.5295
internal_count=745 711 640 72 568
cat_boundaries=0 1
cat_threshold=2
is_linear=0
shrinkage=0.1


Tree=388
num_leaves=9
num_cat=5
split_feature=0 5 3 0 1 5 2 7
split_gain=0.0235121 0.177842 0.0386069 0.363628 0.0998138 0.0443427 0.0358257 0.0266515
threshold=3.5000000000000004 0 1 2.5000000000000004 2 3 4 1.5000000000000002
decision_type=2 1 1 2 1 1 1 2
left_child=2 -2 3 7 -4 -6 -5 -1
right_child=1 -3 4 6 5 -7 -8 -9
leaf_value=0.018546855790819931 0.018992064072584702 -0.026668922970468509 0.022284572169114579 -0.081308826683652038 -0.0056104554038259591 0.0029605733332832922 -0.043258024555203181 -0.0043785926681944006
leaf_weight=1.4049078093376017 2.9996982170268884 1.1919270536454858 1.7579743871465325 0.50618318452688971 15.857659951259848 9.7457349208998565 0.48406440817052498 0.79349831130821247
leaf_count=49 35 38 21 16 178 365 27 16
internal_value=-0.00101525 0.00600794 -0.00197887 -0.0123923 -0.000765313 -0.00234796 -0.0627084 0.0102721
internal_weight=34.7416 4.19163 30.55 3.18865 27.3614 25.6034 0.990248 2.19841
internal_count=745 73 672 108 564 543 43 65
cat_boundaries=0 1 2 3 4 5
cat_threshold=1 2 2 1 1
is_linear=0
shrinkage=0.1


Tree=389
num_leaves=8
num_cat=3
split_feature=6 7 1 5 6 0 5
split_gain=0.0554859 0.0366409 0.113662 0.122894 0.111742 0.38451 0.131606
threshold=4.5000000000000009 1.5000000000000002 0 1 1.5000000000000002 1.5000000000000002 2
decision_type=2 2 1 1 2 2 1
left_child=1 4 3 -3 5 -1 -6
right_child=-2 2 -4 -5 6 -7 -8
leaf_value=0.00079972656013036218 0.029487453005569361 0.013028030181480979 -0.024403094995371861 -0.018412895545883635 -0.0058411237078083563 -0.075707686080281 0.028549056682074248
leaf_weight=2.5147286537103413 0.64831547997891803 7.4502713101101108 1.2507452187128354 1.4921865713549758 3.9382200521649793 0.88917225135082834 1.5510238027200101
leaf_count=141 18 166 20 39 125 198 38
internal_value=0.000717142 -0.000260113 0.00383244 0.00778163 -0.00495094 -0.0191857 0.00387606
internal_weight=19.7347 19.0863 10.1932 8.94246 8.89314 3.4039 5.48924
internal_count=745 727 225 205 502 339 163
cat_boundaries=0 1 2 3
cat_threshold=1 2 2
is_linear=0
shrinkage=0.1


Tree=390
num_leaves=8
num_cat=2
split_feature=6 2 6 1 6 0 0
split_gain=0.0198858 0.0561819 0.21337 0.24627 0.043689 0.0393384 0.030877
threshold=3.5000000000000004 0 2.5000000000000004 1 2.5000000000000004 1.5000000000000002 2.5000000000000004
decision_type=2 1 2 1 2 2 2
left_child=1 2 5 -4 6 -1 -3
right_child=-2 4 3 -5 -6 -7 -8
leaf_value=0.0046471256527730737 0.0093467561047836378 -0.010333394691485665 0.07935896462412334 0.0011623879318102945 -0.017827956401910434 -0.0028106861049399657 0.0028629150910498662
leaf_weight=10.76128906325903 2.1963525582104912 3.1631396376760659 0.74229720828588941 0.88046599179506302 2.7124849483370781 20.635525761288591 4.0347684975713491
leaf_count=246 38 33 45 4 11 328 40
internal_value=6.5957e-05 -0.000408861 0.00157302 0.0369317 -0.00701212 -0.000254514 -0.00293624
internal_weight=45.1263 42.93 33.0196 1.62276 9.91039 31.3968 7.19791
internal_count=745 707 623 49 84 574 73
cat_boundaries=0 1 2
cat_threshold=1 1
is_linear=0
shrinkage=0.1


Tree=391
num_leaves=9
num_cat=3
split_feature=4 1 2 7 7 0 6 7
split_gain=0.0355857 0.0764381 0.160285 0.0816338 0.0424448 0.0785209 0.0632244 3.81842e-05
threshold=0 1 2 1.5000000000000002 2.5000000000000004 2.5000000000000004 2.5000000000000004 2.5000000000000004
decision_type=9 1 1 2 2 2 2 2
left_child=4 2 3 -2 5 6 -1 -4
right_child=1 -3 7 -5 -6 -7 -8 -9
leaf_value=0.0029597870521001542 0.0030629715617474353 0.0075718368418158342 -0.075495695048802935 -0.021707619872213813 0.018810517748219652 -0.018519873421720994 0.031931224564252188 -0.077608759842618127
leaf_weight=6.2914673334453237 3.4614696168719092 3.8373859748244286 0.15603495540563006 2.1610724545680569 1.822802251204849 1.5319471732946111 0.85571144521236409 0.18922888248926029
leaf_count=176 271 23 41 136 21 60 5 12
internal_value=0.000893412 -0.0034389 -0.010519 -0.00645782 0.0049383 0.00202484 0.00642846 -0.0766538
internal_weight=20.3071 9.80519 5.96781 5.62254 10.5019 8.67913 7.14718 0.345264
internal_count=745 483 460 407 262 241 181 53
cat_boundaries=0 1 2 3
cat_threshold=2 1 1
is_linear=0
shrinkage=0.1


Tree=392
num_leaves=13
num_cat=8
split_feature=7 4 5 5 3 4 5 5 0 3 0 0
split_gain=0.0190243 0.0650499 1.10707 0.447096 0.145734 0.0293699 0.277094 0.206809 0.198605 0.158084 0.11637 0.00311035
threshold=1.5000000000000002 0 1 2 3 4 5 6 2.5000000000000004 7 3.5000000000000004 2.5000000000000004
decision_type=2 9 1 1 1 9 1 1 2 1 2 2
left_child=5 2 4 -3 -2 7 8 10 -7 -8 -1 -5
right_child=1 3 -4 11 -6 6 9 -9 -10 -11 -12 -13
leaf_value=0.021585864914391864 -0.075695996273606847 0.023748601658571747 0.079902812946934604 -0.02797545270030153 -0.017679724625307081 -0.0017434197447737225 -0.051953146702696275 -0.012069236566161826 0.032702051854759016 -0.0055730003490890179 -0.015132950472188511 -0.033511864104430175
leaf_weight=5.4448301409138367 0.78645250709087122 2.4201214984059334 1.2349433898925781 2.3624138789309637 0.96331259874568786 9.081810667645188 1.5442415918878369 4.5438419412821531 2.0521164094097903 1.4021851116558537 1.0256943069398401 1.7787785058608276
leaf_count=157 132 12 4 25 32 135 115 27 39 26 16 25
internal_value=-0.00103089 -0.00483052 0.00740878 -0.0103981 -0.0437558 0.000414482 -0.00261127 0.00428249 0.00460529 -0.0298811 0.0157653 -0.0303535
internal_weight=34.6407 9.54602 2.98471 6.56131 1.74977 25.0947 14.0804 11.0144 11.1339 2.94643 6.47052 4.14119
internal_count=745 230 168 62 164 515 315 200 174 141 173 50
cat_boundaries=0 1 2 3 4 5 6 7 8
cat_threshold=4 2 2 1 2 1 2 1
is_linear=0
shrinkage=0.1


Tree=393
num_leaves=6
num_cat=2
split_feature=6 7 0 2 5
split_gain=0.0511534 0.033436 0.0428598 0.862468 0.0828593
threshold=4.5000000000000009 4.5000000000000009 1.5000000000000002 0 1
decision_type=2 2 2 1 1
left_child=1 2 3 -1 -4
right_child=-2 -3 4 -5 -6
leaf_value=0.0155245624106121 0.028070362858874862 0.021991234732621205 0.014721805665430436 -0.076559247062058758 -0.0031612361027661528
leaf_weight=3.8087394386529922 0.64351142477244039 0.63342283433303137 3.5471815628115957 1.3877248790813688 9.6111754551820976
leaf_count=13 18 16 157 251 290
internal_value=0.000342145 -0.000597564 -0.0013771 -0.00906658 0.00165961
internal_weight=19.6318 18.9882 18.3548 5.19646 13.1584
internal_count=745 727 711 264 447
cat_boundaries=0 1 2
cat_threshold=2 1
is_linear=0
shrinkage=0.1


Tree=394
num_leaves=8
num_cat=2
split_feature=6 2 6 1 0 7 0
split_gain=0.018 0.0456442 0.19776 0.228241 0.0484405 0.522236 0.0345192
threshold=3.5000000000000004 0 2.5000000000000004 1 2.5000000000000004 1.5000000000000002 1.5000000000000002
decision_type=2 1 2 1 2 2 2
left_child=1 2 6 -4 -3 -6 -1
right_child=-2 4 3 -5 5 -7 -8
leaf_value=0.0043635151808902534 0.0090472984103053457 0.0019968939488220899 0.079041929894139953 0.0023151112447473286 -0.047307001696593104 0.013696516345457703 -0.0026207057226523139
leaf_weight=10.772144219256008 2.1745233172550789 4.1501595043810067 0.69286606973037013 0.8802732452750206 2.4372068410739303 3.3080934658646584 20.627572376164608
leaf_count=246 38 37 45 4 28 19 328
internal_value=0.000171446 -0.000278787 0.00150879 0.0361083 -0.0062352 -0.0121817 -0.000224664
internal_weight=45.0428 42.8683 32.9729 1.57314 9.89546 5.7453 31.3997
internal_count=745 707 623 49 84 47 574
cat_boundaries=0 1 2
cat_threshold=1 1
is_linear=0
shrinkage=0.1


Tree=395
num_leaves=10
num_cat=4
split_feature=4 1 2 7 1 0 6 7 7
split_gain=0.0313688 0.0608259 0.152054 0.0741467 0.0359069 0.43615 0.103787 2.96467e-05 1.0997e-05
threshold=0 1 2 1.5000000000000002 3 1.5000000000000002 1.5000000000000002 2.5000000000000004 1.5000000000000002
decision_type=9 1 1 2 1 2 2 2 2
left_child=4 2 3 -2 5 8 -7 -4 -1
right_child=1 -3 7 -5 -6 6 -8 -9 -10
leaf_value=-0.075756556168297351 0.003513465132286139 0.0067865690911724967 -0.075455876036407243 -0.020186752861091044 -0.003101566104078322 0.025837241657903333 -0.0015005293240811192 -0.077391795171930192 -0.076658118100034575
leaf_weight=0.31143972591962654 3.4473030947556254 3.8269352950155735 0.14450837578624476 2.1391687371069565 3.6807147189974785 4.1521409904235043 2.0866302452050149 0.17478089936776087 0.23921681195497513
leaf_count=77 271 23 41 136 23 119 34 12 9
internal_value=0.0010529 -0.00303408 -0.00939786 -0.00556181 0.00485202 0.00916385 0.0166938 -0.0765156 -0.0761482
internal_weight=20.2028 9.7327 5.90576 5.58647 10.4701 6.78943 6.23877 0.319289 0.550657
internal_count=745 483 460 407 262 239 153 53 86
cat_boundaries=0 1 2 3 4
cat_threshold=2 1 1 1
is_linear=0
shrinkage=0.1


Tree=396
num_leaves=9
num_cat=5
split_feature=0 5 3 0 1 5 2 7
split_gain=0.0272558 0.151645 0.0349744 0.323036 0.100543 0.0381715 0.0282067 0.0256314
threshold=3.5000000000000004 0 1 2.5000000000000004 2 3 4 1.5000000000000002
decision_type=2 1 1 2 1 1 1 2
left_child=2 -2 3 7 -4 -6 -5 -1
right_child=1 -3 4 6 5 -7 -8 -9
leaf_value=0.017355809232795071 0.018836486186296256 -0.023246870830622771 0.022436452299883863 -0.077911840705396196 -0.0053927562620223208 0.0026199173649212267 -0.043296841014460116 -0.0051822210048632928
leaf_weight=1.3905742560746155 2.9680175548419347 1.2034556641592642 1.7462608572095633 0.4787728299597801 15.772593847301323 9.5424501274174034 0.46312492858851328 0.79197285152622487
leaf_count=49 35 38 21 16 178 365 27 16
internal_value=-0.000881053 0.00669558 -0.00192809 -0.0119457 -0.000771486 -0.0023724 -0.0608919 0.00917752
internal_weight=34.3572 4.17147 30.1857 3.12444 27.0613 25.315 0.941898 2.18255
internal_count=745 73 672 108 564 543 43 65
cat_boundaries=0 1 2 3 4 5
cat_threshold=1 2 2 1 1
is_linear=0
shrinkage=0.1


Tree=397
num_leaves=9
num_cat=3
split_feature=4 1 7 1 6 6 7 0
split_gain=0.0489696 0.532589 0.321688 0.37108 0.322331 0.133422 0.288802 0.145935
threshold=0 1 2.5000000000000004 2 1.5000000000000002 1.5000000000000002 4.5000000000000009 2.5000000000000004
decision_type=9 1 2 1 2 2 2 2
left_child=1 5 3 4 -2 6 -1 -7
right_child=2 -3 -4 -5 -6 7 -8 -9
leaf_value=-0.010084015157194611 -0.0025699694638443653 -0.07972793399490935 -0.083136724881681764 0.054224005482047533 -0.084523003355236132 0.035182136528038449 0.079085241349665977 0.0061373089507179004
leaf_weight=4.8951271435944363 4.1181692190875774 0.72140377550385792 0.50850058614742 1.0291947618243282 0.54323044815100718 2.8254951247945428 0.39233157038688649 4.4613467604795005
leaf_count=270 193 23 21 20 29 118 11 60
internal_value=0.000408808 0.00383106 -0.00693118 -0.0001216 -0.0121206 0.00862495 -0.00346762 0.0173995
internal_weight=19.4948 13.2957 6.1991 5.69059 4.6614 12.5743 5.28746 7.28684
internal_count=745 482 263 242 222 459 281 178
cat_boundaries=0 1 2 3
cat_threshold=4 1 1
is_linear=0
shrinkage=0.1


Tree=398
num_leaves=8
num_cat=2
split_feature=6 2 6 1 0 7 7
split_gain=0.0159439 0.0392047 0.175317 0.217843 0.0476517 0.458256 0.0337918
threshold=3.5000000000000004 0 2.5000000000000004 1 2.5000000000000004 1.5000000000000002 2.5000000000000004
decision_type=2 1 2 1 2 2 2
left_child=1 2 6 -4 -3 -6 -1
right_child=-2 4 3 -5 5 -7 -8
leaf_value=-0.0013697375766241453 0.0084465334656051907 0.0022496238486590355 0.07873440774632684 0.0021347342913386829 -0.045130207187484624 0.012278095465276306 0.010020821509179685
leaf_weight=28.295208522293255 2.1550024347379795 4.1565218268660811 0.64193015184719004 0.88054923340678215 2.396800599526614 3.3116554860025644 2.868514757603406
leaf_count=508 38 37 45 4 28 19 66
internal_value=5.4919e-05 -0.000370074 0.00129748 0.0344318 -0.00589527 -0.0118258 -0.000321275
internal_weight=44.7062 42.5512 32.6862 1.52248 9.86498 5.70846 31.1637
internal_count=745 707 623 49 84 47 574
cat_boundaries=0 1 2
cat_threshold=1 1
is_linear=0
shrinkage=0.1


Tree=399
num_leaves=6
num_cat=1
split_feature=7 0 2 6 0
split_gain=0.0329061 0.0300016 0.0309687 0.243402 0.138586
threshold=3.5000000000000004 3.5000000000000004 0 1.5000000000000002 2.5000000000000004
decision_type=2 2 1 2 2
left_child=1 2 3 -1 -4
right_child=-2 -3 4 -5 -6
leaf_value=0.052319752080948127 0.022462290068993297 0.012923863551220377 -0.00029657397689671094 -0.014655265089912115 -0.041344498319492197
leaf_weight=0.85309707018313963 0.68897547101369028 1.6979901829618018 14.547218968393288 1.49097483465448 0.8717901726849967
leaf_count=42 34 71 488 30 80
internal_value=0.000984896 0.000224537 -0.000989404 0.0097195 -0.00261742
internal_weight=20.15 19.4611 17.7631 2.34407 15.419
internal_count=745 711 640 72 568
cat_boundaries=0 1
cat_threshold=2
is_linear=0
shrinkage=0.1


Tree=400
num_leaves=10
num_cat=5
split_feature=1 7 4 0 5 4 5 0 7
split_gain=0.0258924 0.0226797 0.10027 1.05767 0.59718 0.0344311 0.215688 0.133195 0.00272071
threshold=0 1.5000000000000002 1 2.5000000000000004 2 3 4 2.5000000000000004 1.5000000000000002
decision_type=1 2 9 2 1 9 1 2 2
left_child=1 5 3 -3 -4 7 -7 -1 -2
right_child=8 2 4 -5 -6 6 -8 -9 -10
leaf_value=0.011166153734508815 0.012323280612192707 0.040086094941309491 0.021814153897076586 -0.10963287944263096 -0.046713370179814889 -0.028045721983523689 0.0030270887630133442 -0.015061193722769761 0.0058204830151808058
leaf_weight=7.4412999332416803 1.1632173680700355 2.2547027147084013 2.3896034434437752 0.59671647727736843 2.7182264575094441 2.8127047308953479 10.85591005254537 2.6174267306923866 1.4397692165221085
leaf_count=152 26 110 12 50 38 134 166 37 20
internal_value=-0.000861091 -0.00164869 -0.00626791 0.00875441 -0.014654 -9.91853e-05 -0.00336702 0.00434142 0.00872644
internal_weight=34.2896 31.6866 7.95925 2.85142 5.10783 23.7273 13.6686 10.0587 2.60299
internal_count=745 699 210 160 50 489 300 189 46
cat_boundaries=0 1 2 3 4 5
cat_threshold=1 4 2 2 2
is_linear=0
shrinkage=0.1


Tree=401
num_leaves=8
num_cat=3
split_feature=6 7 1 5 6 0 5
split_gain=0.0458001 0.0482031 0.112218 0.106007 0.0699168 0.372086 0.122917
threshold=4.5000000000000009 1.5000000000000002 0 1 1.5000000000000002 1.5000000000000002 2
decision_type=2 2 1 1 2 2 1
left_child=1 4 3 -3 5 -1 -6
right_child=-2 2 -4 -5 6 -7 -8
leaf_value=0.0017712562079294774 0.026786528511325031 0.012851180804742821 -0.024789702052561185 -0.016732016019448685 -0.0087144231072640421 -0.075678275654170846 0.024568392037741773
leaf_weight=2.4890666880965058 0.6282030213624229 7.3453844167524949 1.1864850423298765 1.4504662613617236 3.8321001549920766 0.82620574484462839 1.5618708110414443
leaf_count=141 18 166 20 39 125 198 38
internal_value=0.000227925 -0.00066468 0.00407871 0.00797281 -0.00610144 -0.0175301 0.000922903
internal_weight=19.3198 18.6916 9.98234 8.79585 8.70924 3.31527 5.39397
internal_count=745 727 225 205 502 339 163
cat_boundaries=0 1 2 3
cat_threshold=1 2 2
is_linear=0
shrinkage=0.1


Tree=402
num_leaves=8
num_cat=3
split_feature=6 7 0 6 2 5 4
split_gain=0.0136333 0.0451157 0.133337 0.93582 0.395202 0.107602 0.409515
threshold=3.5000000000000004 1.5000000000000002 2.5000000000000004 2.5000000000000004 0 1 2
decision_type=2 2 2 2 1 1 9
left_child=1 2 3 -1 -4 6 -3
right_child=-2 5 4 -5 -6 -7 -8
leaf_value=0.0017334996060660334 0.0078512990754893448 -0.0030769874712811241 0.0080478294883708362 0.10641767334659398 -0.042458759758828575 0.0046412201967549862 -0.062085721190812349
leaf_weight=16.339589280774824 2.1385101806372395 8.95755323569756 4.5197880440391591 0.90103551326319475 2.3572591065894812 7.9801718937233099 1.3538330420851696
leaf_count=358 38 155 83 25 28 46 12
internal_value=6.08515e-05 -0.000331986 0.00250849 0.00720454 -0.00926441 -0.00407719 -0.0108245
internal_weight=44.5477 42.4092 24.1177 17.2406 6.87705 18.2916 10.3114
internal_count=745 707 494 383 111 213 167
cat_boundaries=0 1 2 3
cat_threshold=1 2 4
is_linear=0
shrinkage=0.1


Tree=403
num_leaves=6
num_cat=2
split_feature=7 0 7 3 5
split_gain=0.0311366 0.0299999 0.0308315 0.149263 0.0334156
threshold=3.5000000000000004 3.5000000000000004 2.5000000000000004 0 1
decision_type=2 2 2 1 1
left_child=1 2 4 -4 -1
right_child=-2 -3 3 -5 -6
leaf_value=0.0049530165178507512 0.022259880513045567 0.013102844628175379 0.014024505243602001 -0.037669929312247247 -0.0044042788920327786
leaf_weight=8.5064787592709763 0.67325045383768056 1.6922577706282016 1.1174768959463099 1.1167329666204751 6.9217267121421253
leaf_count=391 34 71 34 11 204
internal_value=0.00111905 0.000383665 -0.000834975 -0.0118141 0.000754949
internal_weight=20.0279 19.3547 17.6624 2.23421 15.4282
internal_count=745 711 640 45 595
cat_boundaries=0 1 2
cat_threshold=1 2
is_linear=0
shrinkage=0.1


Tree=404
num_leaves=8
num_cat=3
split_feature=0 5 3 0 6 1 6
split_gain=0.041049 0.134269 0.0249638 0.29146 0.131054 0.0843866 0.0459242
threshold=3.5000000000000004 0 1 1.5000000000000002 1.5000000000000002 2 1.5000000000000002
decision_type=2 1 1 2 2 1 2
left_child=2 -2 3 -1 -5 -4 -7
right_child=1 -3 5 4 -6 6 -8
leaf_value=0.015635705864229164 0.019858141158176662 -0.019485555552893129 0.020076378522346894 -0.016929638941703972 -0.08082152883863003 -0.0051178950397672328 0.0047332116227245709
leaf_weight=1.7707264748169111 2.9813068606890729 1.2233414035290477 1.7484718561172485 0.68514015620530677 0.60411108033440541 18.837155713059484 6.3200068338846895
leaf_count=30 35 38 21 43 35 376 167
internal_value=-0.000841719 0.0084111 -0.00214004 -0.0106987 -0.0468678 -0.00116666 -0.00264309
internal_weight=34.1703 4.20465 29.9656 3.05998 1.28925 26.9056 25.1572
internal_count=745 73 672 108 78 564 543
cat_boundaries=0 1 2 3
cat_threshold=1 2 2
is_linear=0
shrinkage=0.1


Tree=405
num_leaves=8
num_cat=3
split_feature=6 7 1 0 2 5 0
split_gain=0.0413119 0.0396391 0.0960647 0.100211 0.0680417 0.486132 0.103726
threshold=4.5000000000000009 1.5000000000000002 0 2.5000000000000004 1 2 1.5000000000000002
decision_type=2 2 1 2 1 1 2
left_child=1 4 3 -3 5 -1 -6
right_child=-2 2 -4 -5 6 -7 -8
leaf_value=-0.076468800204227361 0.025422193704553855 0.018626681048087328 -0.023323461191221209 -0.002780789262207907 0.013282881640512801 0.011520212809829204 -0.013412179370888672
leaf_weight=0.95379320201755036 0.62383539043366809 4.0756739431526494 1.1731674796901632 4.717958741588518 3.0259811878204372 1.8377623552223696 2.8045912879751995
leaf_count=260 18 133 20 72 10 183 49
internal_value=0.000109699 -0.000739776 0.00355523 0.00714115 -0.00570462 -0.0185431 0.000442164
internal_weight=19.2128 18.5889 9.9668 8.79363 8.62213 2.79156 5.83057
internal_count=745 727 225 205 502 443 59
cat_boundaries=0 1 2 3
cat_threshold=1 1 2
is_linear=0
shrinkage=0.1


Tree=406
num_leaves=8
num_cat=4
split_feature=6 7 0 3 2 5 4
split_gain=0.0133953 0.0370954 0.12492 0.544524 0.348025 0.0756905 0.359501
threshold=3.5000000000000004 1.5000000000000002 2.5000000000000004 0 1 2 3
decision_type=2 2 2 1 1 1 9
left_child=1 2 3 -1 -4 -3 -7
right_child=-2 5 4 -5 -6 6 -8
leaf_value=0.053690838314380221 0.0078040350842093018 0.003601590188233523 0.0069392517117978407 5.1318036801331018e-05 -0.040615354326773281 -0.058615527962812497 -0.0022840131412046167
leaf_weight=2.1657758407818619 2.1305410591885439 7.9452584693208337 4.554070496116764 15.001724762376403 2.3244561187457293 1.2966573759913445 8.9713369841920212
leaf_count=46 38 46 83 337 28 12 155
internal_value=6.74228e-05 -0.000322626 0.0022559 0.00681824 -0.00913085 -0.00372692 -0.00939764
internal_weight=44.3898 42.2593 24.046 17.1675 6.87853 18.2133 10.268
internal_count=745 707 494 383 111 213 167
cat_boundaries=0 1 2 3 4
cat_threshold=2 1 1 2
is_linear=0
shrinkage=0.1


Tree=407
num_leaves=7
num_cat=4
split_feature=7 4 1 2 6 1
split_gain=0.0275051 0.0192391 0.0442812 0.128558 0.0346826 0.0470117
threshold=3.5000000000000004 0 1 2 2.5000000000000004 3
decision_type=2 9 1 1 2 1
left_child=1 4 3 -3 5 -1
right_child=-2 2 -4 -5 -6 -7
leaf_value=0.0065996269672582986 0.021097503071995042 -0.076537461587933758 0.0055750895964505999 -0.0050860631677001533 0.021784536089782137 -0.0087074931778596786
leaf_weight=6.1790270516066803 0.67035229946486552 0.26459395315032452 3.7423593066632765 5.2131368433038023 0.94160832744091827 2.9711841754615298
leaf_count=222 34 47 23 388 12 19
internal_value=0.00118411 0.000492883 -0.00280927 -0.00853742 0.00350979 0.00162922
internal_weight=19.9823 19.3119 9.22009 5.47773 10.0918 9.15021
internal_count=745 711 458 435 253 241
cat_boundaries=0 1 2 3 4
cat_threshold=2 1 2 1
is_linear=0
shrinkage=0.1


Tree=408
num_leaves=9
num_cat=6
split_feature=0 5 7 3 4 4 5 5
split_gain=0.0381908 0.116218 0.023718 0.100995 0.119784 0.0522515 0.286737 0.145048
threshold=3.5000000000000004 0 1.5000000000000002 1 2 3 4 5
decision_type=2 1 2 1 9 9 1 1
left_child=2 -2 5 4 -4 7 -7 -1
right_child=1 -3 3 -5 -6 6 -8 -9
leaf_value=-0.024995406013186582 0.018969156701735372 -0.017515578131348662 0.018863074404856475 -0.033922353042125764 -0.010349280060914831 0.020108927168438838 -0.017312034632382112 0.0010362106990390496
leaf_weight=2.6851238030867535 2.9546501953154793 1.2392700814525595 1.961090374912601 1.1612331299693321 4.9383010891615431 5.3352564341621473 3.3229756355285645 10.552505650091915
leaf_count=129 35 38 128 36 44 157 20 158
internal_value=-0.000749305 0.00818821 -0.00200056 -0.00663812 -0.00204593 -0.000293312 0.00574699 -0.00424405
internal_weight=34.1504 4.19392 29.9565 8.06062 6.89939 21.8959 8.65823 13.2376
internal_count=745 73 672 208 172 464 177 287
cat_boundaries=0 1 2 3 4 5 6
cat_threshold=1 1 4 4 2 2
is_linear=0
shrinkage=0.1


Tree=409
num_leaves=8
num_cat=3
split_feature=6 7 1 5 6 0 5
split_gain=0.037745 0.0372443 0.0820004 0.0900331 0.0621306 0.342568 0.0989416
threshold=4.5000000000000009 1.5000000000000002 0 1 1.5000000000000002 1.5000000000000002 2
decision_type=2 2 1 1 2 2 1
left_child=1 4 3 -3 5 -1 -6
right_child=-2 2 -4 -5 6 -7 -8
leaf_value=0.0011177946509296629 0.024035446889719703 0.010825212957493573 -0.021969602293917551 -0.016476144852462054 -0.0081915598733915684 -0.075643389364470737 0.021646437882077537
leaf_weight=2.4904844980337715 0.61894807871431012 7.3825918076909147 1.1556350300088514 1.4442015233798864 3.7008420297497651 0.7584356601582839 1.5882562221959231
leaf_count=141 18 166 20 39 125 198 38
internal_value=-0.000256605 -0.00106844 0.00307885 0.00635828 -0.00591734 -0.0168015 0.000768452
internal_weight=19.1394 18.5204 9.98243 8.82679 8.53802 3.24892 5.2891
internal_count=745 727 225 205 502 339 163
cat_boundaries=0 1 2 3
cat_threshold=1 2 2
is_linear=0
shrinkage=0.1


Tree=410
num_leaves=9
num_cat=4
split_feature=3 1 1 7 6 0 6 2
split_gain=0.0149727 0.179819 0.164366 0.193453 0.178944 0.0910817 0.0697819 0.328625
threshold=0 1 2 2.5000000000000004 1.5000000000000002 1.5000000000000002 1.5000000000000002 3
decision_type=1 1 1 2 2 2 2 1
left_child=2 6 3 5 -5 -1 7 -2
right_child=1 -3 -4 4 -6 -7 -8 -9
leaf_value=0.01027550654304636 -0.033941992880554474 0.017840757526060815 -0.017273699065757406 0.010872294532878444 0.081093460240006382 -0.0021555145106746348 -0.015851907911670696 0.038234916721096301
leaf_weight=8.7924172608181888 1.2060695597319855 3.0772205176763228 4.2059080209583035 0.91759133897721656 0.60030958079732955 17.880534260941204 6.309929265640676 1.322569746116641
leaf_count=219 55 25 21 38 23 298 44 22
internal_value=5.23141e-05 -0.00297861 0.00116711 0.00391837 0.0386438 0.00194222 -0.010227 0.00380914
internal_weight=44.3125 11.9158 32.3968 28.1909 1.5179 26.673 8.83857 2.52864
internal_count=745 146 599 578 61 517 121 77
cat_boundaries=0 1 2 3 4
cat_threshold=1 1 1 1
is_linear=0
shrinkage=0.1


Tree=411
num_leaves=6
num_cat=1
split_feature=7 0 6 0 1
split_gain=0.0241571 0.0190172 0.0334866 0.0839648 0.0589482
threshold=3.5000000000000004 3.5000000000000004 2.5000000000000004 1.5000000000000002 0
decision_type=2 2 2 2 1
left_child=1 2 3 -1 -4
right_child=-2 -3 4 -5 -6
leaf_value=0.0082680080378404099 0.020109796850323519 0.010813940256601304 -0.0036303563388446307 -0.0075981447178908208 0.025611147571869053
leaf_weight=5.0975977552589109 0.66806219017598678 1.7158260937430885 1.4940778068121281 9.6488540897844359 1.280035313218832
leaf_count=256 34 71 70 308 6
internal_value=0.00141587 0.000766649 -0.000217303 -0.00211349 0.0098623
internal_weight=19.9045 19.2364 17.5206 14.7465 2.77411
internal_count=745 711 640 564 76
cat_boundaries=0 1
cat_threshold=1
is_linear=0
shrinkage=0.1


Tree=412
num_leaves=9
num_cat=6
split_feature=0 5 7 3 1 4 5 5
split_gain=0.0318286 0.0999535 0.0189835 0.0879273 0.113778 0.0448172 0.242747 0.126274
threshold=3.5000000000000004 0 1.5000000000000002 1 2 3 4 5
decision_type=2 1 2 1 1 9 1 1
left_child=2 -2 5 4 -4 7 -7 -1
right_child=1 -3 3 -5 -6 6 -8 -9
leaf_value=-0.023487934770218839 0.017580536773540083 -0.016217909482875457 -0.0075956242591566671 -0.031699498556690013 0.026619564158197058 0.018634587460045669 -0.016025919077528754 0.00089302487182490997
leaf_weight=2.6610965627041878 2.9120937017723909 1.2508280553738584 5.7370030489983055 1.1467937010675084 1.1701233386993406 5.2427010958781466 3.2877745181322098 10.530483878450466
leaf_count=129 35 38 162 36 10 157 20 158
internal_value=-0.000765025 0.00742516 -0.00191008 -0.00605677 -0.00179929 -0.000372604 0.0052759 -0.00402527
internal_weight=33.9389 4.16292 29.776 8.05392 6.90713 21.7221 8.53048 13.1916
internal_count=745 73 672 208 172 464 177 287
cat_boundaries=0 1 2 3 4 5 6
cat_threshold=1 1 1 4 2 2
is_linear=0
shrinkage=0.1


Tree=413
num_leaves=8
num_cat=3
split_feature=6 7 1 0 2 5 0
split_gain=0.0372462 0.0285822 0.0819526 0.0778936 0.0728879 0.435747 0.0630695
threshold=3.5000000000000004 1.5000000000000002 0 2.5000000000000004 1 2 1.5000000000000002
decision_type=2 2 1 2 1 1 2
left_child=1 4 3 -3 5 -1 -6
right_child=-2 2 -4 -5 6 -7 -8
leaf_value=-0.07636913335908313 -0.018551706289039439 0.018103663549353676 -0.020580096327720454 -0.00094531352350307675 0.012930161912708916 0.010418120947303653 -0.0084466442721355794
leaf_weight=0.84386469156015664 1.0302602982847009 4.0431609547231329 1.1363813923671831 4.5763694199849851 3.0301355421543148 1.8398946722300054 2.5346736235078424
leaf_count=257 38 127 20 66 10 182 45
internal_value=-5.9697e-05 0.000998461 0.0046621 0.00798999 -0.00333468 -0.0168707 0.0031934
internal_weight=19.0347 18.0045 9.75591 8.61953 8.24857 2.68376 5.56481
internal_count=745 707 213 193 494 439 55
cat_boundaries=0 1 2 3
cat_threshold=1 1 2
is_linear=0
shrinkage=0.1


Tree=414
num_leaves=7
num_cat=1
split_feature=6 2 6 6 7 0
split_gain=0.0118387 0.025752 0.152322 0.0382855 0.0344371 0.0325135
threshold=3.5000000000000004 0 2.5000000000000004 2.5000000000000004 2.5000000000000004 2.5000000000000004
decision_type=2 1 2 2 2 2
left_child=1 2 4 5 -1 -3
right_child=-2 3 -4 -5 -6 -7
leaf_value=-0.0014545127620480837 0.0074333362117918458 -0.0086197940593203872 0.032867540757784225 -0.015251593341673053 0.010167544983280898 0.0049882611954242444
leaf_weight=28.119414261833303 2.0918633723631492 3.1432056116173026 1.4403634923510242 2.5726077184081078 2.8037404912756747 3.977735891006887
leaf_count=508 38 33 49 11 66 40
internal_value=9.08215e-05 -0.000274386 0.00107987 -0.00479578 -0.000400764 -0.00101838
internal_weight=44.1489 42.0571 32.3635 9.69355 30.9232 7.12094
internal_count=745 707 623 84 574 73
cat_boundaries=0 1
cat_threshold=1
is_linear=0
shrinkage=0.1


Tree=415
num_leaves=9
num_cat=3
split_feature=4 1 2 7 7 0 6 7
split_gain=0.025005 0.0385761 0.138187 0.0810546 0.0367699 0.089959 0.0490114 1.82032e-05
threshold=0 1 2 1.5000000000000002 2.5000000000000004 2.5000000000000004 1.5000000000000002 2.5000000000000004
decision_type=9 1 1 2 2 2 2 2
left_child=4 2 3 -2 5 6 -1 -4
right_child=1 -3 7 -5 -6 -7 -8 -9
leaf_value=3.3120151261579395e-05 0.0053818197245644218 0.005381424498100057 -0.075385763720434748 -0.019722483126168755 0.017724083693108003 -0.01993767324372947 0.017102671434383664 -0.07700735896358353
leaf_weight=4.3479220254812372 3.3734059776470531 3.7107332199811935 0.12614076444879163 2.0785837731891661 1.7591014588251717 1.5527523158816618 2.7434910661540926 0.15342053957283497
leaf_count=158 271 23 41 136 21 60 23 12
internal_value=0.00116352 -0.00256235 -0.00770533 -0.00418925 0.00454523 0.00186331 0.0066369 -0.0762757
internal_weight=19.8456 9.44228 5.73155 5.45199 10.4033 8.64417 7.09141 0.279561
internal_count=745 483 460 407 262 241 181 53
cat_boundaries=0 1 2 3
cat_threshold=2 1 1
is_linear=0
shrinkage=0.1


Tree=416
num_leaves=10
num_cat=7
split_feature=0 5 7 4 5 5 4 5 5
split_gain=0.0252449 0.0849409 0.017128 0.0868541 0.947392 0.477206 0.0386432 0.209915 0.111794
threshold=3.5000000000000004 0 1.5000000000000002 1 2 3 4 5 6
decision_type=2 1 2 9 1 1 9 1 1
left_child=2 -2 6 5 -5 -4 8 -8 -1
right_child=1 -3 3 4 -6 -7 7 -9 -10
leaf_value=-0.022069849163070417 0.016094119063141885 -0.015062961029989427 0.019628465930352394 -0.041487006734391041 0.07468650957930166 -0.041338730767435258 0.017529757677960108 -0.014892479747441399 0.00093719900008843501
leaf_weight=2.642186709534144 2.8670611106790593 1.2593177595699669 2.3668891489505768 1.6393610410959809 1.2276293933391589 2.8057366794673726 5.1650286556687206 3.2555772308260202 10.525427066255359
leaf_count=129 35 38 12 154 4 38 157 20 158
internal_value=-0.000742675 0.00658538 -0.00176328 -0.00570326 0.00825785 -0.0134414 -0.000296002 0.00499466 -0.00367935
internal_weight=33.7542 4.12638 29.6278 8.03962 2.86699 5.17263 21.5882 8.42061 13.1676
internal_count=745 73 672 208 158 50 464 177 287
cat_boundaries=0 1 2 3 4 5 6 7
cat_threshold=1 2 2 2 4 2 2
is_linear=0
shrinkage=0.1


Tree=417
num_leaves=6
num_cat=2
split_feature=6 7 0 2 2
split_gain=0.0380583 0.0311758 0.0310952 0.789482 0.109928
threshold=4.5000000000000009 4.5000000000000009 1.5000000000000002 0 1
decision_type=2 2 2 1 1
left_child=1 2 3 -1 -4
right_child=-2 -3 4 -5 -6
leaf_value=0.014385346389694402 0.024353489685874211 0.022102317954293939 0.011186216926877109 -0.076518872472621333 -0.0075061923198969233
leaf_weight=3.8311633765697479 0.61402813997119565 0.56825764360837538 5.7499562014127088 1.2727644503902489 6.9474976498168024
leaf_count=13 18 16 370 251 77
internal_value=-0.000136609 -0.000955221 -0.00169127 -0.0082834 0.000958539
internal_weight=18.9837 18.3696 17.8014 5.10393 12.6975
internal_count=745 727 711 264 447
cat_boundaries=0 1 2
cat_threshold=2 1
is_linear=0
shrinkage=0.1


Tree=418
num_leaves=9
num_cat=3
split_feature=3 1 1 7 6 0 6 0
split_gain=0.0120961 0.151598 0.128076 0.171685 0.173904 0.0851874 0.0596485 0.2978
threshold=0 1 2 2.5000000000000004 1.5000000000000002 1.5000000000000002 1.5000000000000002 2.5000000000000004
decision_type=1 1 1 2 2 2 2 2
left_child=2 6 3 5 -5 -1 7 -2
right_child=1 -3 -4 4 -6 -7 -8 -9
leaf_value=0.0097443478741131712 0.044990275122463924 0.016477898653251687 -0.015205474982307149 0.0098069997449066054 0.080653517091515872 -0.002308728479388259 -0.014628407917851438 -0.02493349063074617
leaf_weight=8.752029804978525 1.0289999820815849 3.0618326854892066 4.2047316862735888 0.90988664515316375 0.55954178993124515 17.768789022753481 6.2285406515002251 1.4925368643598629
leaf_count=219 44 25 21 38 23 298 44 33
internal_value=6.35495e-05 -0.00267359 0.00106777 0.00351236 0.0367846 0.00166886 -0.00937509 0.00360131
internal_weight=44.0069 11.8119 32.195 27.9902 1.46943 26.5208 8.75008 2.52154
internal_count=745 146 599 578 61 517 121 77
cat_boundaries=0 1 2 3
cat_threshold=1 1 1
is_linear=0
shrinkage=0.1


Tree=419
num_leaves=12
num_cat=3
split_feature=4 6 3 0 6 0 1 7 0 6 7
split_gain=0.0273662 0.0410612 0.19746 0.196281 0.412855 0.11814 0.0818847 0.0316554 0.0777856 0.0523183 0.0228155
threshold=0 1.5000000000000002 1 1.5000000000000002 2.5000000000000004 1.5000000000000002 2 2.5000000000000004 2.5000000000000004 2.5000000000000004 2.5000000000000004
decision_type=9 2 1 2 2 2 1 2 2 2 2
left_child=7 2 5 6 -5 -2 -3 8 9 -1 -4
right_child=1 3 10 4 -6 -7 -8 -9 -10 -11 -12
leaf_value=0.0035503180904883774 -0.03842590339369692 0.0019269715642497066 0.036814469659051517 -0.063583469079047966 0.0091552336482129317 0.0060788125705707645 0.047603571267795311 0.017030909229397487 -0.018229288110335799 0.030096192601398303 0.016296728752727214
leaf_weight=6.2416899183008336 1.1675972789525988 1.099390347022563 1.0247580705326984 1.4286894097167535 1.7193882663195834 1.2193957908020818 0.61038190126419056 1.7580268504098064 1.5190593980951232 0.8426704853773116 1.1503477133810518
leaf_count=176 108 53 33 62 70 139 2 21 60 5 16
internal_value=0.001257 -0.0026439 0.00416899 -0.00904202 -0.0238557 -0.0156907 0.0182333 0.00480344 0.00230487 0.0067079 0.0259633
internal_weight=19.7814 9.41995 4.5621 4.85785 3.14808 2.38699 1.70977 10.3614 8.60342 7.08436 2.17511
internal_count=745 483 296 187 132 247 55 262 241 181 49
cat_boundaries=0 1 2 3
cat_threshold=2 1 1
is_linear=0
shrinkage=0.1


Tree=420
num_leaves=9
num_cat=3
split_feature=1 0 7 3 0 5 7 7
split_gain=0.0261352 0.0321963 0.0763817 0.0691542 0.0486895 0.0463314 0.0298923 0.00404251
threshold=0 1.5000000000000002 1.5000000000000002 1 2.5000000000000004 2 1.5000000000000002 1.5000000000000002
decision_type=1 2 2 1 2 1 2 2
left_child=1 3 5 6 -4 -3 -1 -2
right_child=7 2 4 -5 -6 -7 -8 -9
leaf_value=-0.0035715104210375702 0.013631560965565483 -0.0082731922229790471 -0.026098625812305695 0.021050543795805274 -0.0060821686225497051 0.0035837685434756579 0.010266670671663461 0.0055865020260713752
leaf_weight=7.2074066669447365 1.1091272424673655 4.8896829460718436 2.1121114168636259 1.7620212917681772 2.8618501478631515 10.108499726513402 1.992539692437276 1.4296924963709896
leaf_count=170 26 184 72 30 76 110 57 20
internal_value=-0.000652563 -0.00145307 -0.00384316 0.00290157 -0.0145818 -0.000281818 -0.000574414 0.00910112
internal_weight=33.4729 30.9341 19.9721 10.962 4.97396 14.9982 9.19995 2.53882
internal_count=745 699 442 257 148 294 227 46
cat_boundaries=0 1 2 3
cat_threshold=1 1 2
is_linear=0
shrinkage=0.1


Tree=421
num_leaves=6
num_cat=2
split_feature=6 7 0 2 2
split_gain=0.0332405 0.03395 0.0216516 0.738548 0.10515
threshold=4.5000000000000009 4.5000000000000009 1.5000000000000002 0 1
decision_type=2 2 2 1 1
left_child=1 2 3 -1 -4
right_child=-2 -3 4 -5 -6
leaf_value=0.014133656368229473 0.022983330264319049 0.023532678056809777 0.010593985894044755 -0.076419652519152226 -0.0076882426630325053
leaf_weight=3.8351353257894516 0.60699048079550166 0.55576227116398413 5.7724520798656096 1.177126084352502 6.9141234983690145
leaf_count=13 18 16 370 251 77
internal_value=-3.84924e-05 -0.000804 -0.0015682 -0.00713272 0.000630258
internal_weight=18.8616 18.2546 17.6988 5.01226 12.6866
internal_count=745 727 711 264 447
cat_boundaries=0 1 2
cat_threshold=2 1
is_linear=0
shrinkage=0.1


Tree=422
num_leaves=9
num_cat=3
split_feature=3 1 1 7 6 0 7 0
split_gain=0.0133816 0.123543 0.10736 0.159343 0.165807 0.0709769 0.0621172 0.084811
threshold=0 1 2 2.5000000000000004 1.5000000000000002 2.5000000000000004 2.5000000000000004 2.5000000000000004
decision_type=1 1 1 2 2 2 2 2
left_child=2 6 3 5 -5 -1 7 -2
right_child=1 -3 -4 4 -6 -7 -8 -9
leaf_value=-0.0010926089662493391 -0.020982080847184847 0.014459008309910946 -0.013763453984219918 0.0098056048398998397 0.080347266971808176 0.011650306038392455 -0.021616796336895828 0.004655925328785838
leaf_weight=20.83942356240005 1.8711183128471001 3.0500898542813948 4.2261596524622282 0.90267252922057994 0.52816660306416452 5.5311194062232962 2.6734140894259326 4.1565173356793821
leaf_count=420 50 25 21 38 23 97 23 48
internal_value=2.72835e-05 -0.00285903 0.00108629 0.00334364 0.0358447 0.00158017 -0.00892975 -0.00330271
internal_weight=43.7787 11.7511 32.0275 27.8014 1.43084 26.3705 8.70105 6.02764
internal_count=745 146 599 578 61 517 121 98
cat_boundaries=0 1 2 3
cat_threshold=1 1 1
is_linear=0
shrinkage=0.1


Tree=423
num_leaves=6
num_cat=1
split_feature=7 0 2 6 0
split_gain=0.0264978 0.0317771 0.036167 0.208781 0.1177
threshold=3.5000000000000004 3.5000000000000004 0 1.5000000000000002 2.5000000000000004
decision_type=2 2 1 2 2
left_child=1 2 3 -1 -4
right_child=-2 -3 4 -5 -6
leaf_value=0.052173703895831827 0.021191439825254763 0.01370723418383531 -0.00046041794244127982 -0.012056715682544522 -0.039261461573939796
leaf_weight=0.79277271163300644 0.63433184905443241 1.6437502580229182 14.409211913123734 1.399336294387467 0.82664090916659994
leaf_count=42 34 71 488 30 80
internal_value=0.00108468 0.000415923 -0.000837671 0.0111721 -0.00256562
internal_weight=19.706 19.0717 17.428 2.19211 15.2359
internal_count=745 711 640 72 568
cat_boundaries=0 1
cat_threshold=2
is_linear=0
shrinkage=0.1


Tree=424
num_leaves=9
num_cat=4
split_feature=0 5 5 4 0 0 3 0
split_gain=0.0225811 0.0677357 0.0148876 0.581892 0.63557 0.533631 0.282813 0.204103
threshold=3.5000000000000004 0 1 2 2.5000000000000004 2.5000000000000004 3 1.5000000000000002
decision_type=2 1 1 9 2 2 1 2
left_child=2 -2 5 6 -5 7 -4 -1
right_child=1 -3 3 4 -6 -7 -8 -9
leaf_value=-0.0095860345457512604 -0.012648355295242995 0.015060671530580383 -0.055640698641151703 0.0052442411116319539 0.084448837300012805 -0.043628770889266387 -0.0037372499337618766 0.014122409631046041
leaf_weight=6.2515881792642185 1.2805935348151252 2.8359060694929203 2.0039255976444093 6.2797034624964017 1.2080167066305874 2.7673220676369956 2.204876786783645 8.6628146975854179
leaf_count=92 38 35 229 146 23 39 54 89
internal_value=-0.000495655 0.00644073 -0.00146759 0.00130021 0.0180226 -0.00329849 -0.0284499 0.00418467
internal_weight=33.4947 4.1165 29.3782 11.6965 7.48772 17.6817 4.2088 14.9144
internal_count=745 73 672 452 169 220 283 181
cat_boundaries=0 1 2 3 4
cat_threshold=2 1 4 1
is_linear=0
shrinkage=0.1


Tree=425
num_leaves=6
num_cat=2
split_feature=7 6 0 2 2
split_gain=0.0344338 0.033111 0.0187916 0.675804 0.0904934
threshold=4.5000000000000009 4.5000000000000009 1.5000000000000002 0 1
decision_type=2 2 2 1 1
left_child=1 2 3 -1 -4
right_child=-2 -3 4 -5 -6
leaf_value=0.012834763037203729 0.024740158743352256 0.022267167488366633 0.009603834276763968 -0.076305595368891865 -0.0073239884558627608
leaf_weight=3.8534098416566849 0.5425688955001523 0.60060240142047305 5.8240059185118236 1.0913751465850587 6.8988743040245089
leaf_count=13 16 18 370 251 77
internal_value=-8.60122e-05 -0.000823351 -0.0016083 -0.00683962 0.000424865
internal_weight=18.8108 18.2683 17.6677 4.94478 12.7229
internal_count=745 729 711 264 447
cat_boundaries=0 1 2
cat_threshold=2 1
is_linear=0
shrinkage=0.1


Tree=426
num_leaves=12
num_cat=7
split_feature=3 1 0 0 4 4 2 7 1 6 2
split_gain=0.0114979 0.110138 0.0988596 0.193743 0.252748 0.135343 0.566464 0.167938 0.104422 0.0571519 0.290032
threshold=0 1 1.5000000000000002 2.5000000000000004 2 3 4 1.5000000000000002 5 1.5000000000000002 6
decision_type=1 1 2 2 9 9 1 2 1 2 1
left_child=2 9 5 8 -5 6 -1 -7 -4 10 -2
right_child=1 -3 3 4 -6 7 -8 -9 -10 -11 -12
leaf_value=0.012784142145094532 -0.032153782769636742 0.013708008965385005 -0.033663084003648751 -0.013423675800091021 0.026869828184804736 0.0055294919589403083 -0.062192293962160444 0.044960666220363113 -0.00668514476718536 -0.013575358983740078 0.036220469035599515
leaf_weight=5.8105178163386881 1.1617525998444753 3.0346349300816646 1.622610344318673 2.5631501460447907 3.9647850525216191 2.5713933913502824 1.2191016934812067 1.8624244928359983 12.391895736567676 6.1864237207919359 1.3313180140103205
leaf_count=152 55 25 10 36 92 69 6 11 223 44 22
internal_value=-1.0002e-05 -0.00269059 0.000971091 -0.00318061 0.0110489 0.00841092 -0.000218539 0.0220926 -0.00980867 -0.00842407 0.00435857
internal_weight=43.72 11.7141 32.0059 20.5424 6.52794 11.4634 7.02962 4.43382 14.0145 8.67949 2.49307
internal_count=745 146 599 361 128 238 158 80 233 121 77
cat_boundaries=0 1 2 3 4 5 6 7
cat_threshold=1 1 2 4 1 2 1
is_linear=0
shrinkage=0.1


Tree=427
num_leaves=6
num_cat=2
split_feature=7 0 2 6 3
split_gain=0.025498 0.0260267 0.0351382 0.17811 0.0996471
threshold=3.5000000000000004 3.5000000000000004 0 1.5000000000000002 1
decision_type=2 2 1 2 1
left_child=1 2 3 -1 -4
right_child=-2 -3 4 -5 -6
leaf_value=0.049152472346320926 0.02090708360818018 0.012314051011617389 -0.019802068244100354 -0.010389259438983736 0.0012537790912100543
leaf_weight=0.78470655623823438 0.61993490127497253 1.646991033834637 2.741541818541009 1.3964454551460219 12.474967801361354
leaf_count=42 34 71 50 30 518
internal_value=0.000948764 0.000299088 -0.000838337 0.0110319 -0.00253983
internal_weight=19.6646 19.0447 17.3977 2.18115 15.2165
internal_count=745 711 640 72 568
cat_boundaries=0 1 2
cat_threshold=2 2
is_linear=0
shrinkage=0.1


Tree=428
num_leaves=9
num_cat=3
split_feature=1 0 7 0 3 5 7 7
split_gain=0.0243398 0.0369478 0.0706801 0.0419123 0.0390788 0.0372575 0.0316581 0.0041926
threshold=0 1.5000000000000002 1.5000000000000002 2.5000000000000004 1 2 1.5000000000000002 1.5000000000000002
decision_type=1 2 2 2 1 1 2 2
left_child=1 4 5 -4 6 -3 -1 -2
right_child=7 2 3 -5 -6 -7 -8 -9
leaf_value=-0.0020766277862389695 0.013776234514938085 -0.0074307666365978743 -0.024750266990430262 -0.0060655692034174711 0.017275749769751169 0.0032251583351625905 0.012291376298196375 0.0055478942553538711
leaf_weight=7.2087426248472202 1.1023003945010708 4.8563345597140142 2.099061335757141 2.804507302103957 1.7533826532308001 10.116211573826151 1.9479095532442441 1.413048109912779
leaf_count=170 26 184 72 76 30 110 57 20
internal_value=-0.000304328 -0.00107709 -0.00364373 -0.0140639 0.00359885 -0.000231083 0.000979901 0.0091538
internal_weight=33.3015 30.7861 19.8761 4.90357 10.91 14.9725 9.15665 2.51535
internal_count=745 699 442 148 257 294 227 46
cat_boundaries=0 1 2 3
cat_threshold=1 1 2
is_linear=0
shrinkage=0.1


Tree=429
num_leaves=8
num_cat=1
split_feature=6 7 1 6 0 0 6
split_gain=0.0349906 0.0310568 0.0718894 0.0696937 0.320498 0.0794831 0.0675204
threshold=3.5000000000000004 1.5000000000000002 0 1.5000000000000002 1.5000000000000002 2.5000000000000004 1.5000000000000002
decision_type=2 2 1 2 2 2 2
left_child=1 3 6 4 -1 -5 -3
right_child=-2 2 -4 5 -6 -7 -8
leaf_value=0.0016533413692195757 -0.018407128677927449 0.0023760496036518246 -0.01952406144610112 -0.0097704165892101257 -0.075607040966987601 0.015468046966045472 0.022324618441477831
leaf_weight=2.4402968050708354 0.98992589267436315 6.1977138814399932 1.082011502701788 2.3422673278255388 0.68838317707559316 2.6704678553505801 2.3363331384607591
leaf_count=141 38 155 20 115 198 40 38
internal_value=-0.000109514 0.000910523 0.00475856 -0.0036345 -0.0153458 0.00367504 0.00783729
internal_weight=18.7474 17.7575 9.61606 8.14142 3.12868 5.01274 8.53405
internal_count=745 707 213 494 339 155 193
cat_boundaries=0 1
cat_threshold=1
is_linear=0
shrinkage=0.1


Tree=430
num_leaves=9
num_cat=5
split_feature=6 3 0 0 5 5 4 4
split_gain=0.0125168 0.0476106 0.181069 0.0210467 0.0875618 0.0201379 0.566261 0.225176
threshold=2.5000000000000004 0 2.5000000000000004 3.5000000000000004 1 2 3 4
decision_type=2 1 2 2 1 1 9 9
left_child=3 2 -2 5 -5 7 -7 -1
right_child=1 -3 -4 4 -6 6 -8 -9
leaf_value=-0.0094263588911334753 -0.0036932713831502556 -0.0040257551987678058 0.051634932270585833 0.010303507188940896 -0.023635896786783663 0.0067511882262063592 -0.04035158372257474 0.012607146564653247
leaf_weight=8.8555498398491181 1.8667162046767765 3.2860490893945098 0.86584961280459527 1.3548886999487877 1.7317794139962635 12.672034658142366 3.1959402746288079 9.7395200841128826
leaf_count=161 37 29 32 27 31 216 169 43
internal_value=-0.000148849 0.00408482 0.0138382 -0.000827438 -0.00873824 -0.00011891 -0.0027357 0.00211411
internal_weight=43.5683 6.01861 2.73257 37.5497 3.08667 34.463 15.868 18.5951
internal_count=745 98 69 647 58 589 385 204
cat_boundaries=0 1 2 3 4 5
cat_threshold=1 2 1 4 4
is_linear=0
shrinkage=0.1


Tree=431
num_leaves=9
num_cat=5
split_feature=4 1 2 7 1 3 6 7
split_gain=0.0213958 0.0436827 0.135057 0.091011 0.0433004 0.117109 0.157249 2.24366e-05
threshold=0 1 2 1.5000000000000002 3 4 1.5000000000000002 2.5000000000000004
decision_type=9 1 1 2 1 1 2 2
left_child=4 2 3 -2 5 6 -1 -4
right_child=1 -3 7 -5 -6 -7 -8 -9
leaf_value=0.013777876978400719 0.0055877283791603352 0.0060209172705400407 -0.075360458717564111 -0.02122887832033472 -0.0046613598125952484 0.034293474691550238 -0.023525509865689381 -0.077182722309681678
leaf_weight=3.567166032968089 3.3544907618488651 3.6417063623666763 0.11962443342781615 2.0323153100544005 3.6475153919309378 1.4262262702977748 1.6539940009824929 0.1552639820438344
leaf_count=161 271 23 41 136 23 51 27 12
internal_value=0.000952775 -0.00252295 -0.00801853 -0.00452955 0.00409375 0.00889781 0.00196066 -0.0763897
internal_weight=19.5983 9.3034 5.66169 5.38681 10.2949 6.64739 5.22116 0.274888
internal_count=745 483 460 407 262 239 188 53
cat_boundaries=0 1 2 3 4 5
cat_threshold=2 1 1 1 1
is_linear=0
shrinkage=0.1


Tree=432
num_leaves=9
num_cat=4
split_feature=1 0 2 3 6 3 7 7
split_gain=0.0225551 0.0325917 0.0623588 0.172651 0.0723394 0.0335387 0.0262879 0.0037968
threshold=0 1.5000000000000002 1 2 1.5000000000000002 3 1.5000000000000002 1.5000000000000002
decision_type=1 2 1 1 2 1 2 2
left_child=1 5 3 -3 -4 6 -1 -2
right_child=7 2 4 -5 -6 -7 -8 -9
leaf_value=-0.0021834600400170269 0.012929518729651779 0.055362689140578347 -0.0091005261372514596 -0.026131112698400117 0.0045960457608764929 0.015709980510920856 0.01093003292488972 0.0050889067994770738
leaf_weight=7.1725427595665696 1.0956521354382851 0.59664484916720539 13.230937590653417 0.46070525795221329 5.4422594835632472 1.7543687289580692 1.9427472183597272 1.4155589857255106
leaf_count=170 26 22 249 37 134 30 57 20
internal_value=-0.000600946 -0.00134862 -0.00377093 0.0198545 -0.00510869 0.00304834 0.000611427 0.0085098
internal_weight=33.1114 30.6002 19.7305 1.05735 18.6732 10.8697 9.11529 2.51121
internal_count=745 699 442 59 383 257 227 46
cat_boundaries=0 1 2 3 4
cat_threshold=1 2 1 1
is_linear=0
shrinkage=0.1


Tree=433
num_leaves=6
num_cat=2
split_feature=6 7 0 2 2
split_gain=0.0388868 0.0352611 0.0212969 0.605498 0.0858734
threshold=4.5000000000000009 4.5000000000000009 1.5000000000000002 0 1
decision_type=2 2 2 1 1
left_child=1 2 3 -1 -4
right_child=-2 -3 4 -5 -6
leaf_value=0.010828635600175676 0.025230051096462303 0.024514741396586687 0.0096123028446512011 -0.07622295072545493 -0.0069393153397511939
leaf_weight=3.8798244893550873 0.5966011630371203 0.53727788059040804 5.8063417611992856 1.0062540199142027 6.8121036806842374
leaf_count=13 18 16 370 251 77
internal_value=0.000111492 -0.000719121 -0.00149364 -0.00709904 0.000676865
internal_weight=18.6384 18.0418 17.5045 4.88608 12.6184
internal_count=745 727 711 264 447
cat_boundaries=0 1 2
cat_threshold=2 1
is_linear=0
shrinkage=0.1


Tree=434
num_leaves=10
num_cat=4
split_feature=6 5 0 6 0 6 5 4 4
split_gain=0.0113129 0.0368186 0.0921725 0.159425 0.0187316 0.0718595 0.0162384 0.508934 0.190079
threshold=2.5000000000000004 0 2.5000000000000004 3.5000000000000004 3.5000000000000004 1.5000000000000002 1 2 3
decision_type=2 1 2 2 2 2 1 9 9
left_child=4 2 3 -2 6 -6 8 -8 -1
right_child=1 -3 -4 -5 5 -7 7 -9 -10
leaf_value=-0.0087181669916739004 0.040796987385692207 0.017664412797829574 -0.014106322945525643 -0.014143076323668281 -0.019219659391711871 0.013165400750332776 0.006494855022060389 -0.038625823610355388 0.011588898491908139
leaf_weight=8.7803881984436885 1.1080409488640728 1.4741721916943777 2.3682189824758098 1.0092732328921554 2.0205540047027162 1.0367104783654215 12.642443259479478 3.1159550666052356 9.7030456140637398
leaf_count=161 30 20 38 10 48 10 216 169 43
internal_value=-9.17362e-05 0.00395389 -0.000552077 0.0146084 -0.000738153 -0.00823797 -6.85353e-05 -0.00242699 0.00194221
internal_weight=43.2588 5.95971 4.48553 2.11731 37.2991 3.05726 34.2418 15.7584 18.4834
internal_count=745 98 78 40 647 58 589 385 204
cat_boundaries=0 1 2 3 4
cat_threshold=2 1 4 4
is_linear=0
shrinkage=0.1


Tree=435
num_leaves=6
num_cat=1
split_feature=7 0 2 6 0
split_gain=0.0240855 0.0160381 0.0342588 0.160365 0.0957463
threshold=3.5000000000000004 3.5000000000000004 0 1.5000000000000002 2.5000000000000004
decision_type=2 2 1 2 2
left_child=1 2 3 -1 -4
right_child=-2 -3 4 -5 -6
leaf_value=0.048265897065201152 0.02088389136670674 0.0098779476624310317 -0.00022002376225235864 -0.0088465237203140534 -0.0359591632256199
leaf_weight=0.76184208694030564 0.59739822571282175 1.6607557620736759 14.368424544954912 1.3861978235072454 0.7908670348479071
leaf_count=42 34 71 488 30 80
internal_value=0.00111362 0.000490957 -0.000409789 0.0114095 -0.00208455
internal_weight=19.5655 18.9681 17.3073 2.14804 15.1593
internal_count=745 711 640 72 568
cat_boundaries=0 1
cat_threshold=2
is_linear=0
shrinkage=0.1


Tree=436
num_leaves=9
num_cat=4
split_feature=0 5 3 0 1 6 7 4
split_gain=0.0240039 0.0630877 0.0171766 0.256918 0.0633987 0.0674784 0.0258418 0.00757105
threshold=3.5000000000000004 0 1 2.5000000000000004 2 1.5000000000000002 1.5000000000000002 3
decision_type=2 1 1 2 1 2 2 9
left_child=2 -2 3 6 -4 -6 -1 -5
right_child=1 -3 4 7 5 -7 -8 -9
leaf_value=0.017494879280397366 0.014724481041807458 -0.012045516396192044 0.017573864993624164 -0.047303066268383959 -0.0053849996966946288 0.0067507030420669197 -0.0055195588455948918 -0.067065319111194718
leaf_weight=1.3310270780930302 2.8148473899345836 1.2809485321631653 1.7136832363903522 0.35530717067558726 18.181877385533891 6.1253662285234887 0.77021153169334855 0.42662927985656995
leaf_count=49 35 38 21 33 376 167 16 10
internal_value=-0.000812414 0.00635224 -0.00182767 -0.0091511 -0.00101621 -0.00232683 0.00905891 -0.0580855
internal_weight=32.9999 4.0958 28.9041 2.88318 26.0209 24.3072 2.10124 0.781936
internal_count=745 73 672 108 564 543 65 43
cat_boundaries=0 1 2 3 4
cat_threshold=1 2 2 4
is_linear=0
shrinkage=0.1


Tree=437
num_leaves=10
num_cat=6
split_feature=4 1 6 1 0 5 0 3 3
split_gain=0.038316 0.395334 0.217987 0.213291 0.154906 0.429303 0.120668 0.671362 0.338724
threshold=0 1 1.5000000000000002 2 2.5000000000000004 3 2.5000000000000004 4 5
decision_type=9 1 2 1 2 1 2 1 1
left_child=1 6 4 -4 5 -2 8 -8 -1
right_child=2 -3 3 -5 -6 -7 7 -9 -10
leaf_value=0.035394130886269623 0.0099294982633229729 -0.078740112902009426 -0.083104730392010925 -0.0055084444739048602 0.031343399184805228 -0.084806681708367054 0.019334076902657659 -0.051788409377547542 -0.014974106633283869
leaf_weight=3.7626399604487233 2.4858908325259108 0.56038335873745282 0.64323009626241379 0.78843402303755283 1.4499854159075765 0.59230598947033408 4.3262286977696931 1.9145844640588618 2.0695217959000729
leaf_count=298 144 23 42 11 49 17 35 91 35
internal_value=0.00025025 0.00336821 -0.00635904 -0.0403716 0.00439461 -0.00829962 0.00717938 -0.0024852 0.0175211
internal_weight=18.5932 12.6334 5.95985 1.43166 4.52818 3.0782 12.073 6.24081 5.83216
internal_count=745 482 263 53 210 161 459 126 333
cat_boundaries=0 1 2 3 4 5 6
cat_threshold=4 1 1 2 2 1
is_linear=0
shrinkage=0.1


Tree=438
num_leaves=9
num_cat=3
split_feature=3 1 7 6 1 7 0 0
split_gain=0.0106411 0.1069 0.138074 0.159128 0.0886575 0.0627533 0.0967575 0.0596498
threshold=0 1 2.5000000000000004 1.5000000000000002 2 2.5000000000000004 3.5000000000000004 1.5000000000000002
decision_type=1 1 2 2 1 2 2 2
left_child=1 -1 7 -4 -2 6 -6 -3
right_child=4 2 3 -5 5 -7 -8 -9
leaf_value=-0.013950995066831349 0.012124621895955237 0.0083827172710646564 0.0088718280911566187 0.079833515077549336 -0.0086279724326007272 -0.020720971042560016 0.022995655842979433 -0.0018496750471993584
leaf_weight=4.2250576938968152 2.9938211280386895 8.4674402370583355 0.89520697714760789 0.48841971904039383 4.7452103516843618 2.6313555326778442 1.2153199170716105 17.413070029462688
leaf_count=21 25 219 38 23 75 23 23 298
internal_value=-0.000103482 0.000849887 0.00314354 0.0339213 -0.00269468 -0.00785843 -0.00218009 0.0014981
internal_weight=43.0749 31.4892 27.2641 1.38363 11.5857 8.59189 5.96053 25.8805
internal_count=745 599 578 61 146 121 98 517
cat_boundaries=0 1 2 3
cat_threshold=1 2 2
is_linear=0
shrinkage=0.1


Tree=439
num_leaves=8
num_cat=4
split_feature=7 4 2 7 7 1 3
split_gain=0.0221731 0.013472 0.0509283 0.162503 0.0647485 0.0206137 0.0539734
threshold=3.5000000000000004 0 1 1.5000000000000002 1.5000000000000002 2 3
decision_type=2 9 1 2 2 1 1
left_child=1 5 3 -3 -4 6 -1
right_child=-2 2 4 -5 -6 -7 -8
leaf_value=0.0020209413062338461 0.020372922058794093 -0.019015337187641954 0.00093931132459356022 0.036458991574816101 -0.019440219414015657 -0.0027455256683120094 0.024768121091939654
leaf_weight=5.0579036256531253 0.59486775973345984 0.96195697004441205 4.4076954417978449 1.1706845805747432 2.4121508856551372 3.610308950766921 1.3141060674679463
leaf_count=182 34 37 278 24 119 23 48
internal_value=0.00136276 0.00076552 -0.00205111 0.0114365 -0.00626884 0.00329157 0.00671212
internal_weight=19.5297 18.9348 8.95249 2.13264 6.81985 9.98232 6.37201
internal_count=745 711 458 61 397 253 230
cat_boundaries=0 1 2 3 4
cat_threshold=2 2 1 1
is_linear=0
shrinkage=0.1


Tree=440
num_leaves=8
num_cat=3
split_feature=0 5 3 0 1 6 7
split_gain=0.0238404 0.059137 0.0166268 0.217104 0.0486934 0.0539446 0.0240335
threshold=3.5000000000000004 0 1 2.5000000000000004 2 1.5000000000000002 1.5000000000000002
decision_type=2 1 1 2 1 2 2
left_child=2 -2 3 6 -4 -6 -1
right_child=1 -3 4 -5 5 -7 -8
leaf_value=0.015977563090723981 -0.011071073928331794 0.014788494343185535 0.015565309358402302 -0.054662672221401282 -0.0045683488433180975 0.0062782325305514933 -0.0062311618879357274
leaf_weight=1.3276959689101211 1.2900676217686851 2.8118256793823084 1.7197264665737748 0.75649527769564873 18.261525502020969 6.1225383109631357 0.76978233136469487
leaf_count=49 38 35 21 43 376 167 16
internal_value=-0.000479537 0.00665552 -0.00149022 -0.00873706 -0.000697915 -0.00184491 0.00782688
internal_weight=33.0597 4.10189 28.9578 2.85397 26.1038 24.3841 2.09748
internal_count=745 73 672 108 564 543 65
cat_boundaries=0 1 2 3
cat_threshold=2 2 2
is_linear=0
shrinkage=0.1


Tree=441
num_leaves=6
num_cat=0
split_feature=7 6 7 6 0
split_gain=0.0472956 0.0450477 0.0212788 0.0608267 0.0542923
threshold=4.5000000000000009 4.5000000000000009 1.5000000000000002 1.5000000000000002 1.5000000000000002
decision_type=2 2 2 2 2
left_child=1 2 3 -1 -4
right_child=-2 -3 4 -5 -6
leaf_value=-0.016560271984782864 0.029534521760963852 0.026296775141076034 -0.017589717147614956 0.0012109788440494978 0.0045976357213461704
leaf_weight=3.100575344156832 0.5258639685343941 0.58938339911401172 1.2822450236417333 5.0841987418098142 7.8841658197925426
leaf_count=339 16 18 64 163 145
internal_value=-2.51968e-05 -0.000891635 -0.00181517 -0.00552117 0.00149395
internal_weight=18.4664 17.9406 17.3512 8.18477 9.16641
internal_count=745 729 711 502 209
is_linear=0
shrinkage=0.1


Tree=442
num_leaves=9
num_cat=2
split_feature=6 7 0 0 5 7 2 6
split_gain=0.00947735 0.0376756 0.257784 0.017353 0.0720574 0.0128097 0.0940907 0.0359378
threshold=2.5000000000000004 1.5000000000000002 2.5000000000000004 3.5000000000000004 0 2.5000000000000004 1 1.5000000000000002
decision_type=2 2 2 2 1 2 1 2
left_child=3 2 -2 5 -5 7 -7 -1
right_child=1 -3 -4 4 -6 6 -8 -9
leaf_value=0.0019124183856314679 0.021774570386096509 0.011254578459169636 -0.03907522971762261 0.0091091122277659805 -0.021824224748241645 0.019119600322800339 -0.0089090348011822054 -0.0052860219694105372
leaf_weight=17.913789330326836 1.59777015261352 3.0688822482479736 1.2338255403446963 1.3640696629881859 1.6811573351733378 2.3283854434848754 2.4663245156407356 11.31685035955161
leaf_count=412 31 37 30 27 31 55 13 109
internal_value=-0.000143446 0.00357898 -0.00473982 -0.00073594 -0.00796804 -8.8676e-05 0.0047021 -0.000874509
internal_weight=42.9711 5.90048 2.8316 37.0706 3.04523 34.0253 4.79471 29.2306
internal_count=745 98 61 647 58 589 68 521
cat_boundaries=0 1 2
cat_threshold=2 1
is_linear=0
shrinkage=0.1


Tree=443
num_leaves=8
num_cat=3
split_feature=7 4 2 7 7 1 6
split_gain=0.0195123 0.0124946 0.0441725 0.139254 0.0594717 0.0196749 0.0500153
threshold=3.5000000000000004 0 1 1.5000000000000002 1.5000000000000002 2 1.5000000000000002
decision_type=2 9 1 2 2 1 2
left_child=1 5 3 -3 -4 6 -1
right_child=-2 2 4 -5 -6 -7 -8
leaf_value=0.012115898661828486 0.019176247888665648 -0.017754552486988696 0.00085081298777059996 0.033863516347295994 -0.018718631026174538 -0.0028766142881160822 -0.0072649389511076461
leaf_weight=4.4869410113897175 0.58276763575849955 0.95414978967164676 4.409348401415631 1.1556602509226648 2.397213619966351 3.606086440384388 1.89345460338518
leaf_count=195 34 37 278 24 119 23 35
internal_value=0.00115381 0.000598183 -0.0021227 0.0105195 -0.00604138 0.00302751 0.00636442
internal_weight=19.4856 18.9029 8.91637 2.10981 6.80656 9.98648 6.3804
internal_count=745 711 458 61 397 253 230
cat_boundaries=0 1 2 3
cat_threshold=2 2 1
is_linear=0
shrinkage=0.1


Tree=444
num_leaves=9
num_cat=3
split_feature=0 6 5 3 0 6 1 6
split_gain=0.0197447 0.0517599 0.0951807 0.0153244 0.192871 0.128968 0.0414705 0.0430699
threshold=3.5000000000000004 1.5000000000000002 0 1 1.5000000000000002 1.5000000000000002 2 1.5000000000000002
decision_type=2 2 1 1 2 2 1 2
left_child=3 2 -2 4 -1 -6 -5 -8
right_child=1 -3 -4 6 5 -7 7 -9
leaf_value=0.012163782993955291 -0.0073543415954033077 -0.011583240205575449 0.029264717339677605 0.014277626703085175 -0.010213901642462409 -0.07943625182101581 -0.0042046899126338974 0.0054795878426644167
leaf_weight=1.7410827426938342 1.2642263875168283 1.1900910656841004 1.6185042038559905 1.7228004336357117 0.59493475517410821 0.49150223031756468 18.30461834158633 6.1304563404482897
leaf_count=30 27 25 21 21 43 35 376 167
internal_value=-0.000557638 0.00596206 0.0132054 -0.00147374 -0.00846733 -0.04153 -0.000717771 -0.00177503
internal_weight=33.0582 4.07282 2.88273 28.9854 2.82752 1.08644 26.1579 24.4351
internal_count=745 73 48 672 108 78 564 543
cat_boundaries=0 1 2 3
cat_threshold=2 2 2
is_linear=0
shrinkage=0.1


Tree=445
num_leaves=6
num_cat=0
split_feature=7 6 7 0 6
split_gain=0.0452251 0.0387222 0.0216745 0.0515163 0.0507823
threshold=4.5000000000000009 4.5000000000000009 1.5000000000000002 2.5000000000000004 1.5000000000000002
decision_type=2 2 2 2 2
left_child=1 2 4 -4 -1
right_child=-2 -3 3 -5 -6
leaf_value=-0.015773943171900846 0.028737257081451747 0.024410149678105255 0.0098552451756613382 -0.0052547509553202672 0.00049245176910529224
leaf_weight=3.0878590712018283 0.52405539876781304 0.57732526212930579 4.044552543316966 5.1036510385456495 5.0712562648695894
leaf_count=339 16 18 143 66 163
internal_value=-0.000218169 -0.00106662 -0.00191646 0.0014256 -0.00566365
internal_weight=18.4087 17.8846 17.3073 9.1482 8.15912
internal_count=745 729 711 209 502
is_linear=0
shrinkage=0.1


Tree=446
num_leaves=9
num_cat=1
split_feature=6 7 0 0 6 7 2 0
split_gain=0.00895712 0.0339141 0.221327 0.0146033 0.0789671 0.0137493 0.0780476 0.0300457
threshold=2.5000000000000004 1.5000000000000002 2.5000000000000004 3.5000000000000004 1.5000000000000002 2.5000000000000004 0 2.5000000000000004
decision_type=2 2 2 2 2 2 1 2
left_child=3 2 -2 5 -5 7 -7 -1
right_child=1 -3 -4 4 -6 6 -8 -9
leaf_value=-0.0024065243326783 0.020257731821854655 0.010813854835856103 -0.036456227415979509 -0.018875879039912547 0.015371575236150485 0.018086692125521719 -0.0075000643497188909 0.0058880162912327604
leaf_weight=23.918604706894261 1.581588618922978 3.0597448546905071 1.2180418664938768 1.9991928169038138 1.0151410363614559 2.3125085523934095 2.46067064255476 5.3426242896821341
leaf_count=448 31 37 30 48 10 55 13 73
internal_value=-9.65595e-05 0.00353652 -0.00441694 -0.000671143 -0.00734232 -8.02953e-05 0.0048962 -0.000892076
internal_weight=42.9081 5.85938 2.79963 37.0487 3.01433 34.0344 4.77318 29.2612
internal_count=745 98 61 647 58 589 68 521
cat_boundaries=0 1
cat_threshold=1
is_linear=0
shrinkage=0.1


Tree=447
num_leaves=8
num_cat=2
split_feature=7 4 5 0 0 7 0
split_gain=0.0185388 0.011241 0.0361622 0.189278 0.0768053 0.0206315 0.0722261
threshold=3.5000000000000004 0 1 1.5000000000000002 1.5000000000000002 2.5000000000000004 2.5000000000000004
decision_type=2 9 1 2 2 2 2
left_child=1 5 3 -3 -4 6 -1
right_child=-2 2 4 -5 -6 -7 -8
leaf_value=0.0055395207643588826 0.018957331741986508 -0.076087980173257894 0.013205806365720897 0.0037960699833734361 -0.0076212158311752091 0.0145976335546774 -0.018501520634826987
leaf_weight=7.1300659670087025 0.58124087474425223 0.38905482518021206 3.0898864503251406 1.2482206523709463 4.147263988150371 1.354911043308676 1.5152115379460154
leaf_count=181 34 75 99 103 181 12 60
internal_value=0.00136688 0.000825188 -0.00176539 -0.0151862 0.00127084 0.00312413 0.00132598
internal_weight=19.4559 18.8746 8.87443 1.63728 7.23715 10.0002 8.64528
internal_count=745 711 458 178 280 253 241
cat_boundaries=0 1 2
cat_threshold=2 1
is_linear=0
shrinkage=0.1


Tree=448
num_leaves=9
num_cat=5
split_feature=1 0 2 3 6 2 3 7
split_gain=0.0162874 0.0265955 0.0731885 0.116711 0.0481516 0.0232529 0.010083 0.00387737
threshold=0 1.5000000000000002 1 2 1.5000000000000002 3 4 1.5000000000000002
decision_type=1 2 1 1 2 1 1 2
left_child=1 5 3 -3 -4 -1 -7 -2
right_child=7 2 4 -5 -6 6 -8 -9
leaf_value=-0.0061929610171190799 0.01166992455126984 0.051076724977734814 -0.0082161292679782862 -0.017619025533997485 0.0029720704643017262 0.0033098845037316895 0.011852382355609823 0.0036514963240470797
leaf_weight=2.3438188759610057 1.0583013854338781 0.59571075881831348 13.256965364260401 0.42287794523872435 5.4191756130749118 6.7462765445816348 1.7376112291822208 1.4019256100000346
leaf_count=13 26 22 249 37 134 214 30 20
internal_value=-0.000726443 -0.00135734 -0.00354605 0.022557 -0.0049697 0.00262374 0.0050595 0.00710074
internal_weight=32.9827 30.5224 19.6947 1.01859 18.6761 10.8277 8.48389 2.46023
internal_count=745 699 442 59 383 257 244 46
cat_boundaries=0 1 2 3 4 5
cat_threshold=1 2 1 2 1
is_linear=0
shrinkage=0.1


Tree=449
num_leaves=6
num_cat=0
split_feature=7 6 7 0 6
split_gain=0.0431086 0.0338915 0.0210681 0.0502166 0.0429106
threshold=4.5000000000000009 4.5000000000000009 1.5000000000000002 1.5000000000000002 1.5000000000000002
decision_type=2 2 2 2 2
left_child=1 2 4 -4 -1
right_child=-2 -3 3 -5 -6
leaf_value=-0.014982282528114755 0.027968457452351783 0.022858465756225164 -0.017077904622766406 0.0043085972475261549 -9.4038851021507137e-07
leaf_weight=3.0737163754020091 0.52260821964591642 0.56835024617612262 1.2755652497871759 7.8830947480164468 5.0580933704477502
leaf_count=339 16 18 64 145 163
internal_value=-0.00034093 -0.00116936 -0.00195917 0.00133001 -0.00566369
internal_weight=18.3814 17.8588 17.2905 9.15866 8.13181
internal_count=745 729 711 209 502
is_linear=0
shrinkage=0.1


Tree=450
num_leaves=9
num_cat=3
split_feature=1 3 7 6 7 0 0 4
split_gain=0.00829811 0.051924 0.111874 0.157453 0.055582 0.0946868 0.0513213 0.0310064
threshold=0 1 2.5000000000000004 1.5000000000000002 2.5000000000000004 2.5000000000000004 1.5000000000000002 2
decision_type=1 1 2 2 2 2 2 9
left_child=1 2 6 -4 5 -3 -1 -2
right_child=7 4 3 -5 -6 -7 -8 -9
leaf_value=0.0076466257962181971 0.0039900983956595087 -0.019882395684280303 0.0065700969337180535 0.079355938031574633 -0.01841919374670203 0.0076214513791679553 -0.0018306462423549998 -0.0091995437789113826
leaf_weight=8.506174439331522 3.3067313246428967 1.8084962831489955 0.88609758205711731 0.44720154337119311 2.5950404626782984 4.0656385455513373 17.406180078512989 3.8661840830463907
leaf_count=219 23 50 38 23 23 48 298 23
internal_value=-1.52457e-05 0.000608125 0.00273397 0.0309832 -0.0062308 -0.000846282 0.00128043 -0.00311909
internal_weight=42.8877 35.7148 27.2457 1.3333 8.46918 5.87413 25.9124 7.17292
internal_count=745 699 578 61 121 98 517 46
cat_boundaries=0 1 2 3
cat_threshold=1 1 4
is_linear=0
shrinkage=0.1


Tree=451
num_leaves=6
num_cat=1
split_feature=7 0 6 0 1
split_gain=0.0175748 0.0159864 0.0386197 0.0632063 0.0421181
threshold=3.5000000000000004 3.5000000000000004 2.5000000000000004 1.5000000000000002 0
decision_type=2 2 2 2 1
left_child=1 2 3 -1 -4
right_child=-2 -3 4 -5 -6
leaf_value=0.0071173066202321585 0.018728511115413189 0.010506244495096096 -0.00063641092344100293 -0.0067195311023669803 0.024478989045129809
leaf_weight=5.0805648269597521 0.58053028903668646 1.6367955159221299 1.4176814926759098 9.4267203880590387 1.2621873486787081
leaf_count=256 34 71 70 308 6
internal_value=0.00159142 0.00106291 0.00016359 -0.00187376 0.0111927
internal_weight=19.4045 18.8239 17.1872 14.5073 2.67987
internal_count=745 711 640 564 76
cat_boundaries=0 1
cat_threshold=1
is_linear=0
shrinkage=0.1


Tree=452
num_leaves=8
num_cat=3
split_feature=0 5 3 0 1 6 7
split_gain=0.0169755 0.0467518 0.0138664 0.17252 0.0324165 0.0353257 0.0220063
threshold=3.5000000000000004 0 1 2.5000000000000004 2 1.5000000000000002 1.5000000000000002
decision_type=2 1 1 2 1 2 2
left_child=2 -2 3 6 -4 -6 -1
right_child=1 -3 4 -5 5 -7 -8
leaf_value=0.014198228281690459 0.01274311825523923 -0.0102597423774338 0.012421795575594002 -0.050705186750914177 -0.0039864894220617451 0.0047793258419861588 -0.0071545241467438556
leaf_weight=1.3080358193255968 2.7468768802937111 1.3025244679301975 1.7183828838169575 0.71303348415676726 18.324410633038507 6.1370268442260558 0.76490457421459712
leaf_count=49 35 38 21 43 376 167 16
internal_value=-0.000720542 0.00534405 -0.00156837 -0.00827547 -0.000854621 -0.00178727 0.00631917
internal_weight=33.0152 4.0494 28.9658 2.78597 26.1798 24.4614 2.07294
internal_count=745 73 672 108 564 543 65
cat_boundaries=0 1 2 3
cat_threshold=1 2 2
is_linear=0
shrinkage=0.1


Tree=453
num_leaves=6
num_cat=0
split_feature=7 6 7 0 6
split_gain=0.0444475 0.0300955 0.0166048 0.0463337 0.0394439
threshold=4.5000000000000009 4.5000000000000009 1.5000000000000002 2.5000000000000004 1.5000000000000002
decision_type=2 2 2 2 2
left_child=1 2 4 -4 -1
right_child=-2 -3 3 -5 -6
leaf_value=-0.014235794176131673 0.028725714571575085 0.021526978260094774 0.0089331779037721219 -0.005392170126555065 0.00015201835995434096
leaf_weight=3.0566585433189264 0.50939574744552274 0.5626794071868052 4.0495573867228796 5.1028849988942966 5.0590813316957792
leaf_count=339 16 18 143 66 163
internal_value=-0.000400188 -0.00123226 -0.00197387 0.000946173 -0.00526691
internal_weight=18.3403 17.8309 17.2682 9.15244 8.11574
internal_count=745 729 711 209 502
is_linear=0
shrinkage=0.1


Tree=454
num_leaves=9
num_cat=2
split_feature=6 3 0 0 6 7 2 0
split_gain=0.0099195 0.0325094 0.182006 0.0134195 0.0660623 0.0160152 0.0671526 0.0241385
threshold=2.5000000000000004 0 2.5000000000000004 3.5000000000000004 1.5000000000000002 2.5000000000000004 1 2.5000000000000004
decision_type=2 1 2 2 2 2 1 2
left_child=3 2 -2 5 -5 7 -7 -1
right_child=1 -3 -4 4 -6 6 -8 -9
leaf_value=-0.0021993349092210277 -0.005329402453281569 -0.0029012620743882065 0.051624117346971789 -0.017687511401088145 0.013554401537355099 0.017782322969839812 -0.0060567765922967531 0.0052173124202820297
leaf_weight=23.926388812906229 1.8326662527397268 3.1809830800630152 0.80870466009946529 1.9682337463600552 1.0315541326999664 2.2805228728684588 2.4522455055266619 5.3739035381004205
leaf_count=448 37 29 32 48 10 55 13 73
internal_value=7.08714e-05 0.00390783 0.012108 -0.000532381 -0.00694418 3.27764e-05 0.00543029 -0.000839064
internal_weight=42.8552 5.82235 2.64137 37.0328 2.99979 34.0331 4.73277 29.3003
internal_count=745 98 69 647 58 589 68 521
cat_boundaries=0 1 2
cat_threshold=1 1
is_linear=0
shrinkage=0.1


Tree=455
num_leaves=6
num_cat=1
split_feature=7 6 0 3 6
split_gain=0.0174449 0.0128783 0.0283996 0.222504 0.12339
threshold=3.5000000000000004 3.5000000000000004 1.5000000000000002 0 1.5000000000000002
decision_type=2 2 2 1 2
left_child=1 2 3 -1 -4
right_child=-2 -3 4 -5 -6
leaf_value=-0.0058739443852019353 0.018712579832358033 0.010823972856177458 0.0061556460217357381 0.041698380523105379 -0.013979072319482653
leaf_weight=3.7733382913284101 0.56820422562304784 1.2291272929651302 7.2190038780972809 1.3296123199397696 5.262248794115294
leaf_count=238 34 32 287 25 129
internal_value=0.00144938 0.000927992 0.000236268 0.00652138 -0.0023334
internal_weight=19.3815 18.8133 17.5842 5.10295 12.4813
internal_count=745 711 679 263 416
cat_boundaries=0 1
cat_threshold=1
is_linear=0
shrinkage=0.1


Tree=456
num_leaves=10
num_cat=5
split_feature=0 5 5 4 0 4 0 3 0
split_gain=0.0135021 0.0449356 0.0125243 0.548833 0.613025 0.436699 0.445682 0.225595 0.069719
threshold=3.5000000000000004 0 1 2 2.5000000000000004 3 1.5000000000000002 4 1.5000000000000002
decision_type=2 1 1 9 2 9 2 1 2
left_child=2 -2 5 7 -5 6 -1 -4 -7
right_child=1 -3 3 4 -6 8 -8 -9 -10
leaf_value=-0.061842278608175018 0.012011870365262344 -0.010597370929504663 -0.053701241136135072 0.0048816455637180631 0.084178388136021076 0.018503121771226386 -0.0046160419861493423 -0.0061786080746228898 0.0023497181302001751
leaf_weight=2.1330562308430672 2.7268901781644663 1.2972532047424463 1.8960092409397458 6.2196317650377768 1.1561405025422571 4.1292057309765386 3.7596406512020621 2.1112113651051931 7.5708287479355931
leaf_count=17 35 38 229 146 23 75 41 54 87
internal_value=-0.000704425 0.00472338 -0.00145824 0.00112639 0.0173113 -0.00313057 -0.025331 -0.0286639 0.00805062
internal_weight=32.9999 4.02414 28.9757 11.383 7.37577 17.5927 5.8927 4.00722 11.7
internal_count=745 73 672 452 169 220 58 283 162
cat_boundaries=0 1 2 3 4 5
cat_threshold=1 1 4 2 1
is_linear=0
shrinkage=0.1


Tree=457
num_leaves=6
num_cat=0
split_feature=7 6 6 0 0
split_gain=0.0426482 0.032791 0.0160675 0.234921 0.0386955
threshold=4.5000000000000009 4.5000000000000009 2.5000000000000004 2.5000000000000004 2.5000000000000004
decision_type=2 2 2 2 2
left_child=1 2 4 -4 -1
right_child=-2 -3 3 -5 -6
leaf_value=0.0037369516302323755 0.028277122559611234 0.022654285517147252 -0.0581538554601045 0.0086972898987003559 -0.0067213027492038294
leaf_weight=8.4804769546972327 0.50589691824279626 0.55969010060652991 0.71532937948359121 1.9824851789744569 6.0702495068835551
leaf_count=486 16 18 44 33 148
internal_value=-0.000353884 -0.00116723 -0.00194021 -0.00902839 -0.000626007
internal_weight=18.3141 17.8082 17.2485 2.69781 14.5507
internal_count=745 729 711 77 634
is_linear=0
shrinkage=0.1


Tree=458
num_leaves=9
num_cat=3
split_feature=6 3 0 0 5 7 2 6
split_gain=0.00869233 0.0302707 0.165977 0.010832 0.0604909 0.0139974 0.0587022 0.0207918
threshold=2.5000000000000004 0 2.5000000000000004 3.5000000000000004 1 2.5000000000000004 2 1.5000000000000002
decision_type=2 1 2 2 1 2 1 2
left_child=3 2 -2 5 -5 7 -7 -1
right_child=1 -3 -4 4 -6 6 -8 -9
leaf_value=0.0012731441900680871 -0.0048730893939153454 -0.0029394926771393877 0.049927181833902982 0.009191206734375023 -0.019402067808273457 0.016636333543403336 -0.0056983155381709616 -0.0041980276090746588
leaf_weight=18.027695898403181 1.8427790466230356 3.1758455662056804 0.78947047557448957 1.3648951351642609 1.6157440475653848 2.2656742451945311 2.4485472608357668 11.299629095010461
leaf_count=412 37 29 32 27 31 55 13 109
internal_value=3.6248e-05 0.00363297 0.0115627 -0.000528011 -0.00630863 -2.18668e-05 0.00503581 -0.000834863
internal_weight=42.8303 5.8081 2.63225 37.0222 2.98064 34.0415 4.71422 29.3273
internal_count=745 98 69 647 58 589 68 521
cat_boundaries=0 1 2 3
cat_threshold=1 2 1
is_linear=0
shrinkage=0.1


Tree=459
num_leaves=9
num_cat=3
split_feature=4 7 0 6 1 2 7 7
split_gain=0.0195454 0.0556977 0.0607328 0.052067 0.0388115 0.13707 0.0783905 2.44328e-05
threshold=0 2.5000000000000004 2.5000000000000004 1.5000000000000002 1 2 1.5000000000000002 2.5000000000000004
decision_type=9 2 2 2 1 1 2 2
left_child=1 2 3 -1 5 6 -2 -7
right_child=4 -3 -4 -5 -6 7 -8 -9
leaf_value=-0.0015874113358921454 0.0057213385508536174 0.021512846526054574 -0.017098180707117269 0.01599555288704552 0.0062636394969415535 -0.075336029463022161 -0.019452366438470335 -0.077269160625137653
leaf_weight=4.4315765906940197 3.3514975277066696 1.6123402286320931 1.4901598689611999 2.7164998915977776 3.5506514683365822 0.11017888732021663 1.9606522068133925 0.16080099463579245
leaf_count=158 271 21 60 23 23 41 136 12
internal_value=0.00145347 0.00445089 0.00126625 0.00509468 -0.00191045 -0.00710886 -0.00356998 -0.0764832
internal_weight=19.3844 10.2506 8.63824 7.14808 9.13378 5.58313 5.31215 0.27098
internal_count=745 262 241 181 483 460 407 53
cat_boundaries=0 1 2 3
cat_threshold=2 1 1
is_linear=0
shrinkage=0.1


Tree=460
num_leaves=8
num_cat=5
split_feature=1 0 2 3 6 2 3
split_gain=0.0182588 0.0322814 0.0815391 0.108688 0.03957 0.0346133 0.00930918
threshold=0 1.5000000000000002 1 2 1.5000000000000002 3 4
decision_type=1 2 1 1 2 1 1
left_child=1 5 3 -3 -4 -1 -7
right_child=-2 2 4 -5 -6 6 -8
leaf_value=-0.0077549916288954914 0.0076359941801880469 0.051896560531811423 -0.0082537107983839241 -0.015522118403124891 0.0019163999671212883 0.0043197957629102536 0.012551224962312058
leaf_weight=2.3302602018229663 2.4157864750595754 0.58172900346107781 13.181530130197649 0.40601860429160297 5.3901360447998732 6.6208636749361194 1.7336811448913065
leaf_count=13 46 22 249 37 134 214 30
internal_value=-0.000730038 -0.00139828 -0.00381297 0.0241838 -0.00530199 0.003022 0.00602793
internal_weight=32.66 30.2442 19.5594 0.987748 18.5717 10.6848 8.35454
internal_count=745 699 442 59 383 257 244
cat_boundaries=0 1 2 3 4 5
cat_threshold=1 2 1 2 1
is_linear=0
shrinkage=0.1


Tree=461
num_leaves=6
num_cat=0
split_feature=7 6 6 0 0
split_gain=0.0385444 0.0339434 0.014456 0.207109 0.0319551
threshold=4.5000000000000009 4.5000000000000009 2.5000000000000004 2.5000000000000004 2.5000000000000004
decision_type=2 2 2 2 2
left_child=1 2 4 -4 -1
right_child=-2 -3 3 -5 -6
leaf_value=0.0036052187200385681 0.027385006206535969 0.023517729636613548 -0.054906569098447967 0.0082975585634115535 -0.0059234585318285364
leaf_weight=8.4883622495399411 0.49871685961261292 0.55582457315176625 0.70383270573802237 1.9683832689042899 6.0122446101158848
leaf_count=486 16 18 44 33 148
internal_value=-3.25909e-05 -0.000803863 -0.00159107 -0.00834972 -0.000345563
internal_weight=18.2274 17.7286 17.1728 2.67222 14.5006
internal_count=745 729 711 77 634
is_linear=0
shrinkage=0.1


Tree=462
num_leaves=11
num_cat=6
split_feature=6 5 0 3 7 0 4 2 1 2
split_gain=0.00797884 0.0342771 0.054737 0.0813429 0.0127272 0.0279214 0.415411 0.0911789 0.0259964 0.0506955
threshold=2.5000000000000004 0 2.5000000000000004 1 1.5000000000000002 1.5000000000000002 2 3 4 5
decision_type=2 1 2 1 2 2 9 1 1 1
left_child=4 2 3 -2 8 6 -6 -7 -1 -10
right_child=1 -3 -4 -5 5 7 -8 -9 9 -11
leaf_value=-0.0087222147601840987 -0.0094132444137309274 0.016909981154594737 -0.011652087551570191 0.0302188785354582 -0.020129479818557505 -0.012068037713647346 0.041431376986143707 0.0079822175368181123 -0.011549630885038473 0.004105007860280902
leaf_weight=2.4622933394275606 1.0162417008541527 1.4175111688673485 2.2883235821500421 1.0560209173709152 2.8386552073061466 7.1295410672319113 1.7856898009777058 3.3261936847120515 2.3569932275568135 16.908589993181529
leaf_count=24 32 20 38 8 53 108 11 21 39 391
internal_value=-5.36189e-05 0.00340112 -0.000990259 0.0107832 -0.000595942 -0.00282798 0.00364223 -0.00568962 0.000953192 0.00218979
internal_weight=42.5861 5.7781 4.36059 2.07226 36.808 15.0801 4.62435 10.4557 21.7279 19.2656
internal_count=745 98 78 40 647 193 64 129 454 430
cat_boundaries=0 1 2 3 4 5 6
cat_threshold=2 1 4 1 2 2
is_linear=0
shrinkage=0.1


Tree=463
num_leaves=6
num_cat=1
split_feature=7 0 6 0 1
split_gain=0.0211384 0.0185983 0.0308841 0.0474332 0.035664
threshold=3.5000000000000004 3.5000000000000004 2.5000000000000004 1.5000000000000002 0
decision_type=2 2 2 2 1
left_child=1 2 3 -1 -4
right_child=-2 -3 4 -5 -6
leaf_value=0.0057839685267787547 0.020620743750117063 0.011076921764256122 -0.0012068827051046702 -0.0061937653681000751 0.021913284151293518
leaf_weight=5.1043851636350235 0.55472131446003814 1.6139200057805272 1.4120748599052595 9.3853207713109441 1.2647835854440928
leaf_count=256 34 71 70 308 6
internal_value=0.00138196 0.000813704 -0.000151196 -0.00197429 0.00971712
internal_weight=19.3352 18.7805 17.1666 14.4897 2.67686
internal_count=745 711 640 564 76
cat_boundaries=0 1
cat_threshold=1
is_linear=0
shrinkage=0.1


Tree=464
num_leaves=8
num_cat=5
split_feature=1 0 2 3 6 2 4
split_gain=0.0154608 0.0304666 0.0674867 0.093281 0.0351845 0.0301627 0.0101677
threshold=0 1.5000000000000002 1 2 1.5000000000000002 3 4
decision_type=1 2 1 1 2 1 9
left_child=1 5 3 -3 -4 -1 -7
right_child=-2 2 4 -5 -6 6 -8
leaf_value=-0.0069163911240356802 0.0071531460773495165 0.047922525071566746 -0.0076163081665216268 -0.014706301042754114 0.001965506934335854 0.011287946227328415 0.0036644360464406856
leaf_weight=2.3337632580660284 2.4128001283388576 0.57594207848887891 13.261161649210413 0.40508624073117971 5.3898453261499517 2.4955774479312822 5.8519683844351693
leaf_count=13 46 22 249 37 134 79 165
internal_value=-0.000550998 -0.00116421 -0.00350264 0.0220618 -0.00484732 0.00313378 0.00594356
internal_weight=32.7261 30.3133 19.632 0.981028 18.651 10.6813 8.34755
internal_count=745 699 442 59 383 257 244
cat_boundaries=0 1 2 3 4 5
cat_threshold=1 2 1 2 2
is_linear=0
shrinkage=0.1


Tree=465
num_leaves=6
num_cat=0
split_feature=7 6 7 0 6
split_gain=0.0336854 0.028946 0.0154788 0.0474574 0.0387832
threshold=4.5000000000000009 4.5000000000000009 1.5000000000000002 1.5000000000000002 1.5000000000000002
decision_type=2 2 2 2 2
left_child=1 2 4 -4 -1
right_child=-2 -3 3 -5 -6
leaf_value=-0.013792433205903207 0.025499146134211271 0.021564061242126311 -0.016820727841812728 0.0040210981371078302 0.00052038653358902948
leaf_weight=3.0435643084711135 0.49422922288067539 0.55233765672892232 1.2688387355883586 7.8624895012180787 5.0088099293934647
leaf_count=339 16 18 64 145 163
internal_value=-0.000251533 -0.000969097 -0.00169338 0.00112503 -0.00488944
internal_weight=18.2303 17.736 17.1837 9.13133 8.05237
internal_count=745 729 711 209 502
is_linear=0
shrinkage=0.1


Tree=466
num_leaves=10
num_cat=4
split_feature=6 7 0 7 0 4 4 1 2
split_gain=0.00798779 0.0338644 0.185363 0.0107852 0.0272866 0.356548 0.0787776 0.0214707 0.0400444
threshold=2.5000000000000004 1.5000000000000002 2.5000000000000004 1.5000000000000002 1.5000000000000002 0 1 2 3
decision_type=2 2 2 2 2 9 9 1 1
left_child=3 2 -2 7 5 -5 -6 -1 -9
right_child=1 -3 -4 4 6 -7 -8 8 -10
leaf_value=-0.0079365443463055609 0.018017403179235527 0.010691600304136781 -0.034635817028339913 -0.018157894990425527 0.0024265414606076314 0.038970052856716633 -0.015008261961712295 -0.010251798555256507 0.0036727577489026799
leaf_weight=2.4626441292930394 1.5526938564144068 3.0410432819626294 1.1742636259878052 2.8448521867394447 5.7384921447956003 1.7736133337020863 4.7259034402668458 2.3514797766692936 16.968942023871939
leaf_count=24 31 37 30 53 96 11 33 39 391
internal_value=-2.46997e-05 0.00343577 -0.00465576 -0.000566122 -0.00262163 0.00378075 -0.00544732 0.000857135 0.00197801
internal_weight=42.6339 5.768 2.72696 36.8659 15.0829 4.61847 10.4644 21.7831 19.3204
internal_count=745 98 61 647 193 64 129 454 430
cat_boundaries=0 1 2 3 4
cat_threshold=4 4 2 2
is_linear=0
shrinkage=0.1


Tree=467
num_leaves=6
num_cat=1
split_feature=7 0 6 0 1
split_gain=0.0193998 0.0144845 0.0300167 0.045246 0.034258
threshold=3.5000000000000004 3.5000000000000004 2.5000000000000004 1.5000000000000002 0
decision_type=2 2 2 2 1
left_child=1 2 3 -1 -4
right_child=-2 -3 4 -5 -6
leaf_value=0.0056113141990354583 0.019763030706174679 0.0097108673542879824 -0.0011342831605069788 -0.0060900862946118052 0.021542323426114739
leaf_weight=5.1015040221973402 0.54846999939763819 1.6236318236624345 1.4120200448414826 9.3810280562756816 1.2612870493903756
leaf_count=256 34 71 70 308 6
internal_value=0.00122468 0.000683255 -0.00017112 -0.00196824 0.00956472
internal_weight=19.3279 18.7795 17.1558 14.4825 2.67331
internal_count=745 711 640 564 76
cat_boundaries=0 1
cat_threshold=1
is_linear=0
shrinkage=0.1


Tree=468
num_leaves=9
num_cat=5
split_feature=1 0 2 3 2 6 4 7
split_gain=0.0135784 0.0259848 0.0547252 0.079129 0.0316818 0.0310812 0.0114294 0.00223514
threshold=0 1.5000000000000002 1 2 3 1.5000000000000002 4 1.5000000000000002
decision_type=1 2 1 1 1 2 9 2
left_child=1 4 3 -3 -1 -4 -6 -2
right_child=7 2 5 -5 6 -7 -8 -9
leaf_value=-0.0073940087294642777 0.010248260188753673 0.043823465427032686 -0.0070071384360119006 -0.014084195592730201 0.011474392313588107 0.0019912967963804933 0.0033813826802741188 0.0040948306009654795
leaf_weight=2.3305431669577956 1.0352297727949911 0.57128986658062786 13.330008190094309 0.40203686070162803 2.4863618706585839 5.3908940954133859 5.8527394762786589 1.373448533558985
leaf_count=13 26 22 249 37 79 134 165 20
internal_value=-0.000487471 -0.00106077 -0.00321398 0.0199045 0.00291367 -0.00441594 0.00579437 0.00673952
internal_weight=32.7726 30.3639 19.6942 0.973327 10.6696 18.7209 8.3391 2.40868
internal_count=745 699 442 59 257 383 244 46
cat_boundaries=0 1 2 3 4 5
cat_threshold=1 2 1 2 2
is_linear=0
shrinkage=0.1


Tree=469
num_leaves=8
num_cat=2
split_feature=6 7 6 0 5 1 0
split_gain=0.0317412 0.0187204 0.0499639 0.299043 0.0719314 0.0472861 0.0654516
threshold=3.5000000000000004 1.5000000000000002 1.5000000000000002 1.5000000000000002 0 1 2.5000000000000004
decision_type=2 2 2 2 1 1 2
left_child=1 2 3 -1 -4 6 -3
right_child=-2 5 4 -5 -6 -7 -8
leaf_value=0.0026767292759177722 -0.018788362706631576 0.015185969800611061 -0.0052511016778838621 -0.075455975418704399 0.020907419046933846 -0.017112651338612932 -0.0024125489963750515
leaf_weight=2.4139977743980192 0.89762651402270321 4.0094650347600673 3.2439747123717098 0.61456521250511276 1.5551746096462009 0.99702761950902541 4.4687548379588407
leaf_count=141 38 127 118 198 37 20 66
internal_value=-0.000453334 0.000497833 -0.00312106 -0.0131782 0.00322562 0.00348748 0.00591003
internal_weight=18.2006 17.303 7.82771 3.02856 4.79915 9.47525 8.47822
internal_count=745 707 494 339 155 213 193
cat_boundaries=0 1 2
cat_threshold=2 1
is_linear=0
shrinkage=0.1


Tree=470
num_leaves=9
num_cat=2
split_feature=6 3 0 0 6 7 2 0
split_gain=0.00913642 0.0333259 0.173472 0.0102718 0.0778924 0.0148062 0.0690076 0.0240237
threshold=2.5000000000000004 0 2.5000000000000004 3.5000000000000004 1.5000000000000002 2.5000000000000004 1 2.5000000000000004
decision_type=2 1 2 2 2 2 1 2
left_child=3 2 -2 5 -5 7 -7 -1
right_child=1 -3 -4 4 -6 6 -8 -9
leaf_value=-0.0022068368026813378 -0.0047276914225635666 -0.0031728273988593059 0.051530524300125724 -0.017751315945726241 0.016508268503589465 0.017919327011240896 -0.0063791631535026873 0.0051983040830754909
leaf_weight=23.877903264816272 1.8299724808894091 3.1329095778055489 0.78245030349353317 1.9599823581520459 1.0033729523420334 2.2340462056454262 2.4511996824294329 5.365427770651876
leaf_count=448 37 29 32 48 10 55 13 73
internal_value=7.2531e-05 0.00378191 0.0121223 -0.000505146 -0.00615124 -1.20108e-05 0.00520698 -0.000848177
internal_weight=42.6373 5.74533 2.61242 36.8919 2.96336 33.9286 4.68525 29.2433
internal_count=745 98 69 647 58 589 68 521
cat_boundaries=0 1 2
cat_threshold=1 1
is_linear=0
shrinkage=0.1


Tree=471
num_leaves=10
num_cat=3
split_feature=4 7 0 6 2 7 7 3 6
split_gain=0.0187181 0.0480531 0.0574582 0.0396879 0.037546 0.113379 0.0511973 0.192774 0.1075
threshold=0 2.5000000000000004 2.5000000000000004 1.5000000000000002 1 1.5000000000000002 1.5000000000000002 2 3.5000000000000004
decision_type=9 2 2 2 1 2 2 1 2
left_child=1 2 3 -1 6 -6 8 -8 -2
right_child=4 -3 -4 -5 5 -7 7 -9 -10
leaf_value=-0.0010624903334929493 -0.0065294486496503337 0.019997837885066608 -0.01683696898785687 0.014269545844322384 -0.016552638795602172 0.030235157736571205 -0.043683121333169428 0.010751418073179994 0.034031061432356895
leaf_weight=4.4149852354312298 3.5844505995046347 1.5912794712930924 1.4816067552892489 2.7337454496882856 0.9294462535035567 1.169770008040359 1.3193482739334286 1.2834591951686889 0.79911202246148594
leaf_count=158 262 21 60 23 37 30 125 13 16
internal_value=0.00109462 0.00403017 0.00108601 0.00480063 -0.00220797 0.00951945 -0.00573175 -0.0168411 0.000864626
internal_weight=19.3072 10.2216 8.63034 7.14873 9.08559 2.09922 6.98637 2.60281 4.38356
internal_count=745 262 241 181 483 67 416 138 278
cat_boundaries=0 1 2 3
cat_threshold=2 1 1
is_linear=0
shrinkage=0.1


Tree=472
num_leaves=8
num_cat=5
split_feature=1 0 2 3 6 2 4
split_gain=0.011866 0.0239706 0.0446115 0.0725345 0.0321174 0.0259764 0.00992521
threshold=0 1.5000000000000002 1 2 1.5000000000000002 3 4
decision_type=1 2 1 1 2 1 9
left_child=1 5 3 -3 -4 -1 -7
right_child=-2 2 4 -5 -6 6 -8
leaf_value=-0.0066409976448941997 0.0061591616012767044 0.041051956619678698 -0.0069166179326123432 -0.015017880565770615 0.0022233094544180329 0.010589924861815458 0.0030446149648656971
leaf_weight=2.3337541338987648 2.4065859335532869 0.55908289586659521 13.319983861019869 0.39283357991371304 5.4045945251200456 2.485025959322229 5.841227810597049
leaf_count=13 46 22 249 37 134 79 165
internal_value=-0.000599718 -0.0011359 -0.0032049 0.0179133 -0.0042785 0.00268312 0.00529656
internal_weight=32.7431 30.3365 19.6765 0.951916 18.7246 10.66 8.32625
internal_count=745 699 442 59 383 257 244
cat_boundaries=0 1 2 3 4 5
cat_threshold=1 2 1 2 2
is_linear=0
shrinkage=0.1


Tree=473
num_leaves=6
num_cat=0
split_feature=6 7 7 0 6
split_gain=0.0342077 0.036175 0.0130712 0.045701 0.0300922
threshold=4.5000000000000009 4.5000000000000009 1.5000000000000002 1.5000000000000002 1.5000000000000002
decision_type=2 2 2 2 2
left_child=1 2 4 -4 -1
right_child=-2 -3 3 -5 -6
leaf_value=-0.012783223445333858 0.024236985126215166 0.025705533767602359 -0.016942568369076341 0.0035235155973325286 -0.00010176100885510688
leaf_weight=2.9884302329228474 0.54840214736759563 0.48863645177334447 1.2662734077312032 7.8861342599848285 5.0050239069387317
leaf_count=339 18 16 64 145 163
internal_value=-0.000358899 -0.00112379 -0.00188839 0.000691948 -0.00484285
internal_weight=18.1829 17.6345 17.1459 9.15241 7.99345
internal_count=745 727 711 209 502
is_linear=0
shrinkage=0.1


Tree=474
num_leaves=10
num_cat=2
split_feature=6 5 0 6 0 6 7 2 0
split_gain=0.00785075 0.035359 0.038744 0.111557 0.00966667 0.0703027 0.0160893 0.0604292 0.0200532
threshold=2.5000000000000004 0 2.5000000000000004 3.5000000000000004 3.5000000000000004 1.5000000000000002 2.5000000000000004 1 2.5000000000000004
decision_type=2 1 2 2 2 2 2 1 2
left_child=4 2 3 -2 6 -6 8 -8 -1
right_child=1 -3 -4 -5 5 -7 7 -9 -10
leaf_value=-0.0020025388194157335 0.031569919330594408 0.017383855346564617 -0.0099116240981612005 -0.01506793288223638 -0.017002442232076035 0.015505968113867081 0.017461037247511784 -0.0052974303756544334 0.004753839195573371
leaf_weight=23.891185219792536 1.0628589107654991 1.4063603412359942 2.2594341596704908 0.99118747003376473 1.9401132698403663 1.0123751387000084 2.2304099951870731 2.4463825430721045 5.3826798396185032
leaf_count=448 30 20 38 10 48 10 55 13 73
internal_value=0.000166924 0.00361418 -0.000875265 0.00906466 -0.000367386 -0.00585567 0.000109898 0.00555631 -0.000760222
internal_weight=42.623 5.71984 4.31348 2.05405 36.9031 2.95249 33.9507 4.67679 29.2739
internal_count=745 98 78 40 647 58 589 68 521
cat_boundaries=0 1 2
cat_threshold=2 1
is_linear=0
shrinkage=0.1


Tree=475
num_leaves=6
num_cat=1
split_feature=7 0 6 0 1
split_gain=0.0173694 0.0133799 0.0253197 0.0483971 0.0291649
threshold=3.5000000000000004 3.5000000000000004 2.5000000000000004 1.5000000000000002 0
decision_type=2 2 2 2 1
left_child=1 2 3 -1 -4
right_child=-2 -3 4 -5 -6
leaf_value=0.0058581435353116246 0.018695460452597245 0.0091789183962699035 -0.0012514288916595888 -0.0062546011029188265 0.019715399176260966
leaf_weight=5.0901816107798448 0.53847934136865561 1.6154520481941279 1.4091714936002964 9.3721462452813284 1.2536348979920149
leaf_count=256 34 71 70 308 6
internal_value=0.000987996 0.000479201 -0.000341462 -0.00199138 0.00861964
internal_weight=19.2791 18.7406 17.1251 14.4623 2.66281
internal_count=745 711 640 564 76
cat_boundaries=0 1
cat_threshold=1
is_linear=0
shrinkage=0.1


Tree=476
num_leaves=10
num_cat=3
split_feature=0 6 5 3 0 6 0 1 6
split_gain=0.0127066 0.0412045 0.0789089 0.0102032 0.168551 0.123774 0.0307261 0.306567 0.0245289
threshold=3.5000000000000004 1.5000000000000002 0 1 1.5000000000000002 1.5000000000000002 1.5000000000000002 2 1.5000000000000002
decision_type=2 2 1 1 2 2 2 1 2
left_child=3 2 -2 4 -1 -6 7 -5 -8
right_child=1 -3 -4 6 5 -7 8 -9 -10
leaf_value=0.011835611002923341 -0.0073845556383293947 -0.010922454407033639 0.026287856563420888 0.00041147452359972017 -0.0089635175391025706 -0.079151237810248451 -0.00055232186305788041 -0.060599039068604955 0.0081384176549693116
leaf_weight=1.7271711822832005 1.2610570791875944 1.2015988706261849 1.5530318452510974 8.9174871458963079 0.57973961700008636 0.44342426682123914 11.662525087391261 0.90740458574145932 4.500990286243904
leaf_count=30 27 25 21 227 43 35 211 11 115
internal_value=-0.000689735 0.00457932 0.0111985 -0.00142599 -0.00721801 -0.0393818 -0.000813019 -0.00522332 0.00186775
internal_weight=32.7544 4.01569 2.81409 28.7387 2.75034 1.02316 25.9884 9.82489 16.1635
internal_count=745 73 48 672 108 78 564 238 326
cat_boundaries=0 1 2 3
cat_threshold=2 2 1
is_linear=0
shrinkage=0.1


Tree=477
num_leaves=6
num_cat=0
split_feature=7 6 7 0 6
split_gain=0.0326651 0.0304406 0.0108709 0.0389439 0.0281247
threshold=4.5000000000000009 4.5000000000000009 1.5000000000000002 1.5000000000000002 1.5000000000000002
decision_type=2 2 2 2 2
left_child=1 2 4 -4 -1
right_child=-2 -3 3 -5 -6
leaf_value=-0.012236085162112447 0.025142334804346463 0.022191152336203543 -0.015869344384121607 0.0031099691029902628 4.3523448261756825e-05
leaf_weight=2.9760589004872697 0.48737302422523399 0.54381254687905212 1.2526431859587299 7.8960834883910138 4.9967880825570319
leaf_count=339 16 18 64 145 163
internal_value=-0.000396544 -0.00110114 -0.00184095 0.000511322 -0.00454014
internal_weight=18.1528 17.6654 17.1216 9.14873 7.97285
internal_count=745 729 711 209 502
is_linear=0
shrinkage=0.1


Tree=478
num_leaves=9
num_cat=4
split_feature=6 3 0 7 2 0 1 2
split_gain=0.00885419 0.0347672 0.150818 0.0100052 0.024529 0.0862611 0.0177518 0.0301823
threshold=2.5000000000000004 0 2.5000000000000004 1.5000000000000002 1 1.5000000000000002 2 3
decision_type=2 1 2 2 1 2 1 1
left_child=3 2 -2 6 -5 -6 -1 -8
right_child=1 -3 -4 4 5 -7 7 -9
leaf_value=-0.0069632669143040648 -0.003081492221603466 -0.0032490715608935517 0.049727204189487284 0.0042120953478560642 0.007395095478696271 -0.011308992303951854 -0.0085947078417286365 0.0035099389660250982
leaf_weight=2.463752661831677 1.8438859884627157 3.107958426233381 0.76525218749884505 4.1604741550981998 3.7768539912067336 7.1026785963331349 2.3428695153561421 17.055803601615487
leaf_count=24 37 29 32 24 61 108 39 391
internal_value=0.000234097 0.00389603 0.0124071 -0.000333226 -0.00231846 -0.00481583 0.00103249 0.002048
internal_weight=42.6195 5.7171 2.60914 36.9024 15.04 10.8795 21.8624 19.3987
internal_count=745 98 69 647 193 169 454 430
cat_boundaries=0 1 2 3 4
cat_threshold=1 2 2 2
is_linear=0
shrinkage=0.1


Tree=479
num_leaves=10
num_cat=4
split_feature=4 7 0 2 6 0 1 3 6
split_gain=0.018805 0.0545023 0.0544429 0.0340955 0.100443 0.0537179 0.249584 0.15792 0.0333891
threshold=0 2.5000000000000004 2.5000000000000004 1 1.5000000000000002 1.5000000000000002 2 3 1.5000000000000002
decision_type=9 2 2 1 2 2 1 1 2
left_child=1 2 8 5 -5 7 -7 -2 -1
right_child=3 -3 -4 4 -6 6 -8 -9 -10
leaf_value=-0.00094226473755524794 -0.016782957533343145 0.021043389284903666 -0.016645806360774586 0.038582151666424647 -0.0072973932136246328 -0.10011063086880884 -0.006026443657331515 0.024749323965835242 0.013097948684882319
leaf_weight=4.4111586660146695 1.9557910778094083 1.5803147302940495 1.4756017687614074 0.73805135226575691 1.350018348166486 0.31142279878258705 2.9799763368573626 1.7212233284953982 2.7495330031961203
leaf_count=158 152 21 60 34 33 3 242 19 23
internal_value=0.00102802 0.00396896 0.000844596 -0.00228966 0.00891924 -0.00564838 -0.0149284 0.00265845 0.00444884
internal_weight=19.2731 10.2166 8.63629 9.05648 2.08807 6.96841 3.2914 3.67701 7.16069
internal_count=745 262 241 483 67 416 245 171 181
cat_boundaries=0 1 2 3 4
cat_threshold=2 1 2 1
is_linear=0
shrinkage=0.1


Tree=480
num_leaves=8
num_cat=5
split_feature=1 0 7 5 2 5 3
split_gain=0.0183341 0.0205114 0.0432531 0.0444144 0.0312573 0.0248934 0.0109545
threshold=0 1.5000000000000002 1.5000000000000002 1 2 3 4
decision_type=1 2 2 1 1 1 1
left_child=1 4 5 -4 -1 -3 -6
right_child=-2 2 3 -5 6 -7 -8
leaf_value=-0.0079942212909261401 0.0078517837311955722 -0.0064869872015445047 -0.00055654788483859086 -0.020046347027812168 0.0032597150708334323 0.0022576719319920779 0.012208365788288723
leaf_weight=2.3265821887180209 2.3666410552395964 4.7983405474151368 2.0803538768159342 2.6698057410685569 6.5829579827841389 10.123478365829216 1.7268044634838586
leaf_count=13 46 184 113 35 214 110 30
internal_value=-0.00062512 -0.00128704 -0.00319993 -0.0115107 0.00225085 -0.000554308 0.00511928
internal_weight=32.675 30.3083 19.672 4.75016 10.6363 14.9218 8.30976
internal_count=745 699 442 148 257 294 244
cat_boundaries=0 1 2 3 4 5
cat_threshold=1 2 2 2 1
is_linear=0
shrinkage=0.1


Tree=481
num_leaves=6
num_cat=0
split_feature=6 7 6 0 0
split_gain=0.0316037 0.030682 0.011098 0.150819 0.0303464
threshold=4.5000000000000009 4.5000000000000009 2.5000000000000004 2.5000000000000004 2.5000000000000004
decision_type=2 2 2 2 2
left_child=1 2 4 -4 -1
right_child=-2 -3 3 -5 -6
leaf_value=0.0031412695887505174 0.023417159809770716 0.023768476966906475 -0.04821906220208632 0.0065605215959136974 -0.006150070287215992
leaf_weight=8.491686340959868 0.54283898929133911 0.48319838801398773 0.6812077250797296 1.9168682600866302 5.9982227182117631
leaf_count=486 18 16 44 33 148
internal_value=-0.000347229 -0.0010814 -0.00178408 -0.00780252 -0.000704961
internal_weight=18.114 17.5712 17.088 2.59808 14.4899
internal_count=745 727 711 77 634
is_linear=0
shrinkage=0.1


Tree=482
num_leaves=8
num_cat=2
split_feature=7 6 0 1 0 4 7
split_gain=0.00876276 0.0344789 0.809663 0.0261486 0.0876329 0.107096 0.102654
threshold=2.5000000000000004 1.5000000000000002 2.5000000000000004 0 2.5000000000000004 1 1.5000000000000002
decision_type=2 2 2 1 2 9 2
left_child=3 2 -2 4 5 -1 -6
right_child=1 -3 -4 -5 6 -7 -8
leaf_value=-0.007956703748366498 0.056088887458702365 0.011865917373655551 -0.058269017049355498 -0.0065328226373178215 0.0018256445024999448 0.006397801200627125 0.024276200814961759
leaf_weight=13.946788024681155 1.1698259366676205 2.7165157567942515 1.3151331705157643 5.7066600462421766 6.4714256566367094 8.2851312533166528 2.9720298952306621
leaf_count=300 27 35 28 40 114 170 31
internal_value=0.000233338 0.00407897 -0.00443359 -0.000301758 0.000820836 -0.00260723 0.00889125
internal_weight=42.5835 5.20147 2.48496 37.382 31.6754 22.2319 9.44346
internal_count=745 90 55 655 615 470 145
cat_boundaries=0 1 2
cat_threshold=1 4
is_linear=0
shrinkage=0.1


Tree=483
num_leaves=6
num_cat=1
split_feature=7 0 6 0 1
split_gain=0.0158252 0.0156395 0.0245265 0.0410415 0.0281065
threshold=3.5000000000000004 3.5000000000000004 2.5000000000000004 1.5000000000000002 0
decision_type=2 2 2 2 1
left_child=1 2 3 -1 -4
right_child=-2 -3 4 -5 -6
leaf_value=0.0050856127242508578 0.01789858352113427 0.0098636668288169943 -0.0013703345325658026 -0.0060631435607879612 0.019226501212611297
leaf_weight=5.1098507172137113 0.53084848204161872 1.5937641026830522 1.4064302763144942 9.3326188375067431 1.2525902986526489
leaf_count=256 34 71 70 308 6
internal_value=0.000872728 0.000389282 -0.000493678 -0.00211863 0.00833226
internal_weight=19.2261 18.6953 17.1015 14.4425 2.65902
internal_count=745 711 640 564 76
cat_boundaries=0 1
cat_threshold=1
is_linear=0
shrinkage=0.1


Tree=484
num_leaves=8
num_cat=4
split_feature=1 0 2 3 6 2 7
split_gain=0.0149375 0.0178412 0.0429008 0.0576856 0.0287208 0.0256463 0.0114277
threshold=0 1.5000000000000002 1 2 1.5000000000000002 3 1.5000000000000002
decision_type=1 2 1 1 2 1 2
left_child=1 5 3 -3 -4 -1 -7
right_child=-2 2 4 -5 -6 6 -8
leaf_value=-0.0071546836405666312 0.0070546246239842503 0.03857564346135274 -0.0065097685650318399 -0.012143354107499499 0.0021357146882253924 0.0022557841145151342 0.010316816399121511
leaf_weight=2.3302058586850762 2.369779906468465 0.55249818798620254 13.319569527193385 0.37744204606860876 5.4005300041026194 5.7523954623611662 2.5330467865278479
leaf_count=13 46 22 249 37 134 185 59
internal_value=-0.000591032 -0.00118968 -0.00297423 0.0179899 -0.00401565 0.0021136 0.00472022
internal_weight=32.6355 30.2657 19.65 0.92994 18.7201 10.6156 8.28544
internal_count=745 699 442 59 383 257 244
cat_boundaries=0 1 2 3 4
cat_threshold=1 2 1 2
is_linear=0
shrinkage=0.1


Tree=485
num_leaves=6
num_cat=0
split_feature=6 7 7 0 6
split_gain=0.0288587 0.0256513 0.0124913 0.035301 0.0265004
threshold=4.5000000000000009 4.5000000000000009 1.5000000000000002 1.5000000000000002 1.5000000000000002
decision_type=2 2 2 2 2
left_child=1 2 4 -4 -1
right_child=-2 -3 3 -5 -6
leaf_value=-0.012005662632178447 0.022568583857899886 0.021978069496800191 -0.014810919936025877 0.0033504784617963256 -6.7091615824776656e-05
leaf_weight=2.9684706232292326 0.53576869750395317 0.47309612855315109 1.2377816301304827 7.9078660667000804 4.9759929624415236
leaf_count=339 18 16 64 145 163
internal_value=-0.000293971 -0.000991397 -0.00162725 0.000892496 -0.00452797
internal_weight=18.099 17.5632 17.0901 9.14565 7.94446
internal_count=745 727 711 209 502
is_linear=0
shrinkage=0.1


Tree=486
num_leaves=10
num_cat=5
split_feature=6 5 3 0 7 2 6 1 2
split_gain=0.00862049 0.0406015 0.0349637 0.0971984 0.0104832 0.0212488 0.0803364 0.0195498 0.0284436
threshold=2.5000000000000004 0 1 2.5000000000000004 1.5000000000000002 2 1.5000000000000002 3 4
decision_type=2 1 1 2 2 1 2 1 1
left_child=4 2 -2 -4 7 -6 -7 -1 -9
right_child=1 -3 3 -5 5 6 -8 8 -10
leaf_value=-0.007346956417606694 -0.0080289035751420247 0.018623824240361474 -0.008281173655833236 0.04225695163974108 0.0037146324813242533 -0.0078547053332194972 0.018797421349647569 -0.008192116820993486 0.0035489499312964566
leaf_weight=2.4538741490105167 2.6661491221748292 1.4014930399134744 1.0200861906632779 0.60701264650560904 4.1483337674289942 9.5579414194798993 1.2827475003432489 2.347668057482224 17.036217888351537
leaf_count=24 21 20 32 25 24 149 20 39 391
internal_value=0.000224469 0.00384528 -0.00097904 0.0105728 -0.000335439 -0.00237193 -0.00470104 0.00106237 0.00212694
internal_weight=42.5215 5.69474 4.29325 1.6271 36.8268 14.989 10.8407 21.8378 19.3839
internal_count=745 98 78 57 647 193 169 454 430
cat_boundaries=0 1 2 3 4 5
cat_threshold=2 2 2 2 2
is_linear=0
shrinkage=0.1


Tree=487
num_leaves=9
num_cat=3
split_feature=4 7 0 1 2 7 6 7
split_gain=0.0150999 0.0481218 0.0472298 0.0314373 0.133595 0.0729113 0.0270223 2.29258e-05
threshold=0 2.5000000000000004 2.5000000000000004 1 2 1.5000000000000002 1.5000000000000002 2.5000000000000004
decision_type=9 2 2 1 1 2 2 2
left_child=1 2 6 4 5 -2 -1 -6
right_child=3 -3 -4 -5 7 -7 -8 -9
leaf_value=-0.0010155968975373989 0.005456557406302456 0.019576837084884523 -0.015882860549668493 0.0052059415154685103 -0.075297939542634001 -0.019082815362567146 0.01160523001753852 -0.077222591596651916
leaf_weight=4.4097229293547553 3.3461048288154416 1.5613073250278837 1.4618463233928194 3.5047038607299328 0.099779816257068776 1.8973405743236069 2.7572056753560901 0.16298257745802402
leaf_count=158 271 21 60 23 41 136 23 12
internal_value=0.000784564 0.00342163 0.000498472 -0.00219759 -0.00690994 -0.00342301 0.00383979 -0.0764917
internal_weight=19.201 10.1901 8.62877 9.01091 5.50621 5.24345 7.16693 0.262762
internal_count=745 262 241 483 460 407 181 53
cat_boundaries=0 1 2 3
cat_threshold=2 1 1
is_linear=0
shrinkage=0.1


Tree=488
num_leaves=9
num_cat=3
split_feature=0 6 5 3 0 1 6 7
split_gain=0.0138414 0.0388852 0.0675668 0.00989859 0.156565 0.0340333 0.026344 0.0207975
threshold=3.5000000000000004 1.5000000000000002 0 1 2.5000000000000004 2 1.5000000000000002 1.5000000000000002
decision_type=2 2 1 1 2 1 2 2
left_child=3 2 -2 4 7 -5 -7 -1
right_child=1 -3 -4 5 -6 6 -8 -9
leaf_value=0.014289339410940733 -0.0056684235606133089 -0.010164724345488204 0.025439576145137217 0.013130626202517327 -0.04908968184789466 -0.0036198348110295514 0.003977195665218463 -0.0065908441252290799
leaf_weight=1.2951701072743169 1.2786410171538591 1.2021016120561396 1.5381240872666231 1.6488266978412867 0.66976233872264845 18.211139250750431 6.091230959595122 0.75516072408936441
leaf_count=49 27 25 21 21 43 376 167 16
internal_value=-0.000603585 0.0048925 0.0113184 -0.00137397 -0.00711315 -0.000772418 -0.00171569 0.00659892
internal_weight=32.6902 4.01887 2.81677 28.6713 2.72009 25.9512 24.3024 2.05033
internal_count=745 73 48 672 108 564 543 65
cat_boundaries=0 1 2 3
cat_threshold=2 2 2
is_linear=0
shrinkage=0.1


Tree=489
num_leaves=6
num_cat=1
split_feature=6 7 7 0 5
split_gain=0.0300947 0.0227711 0.0112972 0.0345796 0.0273429
threshold=4.5000000000000009 4.5000000000000009 1.5000000000000002 2.5000000000000004 0
decision_type=2 2 2 2 1
left_child=1 2 4 -4 -1
right_child=-2 -3 3 -5 -6
leaf_value=-0.0086870587306790824 0.022997521948713347 0.020715708614614622 0.0074668132777512657 -0.004893204842774921 0.0037307150873433594
leaf_weight=5.2424972971930401 0.53276524413376947 0.46458542253821988 4.1174115849425998 5.0271197303663939 2.6795030668363422
leaf_count=301 18 16 143 66 201
internal_value=-0.000416505 -0.00112805 -0.00172268 0.00067201 -0.00448692
internal_weight=18.0639 17.5311 17.0665 9.14453 7.922
internal_count=745 727 711 209 502
cat_boundaries=0 1
cat_threshold=2
is_linear=0
shrinkage=0.1


Tree=490
num_leaves=10
num_cat=4
split_feature=6 1 0 7 7 2 0 3 2
split_gain=0.00858664 0.088245 0.0693538 0.341563 0.126043 0.44198 0.0606191 0.0808077 0.0278394
threshold=1.5000000000000002 0 2.5000000000000004 1.5000000000000002 1.5000000000000002 1 3.5000000000000004 2 3
decision_type=2 1 2 2 2 1 2 1 1
left_child=1 -1 4 8 5 -2 7 -3 -4
right_child=2 6 3 -5 -6 -7 -8 -9 -10
leaf_value=-0.020400804925579268 0.049507989251033557 0.021763212361006742 -0.00032661659150363427 0.035978396577981221 -0.021919978994715667 -0.0066290233901641071 -0.015899764473014343 0.00045153333535083093 -0.016275266100165924
leaf_weight=2.1285148218739778 1.6722069084644318 1.9995559643139131 2.2468715845607212 2.9373225193703547 2.6754325153306118 8.6957430606707931 1.9166011160705227 16.142418495379399 2.1339978277683258
leaf_count=26 6 63 41 33 31 115 40 376 14
internal_value=0.000320139 -0.00104075 0.00180304 0.00959457 -0.00256851 0.0024251 0.00101364 0.00280044 -0.00809548
internal_weight=42.5487 22.1871 20.3616 7.31819 13.0434 10.3679 20.0586 18.142 4.38087
internal_count=745 505 240 88 152 121 479 439 55
cat_boundaries=0 1 2 3 4
cat_threshold=2 2 2 1
is_linear=0
shrinkage=0.1


Tree=491
num_leaves=10
num_cat=4
split_feature=4 7 0 2 6 0 3 3 6
split_gain=0.0142892 0.0460636 0.0416213 0.0302365 0.102933 0.051544 0.238193 0.163917 0.025992
threshold=0 2.5000000000000004 2.5000000000000004 1 1.5000000000000002 1.5000000000000002 2 3 1.5000000000000002
decision_type=9 2 2 1 2 2 1 1 2
left_child=1 2 8 5 -5 7 -7 -2 -1
right_child=3 -3 -4 4 -6 6 -8 -9 -10
leaf_value=-0.0012259094659434985 -0.017041932851926199 0.019104400282566464 -0.015060709645947294 0.03876334742139223 -0.0080275114052973228 -0.059505894963806795 0.0017162948619962482 0.025302200894124046 0.011132546634193531
leaf_weight=4.4187170832883549 1.9535379186563659 1.5573626449331648 1.4459912803140467 0.72546875617990769 1.3358650783484334 0.86441964685218409 2.3995968427334451 1.7183049727464095 2.7677858313545585
leaf_count=158 152 21 60 34 33 24 221 19 23
internal_value=0.000710557 0.00327486 0.000419103 -0.00219367 0.00844013 -0.00535403 -0.0144974 0.00277377 0.00353379
internal_weight=19.1871 10.1899 8.63249 8.99719 2.06133 6.93586 3.26402 3.67184 7.1865
internal_count=745 262 241 483 67 416 245 171 181
cat_boundaries=0 1 2 3 4
cat_threshold=2 1 2 1
is_linear=0
shrinkage=0.1


Tree=492
num_leaves=8
num_cat=5
split_feature=1 0 2 3 2 6 3
split_gain=0.0109038 0.0150938 0.0400375 0.0444473 0.0262995 0.0255888 0.0108961
threshold=0 1.5000000000000002 1 2 3 1.5000000000000002 4
decision_type=1 2 1 1 1 2 1
left_child=1 4 3 -3 -1 -4 -6
right_child=-2 2 5 -5 6 -7 -8
leaf_value=-0.0075562026325907139 0.0058606987204763913 0.035644348920104041 -0.0061820437626044543 -0.0091717465711520368 0.0026220763578108865 0.0019720519773663071 0.011556549840805761
leaf_weight=2.3255028398707509 2.3613014110014765 0.54791394306812435 13.356112743605996 0.37123850232455879 6.5777845033444482 5.4064140571099406 1.7224393278593195
leaf_count=13 46 22 249 37 214 134 30
internal_value=-0.00068449 -0.00119444 -0.00283417 0.0175435 0.00184279 -0.00383244 0.00447613
internal_weight=32.6687 30.3074 19.6817 0.919152 10.6257 18.7625 8.30022
internal_count=745 699 442 59 257 383 244
cat_boundaries=0 1 2 3 4 5
cat_threshold=1 2 1 2 1
is_linear=0
shrinkage=0.1


Tree=493
num_leaves=6
num_cat=0
split_feature=6 7 7 0 6
split_gain=0.0285598 0.0214693 0.0122377 0.034116 0.0264824
threshold=4.5000000000000009 4.5000000000000009 1.5000000000000002 1.5000000000000002 1.5000000000000002
decision_type=2 2 2 2 2
left_child=1 2 4 -4 -1
right_child=-2 -3 3 -5 -6
leaf_value=-0.011563452852155296 0.023001764825857904 0.020716674962070112 -0.014194347720719064 0.0036957224774071366 0.00040021552410713545
leaf_weight=2.9607768060232145 0.52690723538398643 0.45889824698679049 1.2318006644491086 7.9165345630608499 4.9328800750663504
leaf_count=339 18 16 64 145 163
internal_value=6.30561e-05 -0.00062757 -0.00120232 0.00128687 -0.00408715
internal_weight=18.0278 17.5009 17.042 9.14834 7.89366
internal_count=745 727 711 209 502
is_linear=0
shrinkage=0.1


Tree=494
num_leaves=12
num_cat=6
split_feature=3 0 0 4 4 2 6 1 1 7 0
split_gain=0.00904423 0.0754446 0.130375 0.241043 0.101146 0.447603 0.121203 0.0599448 0.0597329 0.0485385 0.0981656
threshold=0 1.5000000000000002 2.5000000000000004 1 2 3 1.5000000000000002 4 5 2.5000000000000004 2.5000000000000004
decision_type=1 2 2 9 9 1 2 1 1 2 2
left_child=1 4 7 -4 6 -6 -1 -3 -2 10 -10
right_child=8 2 3 -5 5 -7 -8 -9 9 -11 -12
leaf_value=0.0048014982478341954 0.010304293799204764 -0.026189901854291382 -0.014923794668081242 0.025276005077515058 0.012206546170064322 -0.053864767932392123 0.038766849428928413 -0.0055618525590879217 -0.0216058216851709 -0.018144467909846144 0.0069776758312570242
leaf_weight=2.374397422419861 2.8410153693985194 1.5901099611073732 2.4584713550284505 3.79257451504236 5.66086202056613 1.2521343119442461 1.884424030780792 12.351801891811192 1.7049724965327167 2.4991991985007189 4.0689465090399608
leaf_count=70 25 10 36 92 152 6 10 223 50 23 48
internal_value=0.000245243 0.00111383 -0.00253417 0.00946584 0.00770756 0.000239209 0.0198303 -0.00791453 -0.00220598 -0.00650204 -0.00146271
internal_weight=42.4789 31.3648 20.193 6.25105 11.1718 6.913 4.25882 13.9419 11.1141 8.27312 5.77392
internal_count=745 599 361 128 238 158 80 233 146 121 98
cat_boundaries=0 1 2 3 4 5 6
cat_threshold=1 2 2 1 2 2
is_linear=0
shrinkage=0.1


Tree=495
num_leaves=8
num_cat=2
split_feature=0 2 6 0 3 0 7
split_gain=0.0163969 0.0178696 0.0846179 0.0630666 0.174632 0.041175 0.0362873
threshold=3.5000000000000004 0 1.5000000000000002 2.5000000000000004 1 2.5000000000000004 1.5000000000000002
decision_type=2 1 2 2 1 2 2
left_child=1 2 5 6 -5 -1 -3
right_child=-2 3 -4 4 -6 -7 -8
leaf_value=0.059772615974718973 0.010287822559690242 0.0048744619924251864 -0.0065024868854487846 0.0088130391368286213 -0.082927534606584488 0.011536335326366512 -0.0050846635264003119
leaf_weight=0.36489238755893927 1.5902864589152148 7.6016128850751592 1.3129167054139541 0.52148133463197233 0.34460634007700719 0.34360573993762955 7.0532054231443908
leaf_count=27 73 362 32 81 16 17 137
internal_value=0.000564845 -0.000316584 0.00852734 -0.0014684 -0.0276895 0.0363791 8.12427e-05
internal_weight=19.1326 17.5423 2.02141 15.5209 0.866088 0.708498 14.6548
internal_count=745 672 76 596 97 44 499
cat_boundaries=0 1 2
cat_threshold=2 1
is_linear=0
shrinkage=0.1


Tree=496
num_leaves=10
num_cat=5
split_feature=6 1 3 5 4 0 4 0 0
split_gain=0.0107772 0.0812015 0.03515 0.0300493 0.715258 0.227321 0.196533 0.0259404 0.0101473
threshold=1.5000000000000002 0 1 2 3 1.5000000000000002 4 1.5000000000000002 1.5000000000000002
decision_type=2 1 1 1 9 2 9 2 2
left_child=1 -1 8 4 -2 -6 -5 -4 -3
right_child=3 2 7 6 5 -7 -8 -9 -10
leaf_value=0.022007625285141358 0.10811722149732604 0.0012217779876615197 0.0024276479719014515 0.015056823629961309 0.00046302259172750635 -0.07673996765046448 -0.020144761337263787 -0.0050898910125031583 0.015404941862217664
leaf_weight=1.6529605636605993 0.53112846612930298 0.75030965718906384 7.2507607290754192 2.5555996149778366 1.184126405627467 0.56259711712846172 4.1804725452384428 12.509097882153581 1.5393035823954051
leaf_count=26 2 25 171 12 52 123 51 231 52
internal_value=-0.00048896 0.000630302 -0.000972271 -0.0034321 0.00649679 -0.0244031 -0.00678963 -0.00233138 0.0107571
internal_weight=32.7164 23.7024 22.0495 9.01392 2.27785 1.74672 6.73607 19.7599 2.28961
internal_count=745 505 479 240 177 175 63 402 77
cat_boundaries=0 1 2 3 4 5
cat_threshold=2 2 2 2 4
is_linear=0
shrinkage=0.1


Tree=497
num_leaves=9
num_cat=5
split_feature=6 4 6 1 5 0 3 3
split_gain=0.0279671 0.0146796 0.182237 0.193082 0.123711 0.0930008 0.562134 0.513581
threshold=4.5000000000000009 0 1.5000000000000002 1 2 2.5000000000000004 3 4
decision_type=2 9 2 1 1 2 1 1
left_child=1 5 4 -4 -3 7 -7 -1
right_child=-2 2 3 -5 -6 6 -8 -9
leaf_value=0.031145734910546004 0.022476504505601614 -0.0068961972828593737 -0.083056167589169672 -0.0048207220894391839 0.028779973823359076 0.0094965119540421257 -0.063031885064677037 -0.031693363352713964
leaf_weight=3.8706883705453921 0.52462839521467586 3.0570127800237969 0.55035678477724992 0.73907146602869034 1.4250695721712006 4.4840737060076208 1.4029699395032365 1.9588103342684942
leaf_count=306 18 184 39 11 26 40 82 39
internal_value=-0.000273391 -0.000955871 -0.00508388 -0.0382134 0.00444697 0.00107757 -0.00778808 0.0100307
internal_weight=18.0127 17.4881 5.77151 1.28943 4.48208 11.7165 5.88704 5.8295
internal_count=745 727 260 50 210 467 122 345
cat_boundaries=0 1 2 3 4 5
cat_threshold=4 1 2 2 1
is_linear=0
shrinkage=0.1


Tree=498
num_leaves=8
num_cat=4
split_feature=7 3 5 1 0 4 7
split_gain=0.0101861 0.0475829 0.135028 0.0167006 0.0613286 0.0887399 0.0767897
threshold=2.5000000000000004 0 1 2 2.5000000000000004 3 1.5000000000000002
decision_type=2 1 1 1 2 9 2
left_child=3 -2 -3 4 5 -1 -6
right_child=1 2 -4 -5 6 -7 -8
leaf_value=-0.0071650284519478667 -0.0029389196981674578 -0.0050161690941905278 0.049529086854796345 -0.0053260652156881709 0.0012110548416557042 0.0058995124634958485 0.020583531273472226
leaf_weight=13.944314132677391 3.2176873303833418 1.1206359146162859 0.76275714341318201 5.6433214582502833 6.4990636487491411 8.2900820833747311 2.9863232645438984
leaf_count=300 27 12 51 40 114 170 31
internal_value=0.00025857 0.0044502 0.0170742 -0.000313702 0.000578057 -0.00229392 0.00731017
internal_weight=42.4642 5.10108 1.88339 37.3631 31.7198 22.2344 9.48539
internal_count=745 90 63 655 615 470 145
cat_boundaries=0 1 2 3 4
cat_threshold=2 1 1 4
is_linear=0
shrinkage=0.1


Tree=499
num_leaves=8
num_cat=1
split_feature=0 2 7 0 0 7 7
split_gain=0.0131989 0.0176606 0.0729954 0.637259 0.0564169 0.163744 0.0347586
threshold=3.5000000000000004 0 1.5000000000000002 2.5000000000000004 2.5000000000000004 2.5000000000000004 1.5000000000000002
decision_type=2 1 2 2 2 2 2
left_child=1 2 3 -1 6 -6 -3
right_child=-2 4 -4 -5 5 -7 -8
leaf_value=-0.092780803412996896 0.0092329926834599264 0.0047081854521782637 0.025527296802300953 0.076462649179857206 -0.078622598876588012 0.010797425776546741 -0.0050344019132874179
leaf_weight=0.47077470360090989 1.5936780381744018 7.6237215924193187 1.1210639692144466 0.42183200083673 0.35195455127905084 0.48973839427344501 7.0467910273582675
leaf_count=27 73 362 29 20 72 25 137
internal_value=0.000519967 -0.000272333 0.00853827 -0.012799 -0.00141606 -0.0265936 2.84596e-05
internal_weight=19.1196 17.5259 2.01367 0.892607 15.5122 0.841693 14.6705
internal_count=745 672 76 47 596 97 499
cat_boundaries=0 1
cat_threshold=2
is_linear=0
shrinkage=0.1


Tree=500
num_leaves=7
num_cat=4
split_feature=0 5 1 0 5 5
split_gain=0.0128009 0.0359611 0.0094883 0.0150954 0.625713 0.0690799
threshold=3.5000000000000004 0 1 2.5000000000000004 2 3
decision_type=2 1 1 2 1 1
left_child=2 -2 -1 5 -5 -4
right_child=1 -3 3 4 -6 -7
leaf_value=-0.0078187744675117833 0.011437026773633934 -0.0087787138309704284 -0.0083590871683457777 0.050434841560054892 -0.0277273980508802 0.0029287470009930552
leaf_weight=2.0146826247218996 2.6950170067138961 1.3065336692816343 9.2396522036578972 1.7537502998675336 2.4620016169064902 13.120422676627648
leaf_count=36 35 38 342 92 35 167
internal_value=-0.000460925 0.00483645 -0.00120235 -0.000700766 0.00478805 -0.00173562
internal_weight=32.5921 4.00155 28.5905 26.5758 4.21575 22.3601
internal_count=745 73 672 636 127 509
cat_boundaries=0 1 2 3 4
cat_threshold=1 2 2 2
is_linear=0
shrinkage=0.1


Tree=501
num_leaves=6
num_cat=2
split_feature=7 6 6 4 1
split_gain=0.0314629 0.0266128 0.014459 0.19062 0.144623
threshold=4.5000000000000009 4.5000000000000009 1.5000000000000002 0 1
decision_type=2 2 2 9 1
left_child=1 2 4 -4 -1
right_child=-2 -3 3 -5 -6
leaf_value=0.049379287880806692 0.025713192977732526 0.021533029962289622 0.0086078929205172013 -0.034928348124214144 -0.0069622839101930725
leaf_weight=0.48021061354666017 0.46070063323713739 0.51952692912891407 6.424211627614568 1.1923560123541381 8.8880517275611126
leaf_count=26 16 18 170 47 468
internal_value=-8.25886e-05 -0.000761513 -0.00144345 0.0017924 -0.00407425
internal_weight=17.9651 17.5044 16.9848 7.61657 9.36826
internal_count=745 729 711 217 494
cat_boundaries=0 1 2
cat_threshold=4 2
is_linear=0
shrinkage=0.1


Tree=502
num_leaves=12
num_cat=6
split_feature=3 0 0 4 4 2 7 1 1 6 0
split_gain=0.00782243 0.080738 0.0930011 0.197815 0.0756718 0.359015 0.108653 0.054894 0.0516942 0.0419995 0.273889
threshold=0 1.5000000000000002 2.5000000000000004 1 2 3 1.5000000000000002 4 5 1.5000000000000002 2.5000000000000004
decision_type=1 2 2 9 9 1 2 1 1 2 2
left_child=1 4 8 -4 6 -6 -1 -2 -3 10 -9
right_child=7 2 3 -5 5 -7 -8 9 -10 -11 -12
leaf_value=0.0048534959512357458 0.010014629369970433 -0.024363173041409506 -0.014715534577715312 0.021784223274908976 0.012203569014193498 -0.046450796311104249 0.037522515634333321 0.046717026036915139 -0.0051653789147708606 -0.01075265231498531 -0.022684563866384067
leaf_weight=2.4540724799735472 2.7834397661499679 1.5821715785423294 2.4543510740622878 3.7588996347039929 5.6617169838864374 1.27935154736042 1.7397930920124052 0.9462588106107418 12.359358359128237 5.883928507566452 1.4249117860454132
leaf_count=69 25 10 36 92 152 6 11 44 223 44 33
internal_value=0.000158967 0.000966408 -0.00280925 0.00736613 0.00780054 0.00139262 0.018406 -0.00212979 -0.00734406 -0.00622463 0.0050114
internal_weight=42.3283 31.2897 20.1548 6.21325 11.1349 6.94107 4.19387 11.0385 13.9415 8.2551 2.37117
internal_count=745 599 361 128 238 158 80 146 233 121 77
cat_boundaries=0 1 2 3 4 5 6
cat_threshold=1 2 2 1 2 2
is_linear=0
shrinkage=0.1


Tree=503
num_leaves=9
num_cat=5
split_feature=4 7 1 2 3 0 5 7
split_gain=0.015012 0.0337839 0.0308116 0.128933 0.0568204 0.0269694 0.0234655 2.23026e-05
threshold=0 2.5000000000000004 1 2 3 2.5000000000000004 4 2.5000000000000004
decision_type=9 2 1 1 1 2 1 2
left_child=1 5 3 4 -2 6 -1 -5
right_child=2 -3 -4 7 -6 -7 -8 -9
leaf_value=-0.00056452822124670933 -0.012921187693928539 0.016773840832244858 0.0050235620577939359 -0.075287156643109657 0.0080097574720718132 -0.012041606496660154 0.011909421513025625 -0.07721691535757079
leaf_weight=5.0449202349409452 2.9513986805723107 1.5423386748880155 3.3900177143514156 0.095953700816607923 2.3136830024595838 1.3920309733948668 2.1511001625913186 0.15934266394469887
leaf_count=37 365 21 23 41 42 60 144 12
internal_value=0.000513498 0.00314687 -0.00248043 -0.00708857 -0.00372331 0.000699585 0.0031643 -0.0764916
internal_weight=19.0408 10.1304 8.9104 5.52038 5.26508 8.58805 7.19602 0.255296
internal_count=745 262 483 460 407 241 181 53
cat_boundaries=0 1 2 3 4 5
cat_threshold=2 1 1 1 1
is_linear=0
shrinkage=0.1


Tree=504
num_leaves=10
num_cat=5
split_feature=6 1 3 0 5 4 0 4 0
split_gain=0.0103772 0.0774954 0.0284212 0.0282427 0.02777 0.64581 0.22161 0.180165 0.00669818
threshold=1.5000000000000002 0 1 1.5000000000000002 2 3 1.5000000000000002 4 1.5000000000000002
decision_type=2 1 1 2 1 9 2 9 2
left_child=1 -1 8 -4 5 -2 -7 -6 -3
right_child=4 2 3 -5 7 6 -8 -9 -10
leaf_value=0.021712575962880492 0.10515939291190285 0.0020594144870662331 0.0029437358664911304 -0.0049057094917609187 0.014443980392899623 0.0011185682192960413 -0.076647531867995222 -0.019364443360424109 0.013608562204225511
leaf_weight=1.6419229953316972 0.51045197248458862 0.75019245326984685 7.2385497044306346 12.498578200043992 2.547847643494606 1.1822411573084539 0.53104560688370828 4.1333091159904125 1.5189756215950183
leaf_count=26 2 25 171 231 12 52 123 51 52
internal_value=-0.000340363 0.000755253 -0.000808404 -0.00202694 -0.00324993 0.00642967 -0.0229856 -0.00647166 0.00979039
internal_weight=32.5531 23.6482 22.0063 19.7371 8.9049 2.22374 1.71329 6.68116 2.26917
internal_count=745 505 479 402 240 177 175 63 77
cat_boundaries=0 1 2 3 4 5
cat_threshold=2 2 2 2 4
is_linear=0
shrinkage=0.1


Tree=505
num_leaves=6
num_cat=2
split_feature=7 6 0 2 5
split_gain=0.0303422 0.0259245 0.0112168 0.51665 0.0862077
threshold=4.5000000000000009 4.5000000000000009 1.5000000000000002 0 1
decision_type=2 2 2 1 1
left_child=1 2 3 -1 -4
right_child=-2 -3 4 -5 -6
leaf_value=0.009766532530711039 0.024987467067713494 0.021029806479763331 0.013612701272998351 -0.075952538325784802 -0.0052528296071503028
leaf_weight=3.8659610748291016 0.46068270900286634 0.51766937971115012 3.3362905278117898 0.85945714298578479 8.8405211748904602
leaf_count=13 16 18 157 251 290
internal_value=-0.000343667 -0.00101357 -0.0016887 -0.00582402 -8.39156e-05
internal_weight=17.8806 17.4199 16.9022 4.72542 12.1768
internal_count=745 729 711 264 447
cat_boundaries=0 1 2
cat_threshold=2 1
is_linear=0
shrinkage=0.1


Tree=506
num_leaves=10
num_cat=4
split_feature=6 1 0 3 0 7 7 3 2
split_gain=0.0126058 0.0702511 0.0513957 0.0683933 0.0448753 0.320234 0.0815176 0.376528 0.0193766
threshold=1.5000000000000002 0 3.5000000000000004 1 2.5000000000000004 1.5000000000000002 1.5000000000000002 2 3
decision_type=2 1 2 1 2 2 2 1 1
left_child=1 -1 3 -3 6 8 7 -2 -6
right_child=4 2 -4 -5 5 -7 -8 -9 -10
leaf_value=-0.019001539523257251 0.04204028488361361 0.01942912920512152 -0.015408230269859309 -0.00019039709185008984 -0.002478357727543421 0.034096232638986576 -0.017072476864596158 -0.0068170890756231745 -0.015843141229087601
leaf_weight=2.0727613001363352 1.9501511342823505 1.9959072043857304 1.8791372145060439 16.18469447689132 2.2718215823406345 2.8882464794442058 2.6811572220176449 8.2521512345410883 2.0762238129973412
leaf_count=26 13 63 40 376 41 33 31 108 14
internal_value=0.000171983 -0.00147487 0.000336148 0.00196348 0.00198359 0.00828519 -0.00155585 0.00252191 -0.00886014
internal_weight=42.2523 22.1325 20.0597 18.1806 20.1198 7.23629 12.8835 10.2023 4.34805
internal_count=745 505 479 439 240 88 152 121 55
cat_boundaries=0 1 2 3 4
cat_threshold=2 2 2 1
is_linear=0
shrinkage=0.1


Tree=507
num_leaves=8
num_cat=2
split_feature=0 2 6 0 3 0 6
split_gain=0.0165118 0.0193637 0.075627 0.0494356 0.155539 0.0342135 0.0328743
threshold=3.5000000000000004 0 1.5000000000000002 2.5000000000000004 1 2.5000000000000004 3.5000000000000004
decision_type=2 1 2 2 1 2 2
left_child=1 2 5 6 -5 -1 -3
right_child=-2 3 -4 4 -6 -7 -8
leaf_value=0.057643692184667444 0.010383896877958473 -0.001675101326300216 -0.0054418961964626724 0.0086413157320277129 -0.081977068308070389 0.012957078276435616 0.015142358350751818
leaf_weight=0.35019684591679845 1.5590941108821414 13.413209705380725 1.2682410278357563 0.50028398077847747 0.30481811868958175 0.33545556425815448 1.2726277895271767
leaf_count=27 73 486 32 81 16 17 13
internal_value=0.000524003 -0.000357204 0.00902379 -0.00154044 -0.0256675 0.0357808 -0.000217754
internal_weight=19.0039 17.4448 1.95389 15.4909 0.805102 0.685652 14.6858
internal_count=745 672 76 596 97 44 499
cat_boundaries=0 1 2
cat_threshold=2 1
is_linear=0
shrinkage=0.1


Tree=508
num_leaves=9
num_cat=6
split_feature=0 1 1 2 3 2 6 4
split_gain=0.00940567 0.323225 0.304488 0.0416895 0.0438477 0.0273975 0.0210633 0.0157946
threshold=1.5000000000000002 0 1 2 3 4 1.5000000000000002 5
decision_type=2 1 1 1 1 1 2 9
left_child=1 5 -2 4 -4 7 -5 -1
right_child=2 -3 3 6 -6 -7 -8 -9
leaf_value=0.0020814445443837299 0.045311955993984826 -0.060482135757364032 0.037195308883571365 -0.0055123221937768514 -0.0082282000431711001 -0.0073919724082979893 0.0019268544383207352 0.011714787554516205
leaf_weight=5.8000777855631895 1.4359050579369068 0.8925116965547194 0.52599860017653555 13.387251143818512 0.3565759586635977 2.3233846365474138 5.3180008457966315 2.4088390510296449
leaf_count=165 35 11 22 249 37 13 134 79
internal_value=-0.000391922 -0.00270147 0.000863146 -0.00239522 0.0188434 0.00219488 -0.00339733 0.00490827
internal_weight=32.4485 11.4248 21.0237 19.5878 0.882575 10.5323 18.7053 8.20892
internal_count=745 268 477 442 59 257 383 244
cat_boundaries=0 1 2 3 4 5 6
cat_threshold=1 2 2 1 1 4
is_linear=0
shrinkage=0.1


Tree=509
num_leaves=8
num_cat=5
split_feature=6 7 1 5 5 2 1
split_gain=0.023175 0.0200064 0.0375785 0.0598774 0.0337175 0.340365 0.159503
threshold=4.5000000000000009 1.5000000000000002 0 1 2 3 4
decision_type=2 2 1 1 1 1 1
left_child=1 4 3 -3 5 -1 -6
right_child=-2 2 -4 -5 6 -7 -8
leaf_value=-0.076157159554180343 0.020985605345540108 0.0081911293136360998 -0.016725792700571163 -0.014464461616777644 0.062922607725376375 0.00077837616879017834 -0.0055928237641446965
leaf_weight=0.6595419054065097 0.51163354516029258 7.2042423028615303 0.92154542473144729 1.3919732300855665 0.40074409334920347 4.4876714956481045 2.2333229950454618
leaf_count=260 18 166 20 39 12 41 189
internal_value=1.06475e-05 -0.000609704 0.0024652 0.00452254 -0.00437081 -0.00907981 0.00483104
internal_weight=17.8107 17.299 9.51776 8.59622 7.78128 5.14721 2.63407
internal_count=745 727 225 205 502 301 201
cat_boundaries=0 1 2 3 4 5
cat_threshold=1 2 2 1 2
is_linear=0
shrinkage=0.1


Tree=510
num_leaves=12
num_cat=6
split_feature=3 0 0 4 4 2 6 1 7 0 1
split_gain=0.0140853 0.0721124 0.0779304 0.165508 0.0650094 0.295585 0.120567 0.0475527 0.046707 0.102792 0.0363059
threshold=0 1.5000000000000002 2.5000000000000004 1 2 3 1.5000000000000002 4 2.5000000000000004 2.5000000000000004 5
decision_type=1 2 2 9 9 1 2 1 2 2 1
left_child=1 4 10 -4 6 -6 -1 -2 9 -9 -3
right_child=7 2 3 -5 5 -7 -8 8 -10 -11 -12
leaf_value=0.0026316156058408947 0.00844133944765974 -0.020861321814369806 -0.013553712892547807 0.019995250754029897 0.011603595558418372 -0.04136003878397012 0.036976568968693883 -0.02260031483912062 -0.01832717520610885 0.0067499527925159834 -0.0047430896036453531
leaf_weight=2.3604944664984941 2.721080127870664 1.5759723865194246 2.4091623071581125 3.7740710120997383 5.6306953817838821 1.2963144220411775 1.8027321994304655 1.6897979917848696 2.4651280929683708 4.0608474486507475 12.338046740274876
leaf_count=70 25 10 36 92 152 6 10 50 23 48 223
internal_value=7.15934e-05 0.00115445 -0.00241759 0.00692363 0.00762756 0.00169203 0.0175034 -0.00301629 -0.00681108 -0.00187447 -0.00656872
internal_weight=42.1243 31.1875 20.0973 6.18323 11.0902 6.92701 4.16323 10.9369 8.21577 5.75065 13.914
internal_count=745 599 361 128 238 158 80 146 121 98 233
cat_boundaries=0 1 2 3 4 5 6
cat_threshold=1 2 2 1 2 2
is_linear=0
shrinkage=0.1


Tree=511
num_leaves=12
num_cat=5
split_feature=3 7 0 0 7 7 4 1 6 1 1
split_gain=0.0177339 0.176944 0.18093 0.263918 0.095821 0.0524099 0.200883 0.155292 0.131837 0.0831261 0.000970333
threshold=0 1.5000000000000002 1.5000000000000002 2.5000000000000004 2.5000000000000004 1.5000000000000002 1 2 3.5000000000000004 3 4
decision_type=1 2 2 2 2 2 9 1 2 1 1
left_child=1 2 -1 -4 -3 8 10 -8 9 -2 -7
right_child=5 4 3 -5 -6 6 7 -9 -10 -11 -12
leaf_value=0.02126419410933255 0.020128672779371169 0.032989705527899559 -0.069742073721417511 0.011696303506152009 2.1476891785178037e-05 0.0023662482874613495 -0.0082923334178710787 -0.076529816016089366 0.04542795398397742 -0.00743550474755433 -0.00039868007620186274
leaf_weight=0.87127934023737941 1.478040911257267 2.0897439999971543 0.9379497912013901 0.69116669800132513 1.5249042150098828 2.685882524587214 0.6646416187286377 0.66940045664887271 0.70993501647899382 4.2115477946936171 2.406513899564743
leaf_count=25 11 23 24 47 27 36 2 134 14 394 8
internal_value=0.00050218 0.00493363 -0.0155189 -0.0351911 0.0190815 -0.00161061 -0.00798957 -0.0425328 0.00479519 -0.000274885 0.00105963
internal_weight=18.941 6.11504 2.5004 1.62912 3.61465 12.826 6.42644 1.33404 6.39952 5.68959 5.0924
internal_count=745 146 96 71 50 599 180 136 419 405 44
cat_boundaries=0 1 2 3 4 5
cat_threshold=2 2 2 2 1
is_linear=0
shrinkage=0.1


Tree=512
num_leaves=11
num_cat=5
split_feature=6 1 3 0 5 4 0 4 0 0
split_gain=0.00978122 0.0609068 0.0320347 0.0260403 0.024285 0.575051 0.213939 0.15323 0.0354537 0.00656744
threshold=1.5000000000000002 0 1 1.5000000000000002 2 3 1.5000000000000002 4 2.5000000000000004 1.5000000000000002
decision_type=2 1 1 2 1 9 2 9 2 2
left_child=1 -1 9 -4 5 -2 -7 -6 -9 -3
right_child=4 2 3 -5 7 6 -8 8 -10 -11
leaf_value=0.01957467303269499 0.10197086946527577 0.0030741357831508605 0.0029987732906773239 -0.0045395037421616909 0.013341672417957588 0.0016196007967770717 -0.076536082283446438 -0.010621385897335378 -0.029744474194737327 0.014501002531097956
leaf_weight=1.6253064028569497 0.48606255650520325 0.74952680518617865 7.2280142004601755 12.520158148632616 2.5291958302259445 1.1821277273702437 0.49770194632583287 2.5277446187683363 1.5726837793336015 1.5290154504846214
leaf_count=26 2 25 171 231 12 52 123 26 25 52
internal_value=-0.000165354 0.000893417 -0.000485035 -0.00178042 -0.0030125 0.00618066 -0.0215365 -0.00601589 -0.0179559 0.0107421
internal_weight=32.4475 23.652 22.0267 19.7482 8.79552 2.16589 1.67983 6.62962 4.10043 2.27854
internal_count=745 505 479 402 240 177 175 63 51 77
cat_boundaries=0 1 2 3 4 5
cat_threshold=2 2 2 2 4
is_linear=0
shrinkage=0.1


Tree=513
num_leaves=8
num_cat=5
split_feature=6 7 5 2 1 1 5
split_gain=0.0228333 0.0167654 0.0326364 0.314979 0.143942 0.0266547 0.0497596
threshold=4.5000000000000009 1.5000000000000002 0 1 2 3 4
decision_type=2 2 1 1 1 1 1
left_child=1 2 3 -1 -4 6 -3
right_child=-2 5 4 -5 -6 -7 -8
leaf_value=-0.076103730685618515 0.020626145809316234 0.0070543829441730502 0.060077871156605601 0.00025492481078007086 -0.0051328519927260827 -0.014258147628398858 -0.013682195108243212
leaf_weight=0.61398760908195626 0.51171727851033111 7.2149261563899927 0.39936833368847147 4.4959205049090123 2.2207028283301109 0.91126984683796664 1.3782363158534261
leaf_count=260 18 166 12 41 189 20 39
internal_value=-0.000190728 -0.000808814 -0.00426728 -0.00892005 0.00480699 0.00200396 0.00372849
internal_weight=17.7461 17.2344 7.72998 5.10991 2.62007 9.50443 8.59316
internal_count=745 727 502 301 201 225 205
cat_boundaries=0 1 2 3 4 5
cat_threshold=2 1 2 1 2
is_linear=0
shrinkage=0.1


Tree=514
num_leaves=12
num_cat=4
split_feature=3 0 6 7 4 2 6 1 6 0 0
split_gain=0.0119659 0.0641874 0.0696564 0.200158 0.0570731 0.247928 0.10812 0.038496 0.0387156 0.239658 0.0256466
threshold=0 1.5000000000000002 2.5000000000000004 1.5000000000000002 1 2 1.5000000000000002 3 1.5000000000000002 2.5000000000000004 2.5000000000000004
decision_type=1 2 2 2 9 1 2 1 2 2 2
left_child=1 4 10 -4 6 -6 -1 -2 9 -9 -3
right_child=7 2 3 -5 5 -7 -8 8 -10 -11 -12
leaf_value=0.0023874102365261211 0.0075962634684307489 -0.0071221499390608988 -0.018335528153024964 0.03863219268106774 0.010717255582591435 -0.037606764204032611 0.035013532192257731 0.043415996866933891 -0.010587358702616975 -0.021654081899517008 0.0011194615680387245
leaf_weight=2.3589272052049637 2.6756538655608892 12.103488017222849 1.110792285355273 1.3867355029215103 5.6285378574393707 1.3085168823599813 1.783802881836891 0.94914890095242155 5.8332883431576192 1.4022148165968245 5.4877074289834118
leaf_count=70 25 203 39 23 152 6 10 44 44 33 96
internal_value=4.18493e-05 0.00103786 -0.00233235 0.0132954 0.00714837 0.00160203 0.0164358 -0.00281664 -0.00622073 0.00461203 -0.00455112
internal_weight=42.0288 31.1685 20.0887 2.49753 11.0798 6.93705 4.14273 10.8603 8.18465 2.35136 17.5912
internal_count=745 599 361 62 238 158 80 146 121 77 299
cat_boundaries=0 1 2 3 4
cat_threshold=1 2 1 2
is_linear=0
shrinkage=0.1


Tree=515
num_leaves=12
num_cat=5
split_feature=3 7 0 0 7 7 4 1 6 1 1
split_gain=0.0157646 0.147115 0.155333 0.243614 0.0816932 0.0479957 0.172296 0.154917 0.106884 0.0758466 0.0010277
threshold=0 1.5000000000000002 1.5000000000000002 2.5000000000000004 2.5000000000000004 1.5000000000000002 1 2 3.5000000000000004 3 4
decision_type=1 2 2 2 2 2 9 1 2 1 1
left_child=5 2 -2 -4 -3 8 10 -8 9 -1 -7
right_child=1 4 3 -5 -6 6 7 -9 -10 -11 -12
leaf_value=-0.0070333569489199879 0.019410270223627013 0.030077637588463619 -0.066978702695763601 0.012019802575752275 -0.00032713954534013909 0.0018301755020269503 -0.0069598607057501155 -0.07643263429229237 0.040508450212783209 0.019249029210256039 -0.0010148678647131837
leaf_weight=4.1885234368528472 0.88168787548784289 2.1128224360290919 0.90524998385808408 0.6863045410864288 1.5190373708028344 2.6931657651439309 0.66523754596710205 0.62023772341308336 0.72993757546646509 1.4881153181195257 2.402121514081955
leaf_count=394 25 23 24 47 27 36 2 134 14 11 8
internal_value=0.00037005 0.00455068 -0.0142604 -0.0329132 0.0173607 -0.00162592 -0.00776478 -0.0404803 0.00448821 -0.000143501 0.000488909
internal_weight=18.8924 6.1051 2.47324 1.59155 3.63186 12.7873 6.38076 1.28548 6.40658 5.67664 5.09529
internal_count=745 146 96 71 50 599 180 136 419 405 44
cat_boundaries=0 1 2 3 4 5
cat_threshold=1 2 2 1 1
is_linear=0
shrinkage=0.1


Tree=516
num_leaves=7
num_cat=4
split_feature=0 5 1 0 5 5
split_gain=0.0127763 0.0437824 0.0103164 0.0215579 0.546586 0.0607868
threshold=3.5000000000000004 0 1 2.5000000000000004 2 3
decision_type=2 1 1 2 1 1
left_child=2 -2 -1 5 -5 -4
right_child=1 -3 3 4 -6 -7
leaf_value=-0.0078249809118055708 0.012395469928335755 -0.01006389325732983 -0.0077885750985349309 -0.023175494478302458 0.050370142300988387 0.0028436272113708562
leaf_weight=1.9555804297269788 2.7185123211238524 1.275077669968596 9.1530071158194914 2.5245326530275625 1.6849863222359998 13.035446131427314
leaf_count=36 35 38 342 35 92 167
internal_value=-7.08753e-05 0.00522462 -0.000816744 -0.000297569 0.00626335 -0.00154229
internal_weight=32.3471 3.99359 28.3536 26.398 4.20952 22.1885
internal_count=745 73 672 636 127 509
cat_boundaries=0 1 2 3 4
cat_threshold=1 2 1 2
is_linear=0
shrinkage=0.1


Tree=517
num_leaves=8
num_cat=5
split_feature=6 7 5 2 1 1 5
split_gain=0.0226185 0.0147955 0.0326799 0.289284 0.120151 0.0193246 0.0399995
threshold=4.5000000000000009 1.5000000000000002 0 1 2 3 4
decision_type=2 2 1 1 1 1 1
left_child=1 2 3 -1 -4 6 -3
right_child=-2 5 4 -5 -6 -7 -8
leaf_value=-0.076044049827107496 0.020454946182884449 0.0060134098350223906 0.055224888539026788 -0.00048791949509737045 -0.004368095142090387 -0.012345999364834308 -0.012676469827438187
leaf_weight=0.57114141000056051 0.50288749858736892 7.2119064365397207 0.39965242054313421 4.4939336248207873 2.2048952084805999 0.90146469534374674 1.361228501831645
leaf_count=260 18 166 12 41 189 20 39
internal_value=-0.000448537 -0.00106169 -0.00432681 -0.00900768 0.0047761 0.0015814 0.00304586
internal_weight=17.6471 17.1442 7.66962 5.06508 2.60455 9.4746 8.57313
internal_count=745 727 502 301 201 225 205
cat_boundaries=0 1 2 3 4 5
cat_threshold=2 1 2 1 2
is_linear=0
shrinkage=0.1


Tree=518
num_leaves=12
num_cat=4
split_feature=3 0 6 7 4 2 7 1 7 0 0
split_gain=0.0121353 0.061046 0.0645473 0.159188 0.051698 0.209898 0.10996 0.0306052 0.0387172 0.104646 0.0206569
threshold=0 1.5000000000000002 2.5000000000000004 1.5000000000000002 1 2 1.5000000000000002 3 2.5000000000000004 2.5000000000000004 2.5000000000000004
decision_type=1 2 2 2 9 1 2 1 2 2 2
left_child=1 4 10 -4 6 -6 -1 -2 9 -9 -3
right_child=7 2 3 -5 5 -7 -8 8 -10 -11 -12
leaf_value=0.0018308248352134964 0.0063997634806928581 -0.0068050614838354815 -0.014972246034313614 0.035958446192686802 0.010064149714947554 -0.03426886043618025 0.034991434857373091 -0.022673059566340945 -0.016543831456289609 0.0071734973866102716 0.0005989599783199585
leaf_weight=2.3730698793660849 2.6382407718338072 12.061108033405622 1.1270173626835451 1.3473731509875504 5.6223029867978784 1.3183877691626547 1.7282275557518003 1.6548398839367999 2.437158320331946 4.0489496740046889 5.4803352727321899
leaf_count=69 25 203 39 23 152 6 11 50 23 48 96
internal_value=-6.95007e-05 0.000933848 -0.00235906 0.0127609 0.00690291 0.00164307 0.0158042 -0.00296042 -0.00599378 -0.00148588 -0.00449188
internal_weight=41.837 31.0578 20.0158 2.47439 11.042 6.94069 4.1013 10.7792 8.14095 5.70379 17.5414
internal_count=745 599 361 62 238 158 80 146 121 98 299
cat_boundaries=0 1 2 3 4
cat_threshold=1 2 1 2
is_linear=0
shrinkage=0.1


Tree=519
num_leaves=12
num_cat=5
split_feature=3 7 0 0 0 7 4 1 6 1 1
split_gain=0.0137969 0.130475 0.135015 0.219402 0.0695554 0.0392937 0.150803 0.152986 0.0795102 0.0728756 0.000273942
threshold=0 1.5000000000000002 1.5000000000000002 2.5000000000000004 2.5000000000000004 1.5000000000000002 1 2 3.5000000000000004 3 4
decision_type=1 2 2 2 2 2 9 1 2 1 1
left_child=1 2 -1 -4 -3 8 10 -8 9 -2 -7
right_child=5 4 3 -5 -6 6 7 -9 -10 -11 -12
leaf_value=0.017870926251066125 0.019269166449847563 0.031494208649393118 -0.064161094055549511 0.011315691347555669 0.0037617866635286388 0.0015249761897308551 -0.0056147526636460259 -0.076273145858818447 0.034848731684680646 -0.0065182532583770054 5.5435635518099653e-05
leaf_weight=0.890361376514193 1.4878515340387821 1.6878717704676092 0.87443743721814804 0.68828106878208928 1.9483425099169835 2.6966764200478792 0.66573518514633179 0.56774668577054377 0.75397863224497985 4.1598696589353512 2.3952330648899078
leaf_count=25 11 16 24 47 34 36 2 134 14 394 8
internal_value=0.000697036 0.00461179 -0.0132099 -0.0309182 0.0166347 -0.00117598 -0.00676584 -0.0381374 0.00434725 0.000275257 0.000833705
internal_weight=18.8164 6.08929 2.45308 1.56272 3.63621 12.7271 6.32539 1.23348 6.4017 5.64772 5.09191
internal_count=745 146 96 71 50 599 180 136 419 405 44
cat_boundaries=0 1 2 3 4 5
cat_threshold=2 2 2 2 1
is_linear=0
shrinkage=0.1


Tree=520
num_leaves=7
num_cat=3
split_feature=0 5 1 0 7 2
split_gain=0.0120161 0.0386521 0.00730049 0.0266729 0.0493525 0.0339695
threshold=3.5000000000000004 0 1 1.5000000000000002 1.5000000000000002 2
decision_type=2 1 1 2 2 1
left_child=2 -2 -1 5 -5 -4
right_child=1 -3 3 4 -6 -7
leaf_value=-0.006641290965463874 0.011911940016996234 -0.009154692686311602 -0.0070483036316806302 7.9610562998827373e-05 -0.013381850227997172 0.0066519560228854337
leaf_weight=1.9469097203400452 2.7052963848691425 1.2844329459330768 2.3249669764190912 12.379457665527296 3.4916508803853494 8.1677437495091052
leaf_count=36 35 38 13 252 127 244
internal_value=-7.98964e-06 0.00512986 -0.000732048 -0.000295663 -0.00288192 0.00361626
internal_weight=32.3005 3.98973 28.3107 26.3638 15.8711 10.4927
internal_count=745 73 672 636 379 257
cat_boundaries=0 1 2 3
cat_threshold=1 2 2
is_linear=0
shrinkage=0.1


Tree=521
num_leaves=9
num_cat=4
split_feature=6 7 5 2 1 0 2 0
split_gain=0.022119 0.0139634 0.0298807 0.26895 0.10502 0.0212687 0.0670163 0.0391719
threshold=4.5000000000000009 1.5000000000000002 0 1 2 1.5000000000000002 3 2.5000000000000004
decision_type=2 2 1 1 1 2 1 2
left_child=1 2 3 -1 -4 6 -3 -7
right_child=-2 5 4 -5 -6 7 -8 -9
leaf_value=-0.075997112848884885 0.020280456273774283 -0.038017359926193484 0.051578958854271099 -0.00089787933664933067 -0.0041932006915473795 0.012575744951179305 0.0076867318023147516 -0.0019032399955717242
leaf_weight=0.5332833421780343 0.49449723213910957 0.52788660913938545 0.39872157032368705 4.5079129129881075 2.2034626581662518 2.9280594630399701 0.81792724132537842 5.1637219950207509
leaf_count=260 18 63 12 41 189 80 3 79
internal_value=-0.000569418 -0.00117303 -0.0043501 -0.00884226 0.00435253 0.00140005 -0.0102404 0.00333607
internal_weight=17.5755 17.081 7.64338 5.0412 2.60218 9.4376 1.34581 8.09178
internal_count=745 727 502 301 201 225 66 159
cat_boundaries=0 1 2 3 4
cat_threshold=2 1 2 1
is_linear=0
shrinkage=0.1


Tree=522
num_leaves=9
num_cat=2
split_feature=7 6 0 1 0 7 3 0
split_gain=0.0143974 0.0420242 0.701743 0.0356357 0.0377594 0.0774779 0.0734516 0.0245838
threshold=2.5000000000000004 1.5000000000000002 2.5000000000000004 0 2.5000000000000004 1.5000000000000002 1 1.5000000000000002
decision_type=2 2 2 1 2 2 1 2
left_child=3 2 -2 4 6 -6 -1 -5
right_child=1 -3 -4 7 5 -7 -8 -9
leaf_value=-0.022121864992338796 0.052361600143831954 0.013608056980836822 -0.058416756212801096 -0.0012968624945487598 -0.00024646145800087232 0.019359475830839995 -8.8320196507135753e-05 -0.014757009592829795
leaf_weight=1.6348076074355049 1.1061186045408242 2.6377532010665163 1.1838481060985939 2.6344692579004905 6.4921967341797409 2.9231128617539071 20.302442928543321 2.7980727538233623
leaf_count=50 27 35 28 11 114 31 420 29
internal_value=-7.23929e-05 0.00500359 -0.00490768 -0.000752369 0.000543233 0.00584047 -0.0017303 -0.00822962
internal_weight=41.7128 4.92772 2.28997 36.7851 31.3526 9.41531 21.9373 5.43254
internal_count=745 90 55 655 615 145 470 40
cat_boundaries=0 1 2
cat_threshold=1 2
is_linear=0
shrinkage=0.1


Tree=523
num_leaves=10
num_cat=3
split_feature=3 7 0 0 7 1 0 6 4
split_gain=0.0109157 0.112981 0.114449 0.199653 0.0719121 0.0319389 0.556672 0.140529 1.2426e-05
threshold=0 1.5000000000000002 1.5000000000000002 2.5000000000000004 2.5000000000000004 1 1.5000000000000002 1.5000000000000002 2
decision_type=1 2 2 2 2 1 2 2 9
left_child=1 2 -1 -4 -3 -2 8 -8 -7
right_child=5 4 3 -5 -6 6 7 -9 -10
leaf_value=0.015819337605398245 0.005744291549952726 0.02727498487771679 -0.061581109453912757 0.010953061656765968 -0.0013190439879944451 -0.075275120182406619 0.015831904145618931 -0.01308322504739603 -0.07598959294357488
leaf_weight=0.90193095599534023 4.5561955273151398 2.1179318398935725 0.8465839505952315 0.6877779516071314 1.5041871075518427 0.50118809775449336 4.4617187919211574 2.6966910357805318 0.47329884162172842
leaf_count=25 21 23 24 47 27 152 231 120 75
internal_value=0.000708656 0.00420079 -0.0124502 -0.0290677 0.0154005 -0.000958664 -0.00471378 0.0049391 -0.0756221
internal_weight=18.7475 6.05841 2.43629 1.53436 3.62212 12.6891 8.1329 7.15841 0.974487
internal_count=745 146 96 71 50 599 578 351 227
cat_boundaries=0 1 2 3
cat_threshold=2 2 4
is_linear=0
shrinkage=0.1


Tree=524
num_leaves=10
num_cat=5
split_feature=0 5 5 4 0 4 0 3 0
split_gain=0.0122249 0.0357326 0.00793754 0.488736 0.53334 0.367929 0.335584 0.276274 0.0416999
threshold=3.5000000000000004 0 1 2 2.5000000000000004 3 1.5000000000000002 4 1.5000000000000002
decision_type=2 1 1 9 2 9 2 1 2
left_child=2 -2 5 7 -5 6 -1 -4 -7
right_child=1 -3 3 4 -6 8 -8 -9 -10
leaf_value=-0.057254911132556152 0.011815085725481886 -0.0084018987095892846 -0.05637225017896428 0.0056186597226251236 0.083230921062676669 0.016291000655727538 -0.0054449355805780749 -0.0022891365998371415 0.0037403175616286533
leaf_weight=1.9009510166943071 2.7000811377074561 1.2928435021458429 1.7751085678246437 6.1742705506039801 1.0336347986012695 4.0414946302771586 3.6519152245455189 2.0186609485099343 7.6738314880058169
leaf_count=17 35 38 229 146 23 75 41 54 87
internal_value=8.96491e-05 0.00526916 -0.000641921 0.00145738 0.0167485 -0.0019794 -0.0231814 -0.0275947 0.00806999
internal_weight=32.2628 3.99292 28.2699 11.0017 7.20791 17.2682 5.55287 3.79377 11.7153
internal_count=745 73 672 452 169 220 58 283 162
cat_boundaries=0 1 2 3 4 5
cat_threshold=1 1 4 2 1
is_linear=0
shrinkage=0.1


Tree=525
num_leaves=8
num_cat=2
split_feature=6 0 2 7 2 0 6
split_gain=0.0220672 0.0137618 0.230485 0.274764 0.0643345 0.334944 0.261202
threshold=3.5000000000000004 1.5000000000000002 0 4.5000000000000009 1 3.5000000000000004 1.5000000000000002
decision_type=2 2 1 2 1 2 2
left_child=1 2 -1 -4 5 -3 -6
right_child=-2 4 3 -5 6 -7 -8
leaf_value=0.0060092859136229859 -0.016888194283472904 0.016115773171992337 -0.075808191706745368 0.079264574920360542 -0.036642581509489312 -0.077292470617776998 0.0084233845271149931
leaf_weight=3.8995703458786011 0.78775913716526602 5.4473140388436097 0.72164410048572492 0.1357523649930954 1.8391954822582226 0.4129903489811112 4.2767896167933941
leaf_count=13 38 311 251 2 46 59 25
internal_value=-0.000531794 0.000238224 -0.00431211 -0.0512554 0.00204561 0.00953306 -0.00512883
internal_weight=17.521 16.7333 4.75697 0.857396 11.9763 5.8603 6.11599
internal_count=745 707 266 253 441 370 71
cat_boundaries=0 1 2
cat_threshold=2 1
is_linear=0
shrinkage=0.1


Tree=526
num_leaves=9
num_cat=4
split_feature=7 3 5 1 0 3 7 0
split_gain=0.0129445 0.044054 0.0859175 0.0298647 0.0328566 0.0667357 0.0646156 0.023405
threshold=2.5000000000000004 0 1 2 2.5000000000000004 3 1.5000000000000002 1.5000000000000002
decision_type=2 1 1 1 2 1 2 2
left_child=3 -2 -3 4 5 -1 -6 -5
right_child=1 2 -4 7 6 -7 -8 -9
leaf_value=-0.021290838714733053 -0.0024788503348220324 -9.8414224099711346e-05 0.045021353749499317 -0.00089044116510793813 -0.00021249956540659418 -0.0001426097384063467 0.017666280105523974 -0.014068597120111903
leaf_weight=1.6108387818967458 3.1023998552700505 1.0979822808876625 0.68553542532026734 2.634983363444916 6.4808386481017788 20.249864341225482 2.9377651597023942 2.7587343241320923
leaf_count=50 27 12 51 11 114 420 31 29
internal_value=-0.000114398 0.00472077 0.0172444 -0.000758583 0.000426425 -0.00170095 0.00536409 -0.0076307
internal_weight=41.5589 4.88592 1.78352 36.673 31.2793 21.8607 9.4186 5.39372
internal_count=745 90 63 655 615 470 145 40
cat_boundaries=0 1 2 3 4
cat_threshold=2 1 1 2
is_linear=0
shrinkage=0.1


Tree=527
num_leaves=12
num_cat=5
split_feature=3 7 0 0 0 7 4 1 6 1 1
split_gain=0.0105068 0.103723 0.104104 0.180797 0.060499 0.0355439 0.128731 0.147149 0.0646321 0.0581989 2.01902e-05
threshold=0 1.5000000000000002 1.5000000000000002 2.5000000000000004 2.5000000000000004 1.5000000000000002 1 2 3.5000000000000004 3 4
decision_type=1 2 2 2 2 2 9 1 2 1 1
left_child=1 2 -1 -4 -3 8 10 -8 9 -2 -7
right_child=5 4 3 -5 -6 6 7 -9 -10 -11 -12
leaf_value=0.014763113896786504 0.017331383684427507 0.028581344707332076 -0.059524885000472809 0.0099332567966449025 0.002690950737198329 0.00071244432143541736 -0.0050259382998030233 -0.076129359718064782 0.03139770296442234 -0.0056663352130176849 0.0003131297947203615
leaf_weight=0.90776743425522033 1.5022756904363632 1.6859265882521868 0.82765310376998946 0.68484093583538197 1.9423998869024217 2.6829846603795886 0.66591989994049072 0.51704242710547965 0.76902859099936893 4.1132928824372375 2.3979021608829498
leaf_count=25 11 16 24 47 34 36 2 134 14 394 8
internal_value=0.000597928 0.00402593 -0.0120077 -0.028075 0.0147211 -0.00104137 -0.0063933 -0.0361034 0.00420934 0.00048601 0.00052399
internal_weight=18.697 6.04859 2.42026 1.51249 3.62833 12.6484 6.26385 1.18296 6.3846 5.61557 5.08089
internal_count=745 146 96 71 50 599 180 136 419 405 44
cat_boundaries=0 1 2 3 4 5
cat_threshold=2 2 2 2 1
is_linear=0
shrinkage=0.1


Tree=528
num_leaves=9
num_cat=4
split_feature=1 0 7 5 5 7 4 0
split_gain=0.0165859 0.0268499 0.0343098 0.0837858 0.0483181 0.029627 0.036358 0.0323186
threshold=0 1.5000000000000002 1.5000000000000002 1 2 1.5000000000000002 3 2.5000000000000004
decision_type=1 2 2 1 1 2 9 2
left_child=-1 2 4 -4 -2 7 -7 -3
right_child=1 5 3 -5 -6 6 -8 -9
leaf_value=0.0084014350765207278 0.0088329289303312724 -0.0039570337019872474 0.0382553988820852 -1.885824852464003e-05 -0.0069221469180587433 0.0083223638217568268 -0.014138146079759507 0.0058414536534026435
leaf_weight=2.246286236360902 3.6242753090336919 9.6242955350317079 0.89817432500422001 1.5747052855731456 4.205064739333471 0.89632655207242351 3.6784317042547618 5.1767594986376926
leaf_count=46 116 180 7 55 79 107 41 114
internal_value=0.000116423 -0.000510657 0.00361429 0.0138827 0.000371026 -0.00270391 -0.00973749 -0.000529953
internal_weight=31.9243 29.678 10.3022 2.47288 7.82934 19.3758 4.57476 14.8011
internal_count=745 699 257 62 195 442 148 294
cat_boundaries=0 1 2 3 4
cat_threshold=2 1 2 4
is_linear=0
shrinkage=0.1


Tree=529
num_leaves=8
num_cat=4
split_feature=6 7 5 2 6 1 5
split_gain=0.0238145 0.0182273 0.0298277 0.245077 0.0954539 0.0191929 0.0343516
threshold=4.5000000000000009 1.5000000000000002 0 1 1.5000000000000002 2 3
decision_type=2 2 1 1 2 1 1
left_child=1 2 3 -1 -4 -3 -7
right_child=-2 5 4 -5 -6 6 -8
leaf_value=-0.075985945826782683 0.021623648189659478 -0.01172756712368625 -0.017909027550060505 -0.001545261347167543 0.021042222617725009 0.0064618097648711723 -0.011034195374650273
leaf_weight=0.49035736818040832 0.49194191303104062 0.88892391743138433 1.0981048076573707 4.5094182864413632 1.4731917020399121 7.1530511343153194 1.33101154590258
leaf_count=260 18 20 163 41 38 166 39
internal_value=-6.58168e-05 -0.000695533 -0.00434486 -0.0088461 0.0044076 0.00225223 0.00371697
internal_weight=17.436 16.9441 7.57107 4.99978 2.5713 9.37299 8.48406
internal_count=745 727 502 301 201 225 205
cat_boundaries=0 1 2 3 4
cat_threshold=2 1 2 2
is_linear=0
shrinkage=0.1


Tree=530
num_leaves=9
num_cat=2
split_feature=7 6 0 1 0 3 7 0
split_gain=0.0115964 0.0434122 0.644499 0.0266733 0.0320338 0.0574109 0.0552706 0.0213501
threshold=2.5000000000000004 1.5000000000000002 2.5000000000000004 0 2.5000000000000004 1 1.5000000000000002 1.5000000000000002
decision_type=2 2 2 1 2 1 2 2
left_child=3 2 -2 4 5 -1 -6 -5
right_child=1 -3 -4 7 6 -7 -8 -9
leaf_value=-0.020096658613214038 0.049285585186033973 0.013054919869319934 -0.058196185554427439 -0.00096897412323629524 -3.6236486931141367e-05 -0.00040631061560453502 0.016531357305165795 -0.013585936487686349
leaf_weight=1.5986920348368585 1.086268299724906 2.623109957552515 1.1469626774487549 2.6389357316074884 6.4482320306124148 20.075151492841549 2.9279241030453704 2.7272748650284484
leaf_count=50 27 35 28 11 114 420 31 29
internal_value=-0.000259079 0.00433104 -0.00591586 -0.000871202 0.000253906 -0.0018587 0.00513738 -0.00738131
internal_weight=41.2726 4.85634 2.23323 36.4162 31.05 21.6738 9.37616 5.36621
internal_count=745 90 55 655 615 470 145 40
cat_boundaries=0 1 2
cat_threshold=1 2
is_linear=0
shrinkage=0.1


Tree=531
num_leaves=9
num_cat=5
split_feature=4 1 2 7 1 3 6 7
split_gain=0.00846531 0.0476836 0.119564 0.0360828 0.0316307 0.102024 0.0714662 2.27071e-05
threshold=0 1 2 1.5000000000000002 3 4 1.5000000000000002 2.5000000000000004
decision_type=9 1 1 2 1 1 2 2
left_child=4 2 3 -2 5 6 -1 -4
right_child=1 -3 7 -5 -6 -7 -8 -9
leaf_value=0.0076312883203763816 0.0014982406017766594 0.0077783105241548611 -0.075312583086610874 -0.016440763559957373 -0.0052396496294792776 0.030660102740879353 -0.018120285805769677 -0.077300490356173313
leaf_weight=3.6720131902256981 3.397689654120768 3.188212875276804 0.094614020097651408 1.6735209785001641 3.533066681586206 1.3801269707328172 1.5253635509870944 0.14632712467573583
leaf_count=161 271 23 41 136 23 51 27 12
internal_value=0.000436501 -0.00188948 -0.00769183 -0.00442171 0.00239205 0.00649137 7.35309e-05 -0.0765199
internal_weight=18.6109 8.50036 5.31215 5.07121 10.1106 6.5775 5.19738 0.240941
internal_count=745 483 460 407 262 239 188 53
cat_boundaries=0 1 2 3 4 5
cat_threshold=2 1 1 1 1
is_linear=0
shrinkage=0.1


Tree=532
num_leaves=8
num_cat=5
split_feature=1 0 2 0 5 5 4
split_gain=0.0131593 0.0198245 0.0340444 0.0279485 0.185045 0.158989 0.021528
threshold=0 1.5000000000000002 1 2.5000000000000004 2 3 4
decision_type=1 2 1 2 1 1 9
left_child=-1 2 6 4 -3 -5 -2
right_child=1 3 -4 5 -6 -7 -8
leaf_value=0.0075039826861424564 0.014421497554528838 -0.023349334644745017 -0.0075535378829180494 0.021291522726884057 0.0034567800572242458 -0.0084445150517674615 0.0029268887506344221
leaf_weight=2.2473297438409645 2.281197618751321 3.849848850935814 2.3186330837197602 2.818791802314081 7.777825485973155 4.9652684714819761 5.7021337318001368
leaf_count=46 79 171 13 126 81 64 165
internal_value=0.00012577 -0.000432265 0.00311338 -0.00231397 -0.00541855 0.00232361 0.00621142
internal_weight=31.961 29.7137 10.302 19.4117 11.6277 7.78406 7.98333
internal_count=745 699 257 442 252 190 244
cat_boundaries=0 1 2 3 4 5
cat_threshold=2 1 2 2 2
is_linear=0
shrinkage=0.1


Tree=533
num_leaves=9
num_cat=4
split_feature=6 7 5 2 1 0 2 0
split_gain=0.0215631 0.0158671 0.0246124 0.230959 0.0876102 0.0184064 0.0515756 0.0273839
threshold=4.5000000000000009 1.5000000000000002 0 1 2 1.5000000000000002 3 2.5000000000000004
decision_type=2 2 1 1 1 2 1 2
left_child=1 2 3 -1 -4 6 -3 -7
right_child=-2 5 4 -5 -6 7 -8 -9
leaf_value=-0.075936563577471153 0.020692262245685114 -0.034884935756020918 0.047993046841207712 -0.0013214486153649359 -0.0038376447020042532 0.01157035212157379 0.0063105637672866369 -0.00054675739489062371
leaf_weight=0.45688780897398473 0.48662678990512986 0.48229291255120077 0.38291388098150492 4.5077517403406127 2.1988682362134635 2.9393129157833737 0.82167650759220123 5.1032006887253374
leaf_count=260 18 63 12 41 189 80 3 79
internal_value=-6.1219e-05 -0.000659056 -0.00406981 -0.00818816 0.00384956 0.00209482 -0.00892622 0.00388171
internal_weight=17.3795 16.8929 7.54642 4.96464 2.58178 9.34648 1.30397 8.04251
internal_count=745 727 502 301 201 225 66 159
cat_boundaries=0 1 2 3 4
cat_threshold=2 1 2 1
is_linear=0
shrinkage=0.1


Tree=534
num_leaves=10
num_cat=4
split_feature=6 1 0 3 0 4 7 7 3
split_gain=0.0101077 0.0631365 0.047553 0.0648366 0.0422307 0.290206 0.253498 0.0717421 0.268439
threshold=1.5000000000000002 0 3.5000000000000004 1 2.5000000000000004 2 1.5000000000000002 1.5000000000000002 3
decision_type=2 1 2 1 2 9 2 2 1
left_child=1 -1 3 -3 7 6 -6 8 -2
right_child=4 2 -4 -5 5 -7 -8 -9 -10
leaf_value=-0.018545152594999847 0.036936375543049363 0.018816936113146773 -0.015294900548559517 -0.00049176815960189015 -0.025325193766729932 0.038540971399465454 0.020475625742688883 -0.017108435703593477 -0.0059694850120214308
leaf_weight=2.0139542405959219 1.7803188990801573 1.9514628468459705 1.8342652400024224 15.977477264823399 2.8163941155362409 2.1235663751140228 2.1166590127977543 2.5226842167321584 8.0588044351898134
leaf_count=26 13 63 40 376 46 25 17 31 108
internal_value=-0.000198801 -0.00167793 4.0906e-05 0.00160987 0.00146 0.00763234 -0.00567312 -0.00206342 0.00179402
internal_weight=41.1956 21.7772 19.7632 17.9289 19.4184 7.05662 4.93305 12.3618 9.83912
internal_count=745 505 479 439 240 88 63 152 121
cat_boundaries=0 1 2 3 4
cat_threshold=2 2 4 2
is_linear=0
shrinkage=0.1


Tree=535
num_leaves=9
num_cat=3
split_feature=4 1 2 7 7 0 6 7
split_gain=0.00690708 0.0400156 0.112856 0.0302589 0.0259155 0.037225 0.0325793 1.83632e-05
threshold=0 1 2 1.5000000000000002 2.5000000000000004 2.5000000000000004 1.5000000000000002 2.5000000000000004
decision_type=9 1 1 2 2 2 2 2
left_child=4 2 3 -2 5 6 -1 -4
right_child=1 -3 7 -5 -6 -7 -8 -9
leaf_value=-0.0023702749360910223 0.0013185188568430664 0.0070250532603625161 -0.075288496782632233 -0.01515024517951985 0.01431806585155279 -0.014778083798432474 0.011479668561547918 -0.077140664688503433
leaf_weight=4.4803407287981809 3.4050814242291381 3.188434399664402 0.087596650511841179 1.6593291966692048 1.4705934775993235 1.4305250747129319 2.7353475270792842 0.13763520684733521
leaf_count=158 271 23 41 136 21 60 23 12
internal_value=0.000281471 -0.00182387 -0.00715774 -0.00407739 0.00204579 -4.15414e-05 0.00288001 -0.0764203
internal_weight=18.5949 8.47808 5.28964 5.06441 10.1168 8.64621 7.21569 0.225232
internal_count=745 483 460 407 262 241 181 53
cat_boundaries=0 1 2 3
cat_threshold=2 1 1
is_linear=0
shrinkage=0.1


Tree=536
num_leaves=8
num_cat=4
split_feature=1 0 2 3 2 0 7
split_gain=0.0119796 0.0168603 0.031781 0.0463995 0.0292809 0.0224624 0.0187593
threshold=0 1.5000000000000002 1 2 3 2.5000000000000004 1.5000000000000002
decision_type=1 2 1 1 1 2 2
left_child=-1 4 3 -3 6 -4 -2
right_child=1 2 5 -5 -6 -7 -8
leaf_value=0.0070510353312885979 0.002404973623642794 0.03558259125303069 -0.0058490982965974554 -0.011824395308452369 -0.0071352026067883602 0.0013197669610171114 0.012923750602457063
leaf_weight=2.2489161898265593 5.534974638198042 0.51420736080035567 11.50131991396484 0.34495972178410739 2.3205968360416591 7.0498378772153947 2.444131671305513
leaf_count=46 185 22 233 37 13 150 59
internal_value=1.40104e-05 -0.000518661 -0.00225397 0.0165485 0.00275162 -0.00312478 0.00562705
internal_weight=31.9589 29.71 19.4103 0.859167 10.2997 18.5512 7.97911
internal_count=745 699 442 59 257 383 244
cat_boundaries=0 1 2 3 4
cat_threshold=2 2 1 1
is_linear=0
shrinkage=0.1


Tree=537
num_leaves=9
num_cat=3
split_feature=6 7 6 0 5 0 2 2
split_gain=0.023296 0.0146739 0.0226646 0.257047 0.0645167 0.0210557 0.0451065 0.027562
threshold=3.5000000000000004 1.5000000000000002 1.5000000000000002 1.5000000000000002 0 1.5000000000000002 1 2
decision_type=2 2 2 2 1 2 1 1
left_child=1 2 3 -1 -4 6 -3 -7
right_child=-2 5 4 -5 -6 7 -8 -9
leaf_value=0.0041575583119892994 -0.017023559917072446 -0.032945705171747705 -0.0065843265270009166 -0.075343330731839978 0.018892668761500267 0.011140926685917062 0.0057742276690093824 -0.00066063180879270627
leaf_weight=2.3637309717196398 0.76912168299895611 0.47405710344901109 2.9919642165405094 0.49121007598296262 1.4884682332631198 4.0474487100436818 0.8235132098197937 3.8721881741657853
leaf_count=141 38 63 118 198 37 121 3 26
internal_value=-1.05607e-05 0.000779955 -0.0025576 -0.00952106 0.00187952 0.0034361 -0.0083718 0.00537073
internal_weight=17.3217 16.5526 7.33537 2.85494 4.48043 9.21721 1.29757 7.91964
internal_count=745 707 494 339 155 213 66 147
cat_boundaries=0 1 2 3
cat_threshold=2 1 1
is_linear=0
shrinkage=0.1


Tree=538
num_leaves=10
num_cat=3
split_feature=3 6 7 0 4 1 7 0 0
split_gain=0.015296 0.0623908 0.0942545 0.0708187 0.044781 0.0330823 0.0357256 0.0789174 0.0199405
threshold=0 2.5000000000000004 1.5000000000000002 1.5000000000000002 1 2 2.5000000000000004 2.5000000000000004 2.5000000000000004
decision_type=1 2 2 2 9 1 2 2 2
left_child=1 3 -3 4 -1 -2 7 -7 -5
right_child=5 2 -4 8 -6 6 -8 -9 -10
leaf_value=0.01446381126896158 0.006780116005145608 -0.0035825309024992941 0.035126275307218152 -0.006458209033705798 0.0011301280957829085 -0.021108437480907082 -0.016696832122031446 0.0052481282340657992 0.00087553714394713884
leaf_weight=4.0333232630509883 2.4801820809952915 1.2316602839273394 1.2856833878322502 12.003330753534103 6.7077979858731904 1.5752195592358456 2.3843950702867005 4.0747138663427904 5.364480849762912
leaf_count=80 25 44 25 203 151 50 23 48 96
internal_value=-2.475e-05 0.00110505 0.0161872 -0.000245663 0.00613697 -0.00331558 -0.00643211 -0.00210017 -0.004193
internal_weight=41.1408 30.6263 2.51734 28.1089 10.7411 10.5145 8.03433 5.64993 17.3678
internal_count=745 599 69 530 231 146 121 98 299
cat_boundaries=0 1 2 3
cat_threshold=1 2 2
is_linear=0
shrinkage=0.1


Tree=539
num_leaves=12
num_cat=5
split_feature=3 7 0 0 0 7 4 1 6 1 1
split_gain=0.0126556 0.0980921 0.0977986 0.159832 0.0637573 0.0327263 0.114035 0.129227 0.0550422 0.0466808 0.000217929
threshold=0 1.5000000000000002 1.5000000000000002 2.5000000000000004 2.5000000000000004 1.5000000000000002 1 2 3.5000000000000004 3 4
decision_type=1 2 2 2 2 2 9 1 2 1 1
left_child=1 2 -1 -4 -3 8 10 -8 9 -2 -7
right_child=5 4 3 -5 -6 6 7 -9 -10 -11 -12
leaf_value=0.013835857833698268 0.014830320007241483 0.028728455058143657 -0.05786876680552569 0.0083648007456572238 0.001937369309137453 9.1084625676067025e-05 -0.0073565583265228357 -0.076040246055766536 0.028112786213554449 -0.0057151541083272665 -0.0012215439493633116
leaf_weight=0.91270317730959538 1.5119916163384914 1.6514995938632637 0.80357778389588908 0.66655408186488785 1.9221099790884182 2.6724686408415437 0.66507083177566528 0.46578267879522151 0.78224073146702711 4.1172230411466462 2.4013391137123108
leaf_count=25 11 16 24 47 34 36 2 134 14 394 8
internal_value=4.05639e-05 0.00383961 -0.011876 -0.0278386 0.0143185 -0.00175308 -0.0069304 -0.0356464 0.00325725 -0.000196696 -0.000530158
internal_weight=18.5726 5.95644 2.38284 1.47013 3.57361 12.6161 6.20466 1.13085 6.41146 5.62921 5.07381
internal_count=745 146 96 71 50 599 180 136 419 405 44
cat_boundaries=0 1 2 3 4 5
cat_threshold=2 2 2 2 1
is_linear=0
shrinkage=0.1


Tree=540
num_leaves=8
num_cat=5
split_feature=1 0 2 0 5 5 4
split_gain=0.0118589 0.0187688 0.0254446 0.0234621 0.155321 0.125839 0.019923
threshold=0 1.5000000000000002 1 2.5000000000000004 2 3 4
decision_type=1 2 1 2 1 1 9
left_child=-1 2 6 4 -3 -5 -2
right_child=1 3 -4 5 -6 -7 -8
leaf_value=0.0070295824215984839 0.013533308039442813 -0.021545769349270775 -0.0062626476397005196 0.018953394303400675 0.0029842577587501575 -0.0075956331666932556 0.0024683052394178172
leaf_weight=2.2473817827267339 2.2776697544031776 3.8689716305816546 2.3239516080357134 2.7826047057751566 7.7555815169398574 4.981451525585725 5.698234498384414
leaf_count=46 79 171 13 126 81 64 165
internal_value=2.56973e-05 -0.000504489 0.00294522 -0.00233708 -0.00518001 0.00191943 0.00562813
internal_weight=31.9358 29.6885 10.2999 19.3886 11.6246 7.76406 7.9759
internal_count=745 699 257 442 252 190 244
cat_boundaries=0 1 2 3 4 5
cat_threshold=2 1 2 2 2
is_linear=0
shrinkage=0.1


Tree=541
num_leaves=8
num_cat=4
split_feature=6 7 5 2 1 1 6
split_gain=0.0245342 0.0155652 0.0218767 0.210284 0.0783895 0.0139704 0.0429597
threshold=4.5000000000000009 1.5000000000000002 0 1 2 3 1.5000000000000002
decision_type=2 2 1 1 1 1 2
left_child=1 2 3 -1 -4 6 -3
right_child=-2 5 4 -5 -6 -7 -8
leaf_value=-0.075860223467344667 0.022283708572499832 -0.001195983852919736 0.044999753423416326 -0.0017428067868124311 -0.0039788560642022843 -0.010081840090459378 0.01469280963896949
leaf_weight=0.41843529931429302 0.4757380005903532 6.132331876899114 0.38400993245886639 4.4941260974737851 2.1923125708344808 0.8715421159286042 2.3552534516784362
leaf_count=260 18 155 12 41 189 20 50
internal_value=-0.000111521 -0.000743896 -0.00414181 -0.00805588 0.00332158 0.00197501 0.00321306
internal_weight=17.3237 16.848 7.48888 4.91256 2.57632 9.35913 8.48759
internal_count=745 727 502 301 201 225 205
cat_boundaries=0 1 2 3 4
cat_threshold=2 1 2 1
is_linear=0
shrinkage=0.1


Tree=542
num_leaves=10
num_cat=4
split_feature=3 6 7 0 4 1 6 2 0
split_gain=0.014145 0.0540524 0.0743488 0.0650828 0.0405283 0.0279622 0.0355035 0.221555 0.0196608
threshold=0 2.5000000000000004 1.5000000000000002 1.5000000000000002 1 2 1.5000000000000002 3 2.5000000000000004
decision_type=1 2 2 2 9 1 2 1 2
left_child=1 3 -3 4 -1 -2 7 -7 -5
right_child=5 2 -4 8 -6 6 -8 -9 -10
leaf_value=0.013850369555441586 0.0061466338939221918 -0.0021190670310081445 0.03240673114181708 -0.0062247660448328333 0.0011602280524513472 -0.032239377052723013 -0.010263810569233769 0.03078262714731916 0.0010613012218763421
leaf_weight=4.0317726345965639 2.452049019979313 1.2459272261476138 1.2489388887770472 12.008607327938082 6.6969613644760155 0.95794678704987568 5.7298859492875636 1.3355080540059137 5.3550658136373377
leaf_count=80 25 44 25 203 151 55 44 22 96
internal_value=-2.76125e-05 0.00105854 0.0151647 -0.000194212 0.00592908 -0.0031991 -0.00605529 0.00445914 -0.0039777
internal_weight=41.0627 30.5873 2.49487 28.0924 10.7287 10.4754 8.02334 2.29345 17.3637
internal_count=745 599 69 530 231 146 121 77 299
cat_boundaries=0 1 2 3 4
cat_threshold=1 2 2 1
is_linear=0
shrinkage=0.1


Tree=543
num_leaves=12
num_cat=5
split_feature=3 7 0 0 0 7 4 1 6 1 1
split_gain=0.0101072 0.085028 0.0834723 0.144675 0.0539239 0.0251397 0.102189 0.124681 0.045557 0.043602 1.18368e-05
threshold=0 1.5000000000000002 1.5000000000000002 2.5000000000000004 2.5000000000000004 1.5000000000000002 1 2 3.5000000000000004 3 4
decision_type=1 2 2 2 2 2 9 1 2 1 1
left_child=1 2 -1 -4 -3 8 10 -8 9 -2 -7
right_child=5 4 3 -5 -6 6 7 -9 -10 -11 -12
leaf_value=0.012334617067189808 0.014227887011500025 0.026540791512654451 -0.055404042574448469 0.0080493130334773639 0.0018763935603588881 7.8334228332784618e-05 -0.0067100227744313502 -0.075928152656940057 0.025305277446832287 -0.0056154359538638952 -0.00022778040396537311
leaf_weight=0.92291990329977158 1.5155208334326744 1.6485616612480953 0.77958690168452427 0.6665361241903156 1.9173943098867312 2.6713729714974761 0.66533792018890381 0.42739855552099448 0.79481874698831223 4.1112930810923007 2.3962840735912323
leaf_count=25 11 16 24 47 34 36 2 134 14 394 8
internal_value=0.000121248 0.00352294 -0.011162 -0.0261576 0.0132789 -0.00148335 -0.00604711 -0.0337831 0.00289476 -0.000270854 -6.64146e-05
internal_weight=18.517 5.935 2.36904 1.44612 3.56596 12.582 6.16039 1.09274 6.42163 5.62681 5.06766
internal_count=745 146 96 71 50 599 180 136 419 405 44
cat_boundaries=0 1 2 3 4 5
cat_threshold=2 2 2 2 1
is_linear=0
shrinkage=0.1


Tree=544
num_leaves=9
num_cat=5
split_feature=1 0 7 5 4 0 5 5
split_gain=0.0120543 0.0202871 0.0252651 0.0700864 0.0478358 0.0222721 0.132218 0.10965
threshold=0 1.5000000000000002 1.5000000000000002 1 2 2.5000000000000004 3 4
decision_type=1 2 2 1 9 2 1 1
left_child=-1 2 4 -4 -2 6 -3 -7
right_child=1 5 3 -5 -6 7 -8 -9
leaf_value=0.0070166812694565138 0.0098391114100542347 -0.020293243118751039 0.034082980214167932 -0.00091332517088576559 -0.0061395969994159274 0.017670871140238138 0.0023106436339234565 -0.0071711986035242169
leaf_weight=2.2478291653533233 3.1133063653833233 3.8892961003439268 0.89959840476512909 1.5726554737193512 4.7050183305400477 2.7579903305922926 7.7327924791825371 4.9941984402830704
leaf_count=46 77 171 7 55 118 126 81 64
internal_value=-4.37067e-05 -0.000578702 0.00300954 0.0118211 0.000223226 -0.00248458 -0.00525368 0.00166685
internal_weight=31.9127 29.6649 10.2906 2.47225 7.81832 19.3743 11.6221 7.75219
internal_count=745 699 257 62 195 442 252 190
cat_boundaries=0 1 2 3 4 5
cat_threshold=2 1 2 2 2
is_linear=0
shrinkage=0.1


Tree=545
num_leaves=9
num_cat=3
split_feature=6 7 5 2 0 0 2 7
split_gain=0.0235413 0.0157043 0.0202879 0.195768 0.0723594 0.0117896 0.0377508 0.0209013
threshold=4.5000000000000009 1.5000000000000002 0 1 1.5000000000000002 1.5000000000000002 2 2.5000000000000004
decision_type=2 2 1 1 2 2 1 2
left_child=1 2 3 -1 -4 6 -3 -7
right_child=-2 5 4 -5 -6 7 -8 -9
leaf_value=-0.075811149909503217 0.022000730476476524 -0.029639386752111536 -0.017421197682846817 -0.0020103706382434421 0.016802702732509583 0.0070018566399306969 0.0060228765808679882 -0.0038385070828461753
leaf_weight=0.39071232972491643 0.46930862171575327 0.46489219105569535 1.0323889737483178 4.4900790856336279 1.5383093713317064 5.4145423816516978 0.82109332084655762 2.6487153911439236
leaf_count=260 18 63 83 41 118 83 3 76
internal_value=-8.96742e-05 -0.000706744 -0.00413136 -0.0079182 0.00305843 0.00202273 -0.00686927 0.00344088
internal_weight=17.27 16.8007 7.45149 4.88079 2.5707 9.34924 1.28599 8.06326
internal_count=745 727 502 301 201 225 66 159
cat_boundaries=0 1 2 3
cat_threshold=2 1 1
is_linear=0
shrinkage=0.1


Tree=546
num_leaves=9
num_cat=2
split_feature=7 6 0 1 0 0 3 6
split_gain=0.0130729 0.0423041 0.603194 0.0272277 0.0316819 0.0308922 0.0574614 0.0516328
threshold=2.5000000000000004 1.5000000000000002 2.5000000000000004 0 1.5000000000000002 2.5000000000000004 1 2.5000000000000004
decision_type=2 2 2 1 2 2 1 2
left_child=3 2 -2 5 -5 6 -1 -7
right_child=1 -3 -4 4 -6 7 -8 -9
leaf_value=-0.020165785344434868 0.048153151993424931 0.013619711582156843 -0.057082853209554488 0.00046664118834950489 -0.015045320477103611 0.0093527312778602968 -0.00012721563906901943 -0.0084326157659284275
leaf_weight=1.5410606628865935 1.0723191860597574 2.5825492844451219 1.1068834181933196 2.6438630123157045 2.622916383552365 7.216027732123619 20.038813172373928 2.109478529979242
leaf_count=50 27 35 28 11 29 105 420 40
internal_value=3.59452e-05 0.00496142 -0.00529942 -0.000612451 -0.00725849 0.000520142 -0.00155821 0.00532959
internal_weight=40.9339 4.76175 2.1792 36.1722 5.26678 30.9054 21.5799 9.32551
internal_count=745 90 55 655 40 615 470 145
cat_boundaries=0 1 2
cat_threshold=1 2
is_linear=0
shrinkage=0.1


Tree=547
num_leaves=10
num_cat=4
split_feature=2 7 0 4 0 3 3 7 0
split_gain=0.00902797 0.0438689 0.295142 0.0270533 0.0209745 0.180085 0.0704815 0.016832 0.0222396
threshold=0 1.5000000000000002 2.5000000000000004 1 1.5000000000000002 2 3 2.5000000000000004 2.5000000000000004
decision_type=1 2 2 9 2 1 1 2 2
left_child=1 2 -1 7 6 -6 -5 8 -2
right_child=3 -3 -4 4 5 -7 -8 -9 -10
leaf_value=-0.084804232073997718 0.0031414409668724819 0.020991932248764403 0.038594733956430732 -0.014258730852668076 -0.055791176323210248 0.001801367129846461 0.013590175029528709 0.01257108401838658 -0.010867840895638305
leaf_weight=0.32158110462478362 7.2289428567746636 0.98510849213926122 0.48788037858321331 1.8361218290083388 0.71005990741832647 2.3067148103964432 1.7993719514925033 1.4570423369295902 1.343822104623541
leaf_count=27 167 31 32 152 24 221 19 21 51
internal_value=7.96755e-05 0.00681919 -0.0104289 -0.000645326 -0.0055901 -0.0117542 -0.000475035 0.00263429 0.000945419
internal_weight=18.4766 1.79457 0.809461 16.6821 6.65227 3.01677 3.63549 10.0298 8.57276
internal_count=745 90 59 655 416 245 171 239 218
cat_boundaries=0 1 2 3 4
cat_threshold=2 2 2 1
is_linear=0
shrinkage=0.1


Tree=548
num_leaves=10
num_cat=5
split_feature=0 5 5 4 0 4 3 7 0
split_gain=0.0109701 0.0618599 0.0158968 0.481071 0.4602 0.331271 0.266142 0.148727 0.0315473
threshold=3.5000000000000004 0 1 2 2.5000000000000004 3 4 1.5000000000000002 1.5000000000000002
decision_type=2 1 1 9 2 9 1 2 2
left_child=2 -2 5 6 -5 7 -4 -1 -7
right_child=1 -3 3 4 -6 8 -8 -9 -10
leaf_value=-0.0080087655329512467 -0.013444778203927314 0.013396850668889224 -0.055825398547234374 0.0076636271086343057 0.082650129627887176 0.01428086679824319 -0.0022179010130341076 -0.041093310013595036 0.0032923435301369037
leaf_weight=3.0520831048488617 1.2508500089170411 2.7380148633383206 1.7073146050643064 6.2102502104826325 0.94265850447118271 3.9753716287668812 2.0240064994668554 2.4490123386422056 7.6217845785431564
leaf_count=20 38 35 229 146 23 75 54 38 87
internal_value=7.35204e-05 0.00497971 -0.00062585 0.00236152 0.0175459 -0.00252752 -0.0267467 -0.0227376 0.00705908
internal_weight=31.9713 3.98886 27.9825 10.8842 7.15291 17.0983 3.73132 5.5011 11.5972
internal_count=745 73 672 452 169 220 283 58 162
cat_boundaries=0 1 2 3 4 5
cat_threshold=2 1 4 2 1
is_linear=0
shrinkage=0.1


Tree=549
num_leaves=8
num_cat=3
split_feature=6 4 6 0 6 5 5
split_gain=0.0205117 0.0129716 0.184535 0.181368 0.0670606 0.173254 0.0849942
threshold=3.5000000000000004 0 1.5000000000000002 2.5000000000000004 1.5000000000000002 1 2
decision_type=2 9 2 2 2 1 1
left_child=1 4 3 -3 6 -6 -1
right_child=-2 2 -4 -5 5 -7 -8
leaf_value=-0.027907306864785278 -0.016276573947160144 -0.007624780956302403 -0.039957450746407178 0.036767907720912006 0.003388835868609906 0.055039386180042831 0.0017635078810600815
leaf_weight=1.2990475931655929 0.74819683798705128 3.0159361033729555 1.0985898770159108 1.3244873561998245 5.2460502581816399 0.74118570797145356 3.7595427615451662
leaf_count=166 38 161 44 49 146 12 129
internal_value=-8.25555e-05 0.000652442 -0.00334511 0.00592172 0.00262085 0.00978288 -0.00585597
internal_weight=17.233 16.4848 5.43901 4.34042 11.0458 5.98724 5.05859
internal_count=745 707 254 210 453 158 295
cat_boundaries=0 1 2 3
cat_threshold=4 2 1
is_linear=0
shrinkage=0.1


Tree=550
num_leaves=10
num_cat=3
split_feature=3 6 7 0 5 1 7 0 7
split_gain=0.0136622 0.0546341 0.0609703 0.0602689 0.0454 0.0249036 0.0329314 0.0661927 0.0204598
threshold=0 2.5000000000000004 1.5000000000000002 1.5000000000000002 1 2 2.5000000000000004 2.5000000000000004 2.5000000000000004
decision_type=1 2 2 2 1 1 2 2 2
left_child=1 3 -3 4 -1 6 7 -2 -5
right_child=5 2 -4 8 -6 -7 -8 -9 -10
leaf_value=-0.0015813905142631251 -0.019456625157425349 -0.0002196517792793507 0.031128006358519502 -0.0048460467070245757 0.011528795062526657 0.0058568244119397116 -0.01574032434241307 0.0049933342337892704 0.007574199689052848
leaf_weight=4.7360315617406741 1.519170733896315 1.2524110754602582 1.2296073521138167 15.900767051731238 5.9724209848791414 2.3800189604517072 2.3495552775857504 4.083838160848245 1.4469947897596274
leaf_count=149 50 44 25 251 82 25 23 48 48
internal_value=2.5936e-05 0.00108943 0.0153102 -0.000168616 0.00573055 -0.00311726 -0.005803 -0.0016359 -0.00381006
internal_weight=40.8708 30.5382 2.48202 28.0562 10.7085 10.3326 7.95256 5.60301 17.3478
internal_count=745 599 69 530 231 146 121 98 299
cat_boundaries=0 1 2 3
cat_threshold=1 2 1
is_linear=0
shrinkage=0.1


Tree=551
num_leaves=10
num_cat=3
split_feature=3 7 0 0 0 1 0 6 4
split_gain=0.00855075 0.0706082 0.0666896 0.115239 0.0479061 0.0234699 0.470367 0.108414 8.27098e-06
threshold=0 1.5000000000000002 1.5000000000000002 2.5000000000000004 2.5000000000000004 1 1.5000000000000002 1.5000000000000002 2
decision_type=1 2 2 2 2 1 2 2 9
left_child=1 2 -1 -4 -3 -2 8 -8 -7
right_child=5 4 3 -5 -6 6 7 -9 -10
leaf_value=0.010136585935736945 0.0041370366329632662 0.024471935289612615 -0.051690040976275477 0.0060195659624043794 0.0011701658293761645 -0.075246515557436888 0.012867183632625465 -0.012623916332602823 -0.07587348428751621
leaf_weight=0.93469008035026524 4.5731301978230476 1.636666847160086 0.73215203759900738 0.65609960111032706 1.9141967836767435 0.42633641322026961 4.5228404729277827 2.6436532956049632 0.41544259246438908
leaf_count=25 21 16 24 47 34 152 231 120 75
internal_value=-0.000107713 0.00304255 -0.0105129 -0.024416 0.0119104 -0.00157846 -0.0048423 0.00346375 -0.0755559
internal_weight=18.4552 5.87381 2.32294 1.38825 3.55086 12.5814 8.00827 7.16649 0.841779
internal_count=745 146 96 71 50 599 578 351 227
cat_boundaries=0 1 2 3
cat_threshold=2 2 4
is_linear=0
shrinkage=0.1


Tree=552
num_leaves=8
num_cat=4
split_feature=1 0 2 7 0 5 5
split_gain=0.0175998 0.0159416 0.0371074 0.0214791 0.018799 0.114825 0.0920748
threshold=0 1.5000000000000002 1 1.5000000000000002 2.5000000000000004 2 3
decision_type=1 2 1 2 2 1 1
left_child=-1 2 3 -2 5 -3 -6
right_child=1 4 -4 -5 6 -7 -8
leaf_value=0.00869510466052879 0.0024920210311104979 -0.018741620773930451 -0.0084648697327100002 0.013845022534195707 0.016495402393035218 0.0023242936316438013 -0.006417747377140872
leaf_weight=2.2267655514588114 5.4739407750894369 3.8979775950137991 2.3107406818307936 2.395829885645071 2.7005275755964249 7.6962502120732115 5.0023939203238106
leaf_count=46 185 171 13 59 126 81 64
internal_value=0.000122678 -0.000524889 0.00267682 0.00594827 -0.002214 -0.00475806 0.00161526
internal_weight=31.7044 29.4777 10.1805 7.86977 19.2971 11.5942 7.70292
internal_count=745 699 257 244 442 252 190
cat_boundaries=0 1 2 3 4
cat_threshold=2 1 2 2
is_linear=0
shrinkage=0.1


Tree=553
num_leaves=8
num_cat=5
split_feature=6 7 5 2 1 1 5
split_gain=0.0244278 0.010421 0.0188655 0.187829 0.0748869 0.0114805 0.0320973
threshold=4.5000000000000009 1.5000000000000002 0 1 2 3 4
decision_type=2 2 1 1 1 1 1
left_child=1 2 3 -1 -4 6 -3
right_child=-2 5 4 -5 -6 -7 -8
leaf_value=-0.075796858758037697 0.022716980262403555 0.0055162973828721297 0.044614180646057058 -0.001338130215316892 -0.003451070062697321 -0.0093808979339563489 -0.011403516275170365
leaf_weight=0.36647197333877202 0.46595818968489666 7.1125510697311256 0.38000336341792718 4.4852129768696649 2.2053031725299728 0.84429218294098873 1.3309949404210764
leaf_count=260 18 166 12 41 189 20 39
internal_value=0.000132951 -0.000496246 -0.00328578 -0.00696237 0.00361384 0.0017374 0.00284915
internal_weight=17.1908 16.7248 7.43699 4.85168 2.58531 9.28784 8.44355
internal_count=745 727 502 301 201 225 205
cat_boundaries=0 1 2 3 4 5
cat_threshold=2 1 2 1 2
is_linear=0
shrinkage=0.1


Tree=554
num_leaves=10
num_cat=3
split_feature=7 3 1 6 1 0 0 6 6
split_gain=0.0149142 0.0399418 0.0780929 0.113208 0.0329909 0.032841 0.0313372 0.0489492 0.0483255
threshold=2.5000000000000004 0 1 1.5000000000000002 2 1.5000000000000002 2.5000000000000004 2.5000000000000004 2.5000000000000004
decision_type=2 1 1 2 1 2 2 2 2
left_child=4 -2 -3 -4 6 -6 8 -8 -1
right_child=1 2 3 -5 5 -7 7 -9 -10
leaf_value=-0.0031459141763783964 -0.0017600116881237927 -0.0092538135077180946 0.010021608649437701 0.079416983300822835 -0.00038510386459995709 -0.016268313754102579 0.0091687939732643439 -0.0082020562606323743 0.013945418050866416
leaf_weight=19.581351059619927 3.0093998135998845 0.66414850950241089 0.65919412346556672 0.36538310348987579 2.6446626419201484 2.5637369274627417 7.197186809498815 2.094218441285193 1.8070034489501257
leaf_count=428 27 2 38 23 11 29 105 40 42
internal_value=-0.000151135 0.00514702 0.0174557 0.0347693 -0.000844717 -0.00820332 0.000404527 0.00525352 -0.00170195
internal_weight=40.5863 4.69813 1.68873 1.02458 35.8882 5.2084 30.6798 9.29141 21.3884
internal_count=745 90 63 61 655 40 615 145 470
cat_boundaries=0 1 2 3
cat_threshold=2 2 1
is_linear=0
shrinkage=0.1


Tree=555
num_leaves=8
num_cat=2
split_feature=2 7 0 0 0 3 7
split_gain=0.00865228 0.0354319 0.257343 0.0266264 0.0439992 0.134653 0.0272812
threshold=0 1.5000000000000002 2.5000000000000004 3.5000000000000004 2.5000000000000004 1 1.5000000000000002
decision_type=1 2 2 2 2 1 2
left_child=1 2 -1 4 6 -6 -2
right_child=3 -3 -4 -5 5 -7 -8
leaf_value=-0.083660348848761529 0.0033439143606955957 0.019353980500661141 0.035440531957493734 0.012264787205916882 0.0086370728432172365 -0.081310220359027963 -0.0053497104719395054
leaf_weight=0.29057131444278639 7.6514169039437583 0.97619058786949608 0.48294888314558193 1.4450973693019467 0.42686331104960196 0.27279477439878974 6.8332852394378278
leaf_count=27 362 31 32 59 81 16 137
internal_value=-2.22618e-06 0.00668673 -0.00929948 -0.000706022 -0.00194046 -0.0264331 -0.000757379
internal_weight=18.3792 1.74971 0.77352 16.6295 15.1844 0.699658 14.4847
internal_count=745 90 59 655 596 97 499
cat_boundaries=0 1 2
cat_threshold=2 1
is_linear=0
shrinkage=0.1


Tree=556
num_leaves=8
num_cat=4
split_feature=1 0 2 0 5 5 7
split_gain=0.014765 0.0117538 0.0316588 0.020089 0.0966601 0.0788043 0.0181157
threshold=0 1.5000000000000002 1 2.5000000000000004 2 3 1.5000000000000002
decision_type=1 2 1 2 1 1 2
left_child=-1 2 6 4 -3 -5 -2
right_child=1 3 -4 5 -6 -7 -8
leaf_value=0.0079753486492485041 0.0021357765865296962 -0.017298763728149272 -0.0079906361354330994 0.015857120231369912 0.0019860168005010445 -0.0053327468422360623 0.012558171100329009
leaf_weight=2.2328390112961642 5.4608063203631954 3.9269439774507191 2.3130558170378208 2.6921769633245276 7.6862615588324861 5.0420379352362934 2.4009417085326277
leaf_count=46 185 171 13 126 81 64 59
internal_value=0.000134637 -0.000458375 0.00229309 -0.00190537 -0.00453503 0.00204316 0.00531873
internal_weight=31.7551 29.5222 10.1748 19.3474 11.6132 7.73421 7.86175
internal_count=745 699 257 442 252 190 244
cat_boundaries=0 1 2 3 4
cat_threshold=2 1 2 2
is_linear=0
shrinkage=0.1


Tree=557
num_leaves=8
num_cat=3
split_feature=6 7 5 2 0 1 6
split_gain=0.0212813 0.0096773 0.0157118 0.175512 0.080798 0.0111406 0.0308535
threshold=4.5000000000000009 1.5000000000000002 0 1 2.5000000000000004 2 1.5000000000000002
decision_type=2 2 1 1 2 1 2
left_child=1 2 3 -1 -4 6 -3
right_child=-2 5 4 -5 -6 -7 -8
leaf_value=-0.075743265919451852 0.021210320922787223 -0.001001032900589022 0.01509844728852364 -0.001341394900260455 -0.02297174913898907 -0.0093668941145107921 0.012574787379093509
leaf_weight=0.34116810375416762 0.46240454912185569 6.1239182295394112 1.7641919524176111 4.4866153202019667 0.81502920938874002 0.83994245249777932 2.3038608810165897
leaf_count=260 18 155 153 41 48 20 50
internal_value=4.87139e-05 -0.000538116 -0.00323283 -0.0065992 0.00306833 0.00161557 0.00271012
internal_weight=17.1371 16.6747 7.407 4.82778 2.57922 9.26772 8.42778
internal_count=745 727 502 301 201 225 205
cat_boundaries=0 1 2 3
cat_threshold=2 1 1
is_linear=0
shrinkage=0.1


Tree=558
num_leaves=9
num_cat=4
split_feature=7 3 5 1 0 0 3 7
split_gain=0.0135737 0.0344825 0.0775612 0.0290045 0.0294134 0.0281256 0.0494008 0.0443776
threshold=2.5000000000000004 0 1 2 1.5000000000000002 2.5000000000000004 3 1.5000000000000002
decision_type=2 1 1 1 2 2 1 2
left_child=3 -2 -3 5 -5 6 -1 -7
right_child=1 2 -4 4 -6 7 -8 -9
leaf_value=-0.019071961395050119 -0.0014164764500906291 -0.00016526278957275937 0.04443310528755285 -0.00030089303150166179 -0.015387814032587301 0.00035618157563810908 -0.00025348108618340975 0.015245193523154897
leaf_weight=1.5003362722345628 2.9976933769939933 1.0415466260164967 0.62331123044714298 2.6452709413133553 2.526426395168528 6.4058868848951516 19.863561711506925 2.9117921040742658
leaf_count=50 27 12 51 11 29 114 420 31
internal_value=-8.32184e-05 0.00499241 0.0165321 -0.00074328 -0.00767101 0.00042446 -0.00157506 0.00500903
internal_weight=40.5158 4.66255 1.66486 35.8533 5.1717 30.6816 21.3639 9.31768
internal_count=745 90 63 655 40 615 470 145
cat_boundaries=0 1 2 3 4
cat_threshold=2 1 1 2
is_linear=0
shrinkage=0.1


Tree=559
num_leaves=8
num_cat=4
split_feature=6 0 1 3 6 1 4
split_gain=0.00988688 0.0180111 0.108065 0.471283 0.0629563 0.13088 0.0765558
threshold=3.5000000000000004 1.5000000000000002 0 1 1.5000000000000002 2 3
decision_type=2 2 1 1 2 1 9
left_child=1 2 3 -1 5 -3 -6
right_child=-2 4 -4 -5 6 -7 -8
leaf_value=-0.075510048244322059 0.0081546792815896316 -0.028153565859959748 0.017869247244851678 0.018727796431732859 -0.0026848172221427095 0.0088645042524090039 -0.029659313456179351
leaf_weight=0.77584290182858862 1.3462630752546818 1.1351755820214748 2.7272254228591919 1.6793674006476069 3.06828503170982 6.0206484566006093 1.6011947554979995
leaf_count=227 38 19 11 28 34 283 105
internal_value=-9.47245e-05 -0.000747714 0.004168 -0.0110512 -0.00290202 0.00299208 -0.0119345
internal_weight=18.354 17.0077 5.18244 2.45521 11.8253 7.15582 4.66948
internal_count=745 707 266 255 441 302 139
cat_boundaries=0 1 2 3 4
cat_threshold=1 1 2 2
is_linear=0
shrinkage=0.1


Tree=560
num_leaves=10
num_cat=5
split_feature=0 5 5 4 0 4 3 7 0
split_gain=0.0113384 0.0689619 0.0193701 0.448233 0.41812 0.300205 0.246316 0.137772 0.0247523
threshold=3.5000000000000004 0 1 2 2.5000000000000004 3 4 1.5000000000000002 1.5000000000000002
decision_type=2 1 1 9 2 9 1 2 2
left_child=2 -2 5 6 -5 8 -4 -7 -1
right_child=1 -3 3 4 -6 7 -8 -9 -10
leaf_value=0.012931974187909792 -0.014422671180900931 0.013960525308627023 -0.054289118242229241 0.0083230100519620532 0.08212136738366041 -0.0079099435472729223 -0.0022617779762725966 -0.039938125509349554 0.003148923864786659
leaf_weight=3.9189375047571957 1.2423915641847998 2.7526143279392263 1.6494453879495214 6.2355381976231055 0.87552298977971066 3.0512801129370937 2.0297745887437539 2.3990431546189939 7.6050333650782704
leaf_count=75 38 35 229 146 23 20 54 38 87
internal_value=0.000152635 0.00513374 -0.00056409 0.00274875 0.0174092 -0.00267001 -0.0255864 -0.0220076 0.00647583
internal_weight=31.7596 3.99501 27.7646 10.7903 7.11106 16.9743 3.67922 5.45032 11.524
internal_count=745 73 672 452 169 220 283 58 162
cat_boundaries=0 1 2 3 4 5
cat_threshold=2 1 4 4 1
is_linear=0
shrinkage=0.1


Tree=561
num_leaves=8
num_cat=2
split_feature=6 4 6 0 6 5 0
split_gain=0.019624 0.00953802 0.172852 0.184504 0.0579722 0.139431 0.083635
threshold=3.5000000000000004 0 1.5000000000000002 2.5000000000000004 1.5000000000000002 1 1.5000000000000002
decision_type=2 9 2 2 2 1 2
left_child=1 4 3 -3 6 -6 -1
right_child=-2 2 -4 -5 5 -7 -8
leaf_value=0.012046496275416462 -0.015966883866785957 -0.0073237268450398367 -0.038648698749451649 0.037827990042720167 0.0032406147782952626 0.048683748973065322 -0.014897671046058245
leaf_weight=1.778331185414572 0.72964301347383198 3.0021821776172191 1.0689301972306564 1.2955698596342697 5.1917657753583626 0.77611791994422663 3.2709798716387013
leaf_count=122 38 161 44 49 146 12 173
internal_value=7.94855e-05 0.000794098 -0.00266293 0.00628739 0.00247808 0.00915045 -0.00540813
internal_weight=17.1135 16.3839 5.36668 4.29775 11.0172 5.96788 5.04931
internal_count=745 707 254 210 453 158 295
cat_boundaries=0 1 2
cat_threshold=4 2
is_linear=0
shrinkage=0.1


Tree=562
num_leaves=9
num_cat=1
split_feature=7 6 0 1 0 0 6 7
split_gain=0.0117314 0.0358271 0.542676 0.0241152 0.0339303 0.0257727 0.0457686 0.039667
threshold=2.5000000000000004 1.5000000000000002 2.5000000000000004 0 1.5000000000000002 2.5000000000000004 2.5000000000000004 1.5000000000000002
decision_type=2 2 2 1 2 2 2 2
left_child=3 2 -2 5 -5 6 -1 -7
right_child=1 -3 -4 4 -6 7 -8 -9
leaf_value=-0.002898643180402922 0.046246209187468038 0.012744792398714011 -0.0549406552096997 0.00095348238513493432 -0.015252327622932729 0.00040362249632346439 0.013801284903057509 0.014473622376382592
leaf_weight=19.532974942732842 1.0488571084570133 2.5248726988793351 1.0714628540736155 2.6452036604750893 2.5253761186031625 6.3993524839461298 1.7916436849627633 2.9171397674072068
leaf_count=428 27 35 28 11 29 114 42 31
internal_value=-3.1282e-05 0.00469685 -0.00488662 -0.000644576 -0.00696164 0.000421406 -0.00149555 0.00480916
internal_weight=40.4569 4.64519 2.12032 35.8117 5.17058 30.6411 21.3246 9.31649
internal_count=745 90 55 655 40 615 470 145
cat_boundaries=0 1
cat_threshold=1
is_linear=0
shrinkage=0.1


Tree=563
num_leaves=9
num_cat=1
split_feature=2 7 7 0 0 0 7 6
split_gain=0.0105303 0.0374338 0.143766 0.237573 0.0210474 0.0364395 0.130517 0.0263851
threshold=0 2.5000000000000004 1.5000000000000002 2.5000000000000004 3.5000000000000004 2.5000000000000004 2.5000000000000004 3.5000000000000004
decision_type=1 2 2 2 2 2 2 2
left_child=1 2 3 -1 5 7 -7 -2
right_child=4 -3 -4 -5 -6 6 -8 -9
leaf_value=-0.083004802927264948 -0.0024094220621827039 -0.013662864187525254 0.066186174079908899 0.034229081652557877 0.010422567337347114 -0.077806248283443097 0.01170946563559051 0.012687084179097028
leaf_weight=0.27091534512874182 13.220346284404515 0.57423916870175173 0.39790888462448493 0.47758288035402074 1.4610624008491857 0.27545232184275015 0.39855433066622936 1.2688383031636483
leaf_count=27 486 15 16 32 59 72 25 13
internal_value=-0.00026941 0.00717769 0.0176168 -0.00820316 -0.0010402 -0.00214471 -0.0248737 -0.0010874
internal_weight=18.3449 1.72065 1.14641 0.748498 16.6243 15.1632 0.674007 14.4892
internal_count=745 90 75 59 655 596 97 499
cat_boundaries=0 1
cat_threshold=2
is_linear=0
shrinkage=0.1


Tree=564
num_leaves=8
num_cat=4
split_feature=1 0 3 7 0 5 5
split_gain=0.0158153 0.00917156 0.0326659 0.0451591 0.0171653 0.0875493 0.0661908
threshold=0 1.5000000000000002 1 1.5000000000000002 2.5000000000000004 2 3
decision_type=1 2 1 2 2 1 1
left_child=-1 2 3 -2 5 -3 -6
right_child=1 4 -4 -5 6 -7 -8
leaf_value=0.0083226760748440955 -0.0042806041669323164 -0.016308756535568184 0.014576101365646459 0.014077948086421222 0.014779177597571594 0.0020642263012082313 -0.0047879575144610361
leaf_weight=2.2075933170563076 6.6635669101378934 3.9237146230007056 1.7118726447806683 1.6771161097567526 2.6341073694802617 7.650381869265404 5.0301041681086636
leaf_count=46 170 171 30 57 126 81 64
internal_value=0.000160611 -0.000454547 0.00199339 -0.000589129 -0.00173366 -0.00416437 0.00193706
internal_weight=31.4985 29.2909 10.0526 8.34068 19.2383 11.5741 7.66421
internal_count=745 699 257 227 442 252 190
cat_boundaries=0 1 2 3 4
cat_threshold=2 1 2 2
is_linear=0
shrinkage=0.1


Tree=565
num_leaves=8
num_cat=5
split_feature=6 7 1 5 5 2 1
split_gain=0.0223823 0.0116004 0.0142085 0.031961 0.0124493 0.164713 0.0778167
threshold=4.5000000000000009 1.5000000000000002 0 1 2 3 4
decision_type=2 2 1 1 1 1 1
left_child=1 4 3 -3 5 -1 -6
right_child=-2 2 -4 -5 6 -7 -8
leaf_value=-0.075713469822690407 0.022146702403945697 0.0060634579506486912 -0.01039305369708355 -0.010891407442835097 0.044558043244128889 -0.0012399522639169357 -0.0046844831132607789
leaf_weight=0.31803397801195032 0.46033128304406901 7.0602702191681601 0.82075986894778807 1.3196209690358935 0.37503182847285643 4.4855645828647575 2.2240289196852312
leaf_count=260 18 166 20 39 12 41 189
internal_value=0.000395734 -0.000207318 0.00216364 0.0033935 -0.00315415 -0.00617065 0.00242097
internal_weight=17.0636 16.6033 9.20065 8.37989 7.40266 4.8036 2.59906
internal_count=745 727 225 205 502 301 201
cat_boundaries=0 1 2 3 4 5
cat_threshold=1 2 2 1 2
is_linear=0
shrinkage=0.1


Tree=566
num_leaves=12
num_cat=8
split_feature=3 0 5 4 4 0 4 1 1 6 2
split_gain=0.0107754 0.0479611 0.0575245 0.378266 0.293965 0.0543482 0.108484 0.0316954 0.0188584 0.027744 0.194659
threshold=0 1.5000000000000002 1 2 3 2.5000000000000004 4 5 6 1.5000000000000002 7
decision_type=1 2 1 9 9 2 9 1 1 2 1
left_child=1 2 3 -1 -4 7 -7 -3 9 10 -2
right_child=8 5 4 -5 -6 6 -8 -9 -10 -11 -12
leaf_value=0.011963876601872264 -0.031406073870125915 -0.019154163639532856 0.034475904065662956 -0.059978829439849723 -0.01001774452251354 -0.011911391889949732 0.016252322797179402 -0.0039286994781307398 0.0050105904552673296 -0.0090580451648867976 0.028606145499567272
leaf_weight=3.7190200858749449 0.91350746150419404 1.5422888585599139 3.0333490818738937 0.90959136642049987 2.9088902203366178 2.1680144974961877 3.70494155268534 12.048928569303825 2.2767571081640199 5.6429463904350996 1.3236989462748172
leaf_count=92 55 10 17 63 66 36 92 223 25 44 22
internal_value=-0.000190171 0.000761996 0.00618442 -0.00217394 0.012695 -0.00218288 0.00585563 -0.00565644 -0.00300583 -0.00532196 0.00410165
internal_weight=40.1919 30.035 10.5709 4.62861 5.94224 19.4642 5.87296 13.5912 10.1569 7.88015 2.23721
internal_count=745 599 238 155 83 361 128 233 146 121 77
cat_boundaries=0 1 2 3 4 5 6 7 8
cat_threshold=1 2 4 2 2 2 1 1
is_linear=0
shrinkage=0.1


Tree=567
num_leaves=11
num_cat=3
split_feature=2 7 7 0 4 7 0 7 0 3
split_gain=0.00835122 0.0297136 0.128783 0.215362 0.0204623 0.0245014 0.0233001 0.0189709 0.112913 0.041411
threshold=0 2.5000000000000004 1.5000000000000002 2.5000000000000004 1 2.5000000000000004 1.5000000000000002 1.5000000000000002 1.5000000000000002 2
decision_type=1 2 2 2 9 2 2 2 2 1
left_child=1 2 3 -1 5 6 -2 9 -9 -6
right_child=4 -3 -4 -5 7 -7 -8 8 -10 -11
leaf_value=-0.082491511765484554 0.010736662981015504 -0.011922247644399045 0.063203394611648117 0.031356462569882157 -0.016420841807167595 0.014209539927037239 -0.0025649988175429697 0.0010872801990444026 -0.049322442811623991 0.0049744815863572919
leaf_weight=0.2558311596221754 1.6224522177362795 0.57765467528224701 0.38056293953559361 0.47403034950548317 1.2876946226751897 1.3987226607277996 6.9919505780562758 1.6199912332667739 0.61228104833571695 3.0411243311973566
leaf_count=27 82 15 16 32 30 21 136 53 85 248
internal_value=-0.000228246 0.00647241 0.0160415 -0.00854955 -0.000910706 0.00193352 -5.97398e-05 -0.00525139 -0.0127394 -0.00138999
internal_weight=18.2623 1.68808 1.11042 0.729862 16.5742 10.0131 8.6144 6.56109 2.23227 4.32882
internal_count=745 90 75 59 655 239 218 416 138 278
cat_boundaries=0 1 2 3
cat_threshold=2 2 2
is_linear=0
shrinkage=0.1


Tree=568
num_leaves=8
num_cat=4
split_feature=1 0 3 7 2 3 6
split_gain=0.0167611 0.00685843 0.0264265 0.0382845 0.0236694 0.0535085 0.0183881
threshold=0 1.5000000000000002 1 1.5000000000000002 2 3 1.5000000000000002
decision_type=1 2 1 2 1 1 2
left_child=-1 2 3 -2 5 -3 -6
right_child=1 4 -4 -5 6 -7 -8
leaf_value=0.0084164662652329841 -0.0042493802719337148 0.035184485012471144 0.01282672826470279 0.01274211838964231 -0.0045146406328552555 -0.015971606079380859 0.0024464493974855903
leaf_weight=2.2012828575388994 6.6125726032769361 0.50762849219609052 1.7062106425873924 1.658670813339995 13.042052328333744 0.34237620467320085 5.3519535323248411
leaf_count=46 170 22 30 57 249 37 134
internal_value=1.6937e-06 -0.0006322 0.00149545 -0.000841996 -0.00173532 0.0145792 -0.00248923
internal_weight=31.4227 29.2215 9.97745 8.27124 19.244 0.850005 18.394
internal_count=745 699 257 227 442 59 383
cat_boundaries=0 1 2 3 4
cat_threshold=2 1 2 1
is_linear=0
shrinkage=0.1


Tree=569
num_leaves=8
num_cat=3
split_feature=6 7 1 5 5 0 0
split_gain=0.0195747 0.0113984 0.01151 0.0277103 0.0114507 0.0809928 0.0737089
threshold=4.5000000000000009 1.5000000000000002 0 1 2 1.5000000000000002 2.5000000000000004
decision_type=2 2 1 1 1 2 2
left_child=1 4 -3 -4 5 -1 -6
right_child=-2 2 3 -5 6 -7 -8
leaf_value=0.0075905202775366776 0.020962124327847151 -0.0090619504330879466 0.0058767944355832312 -0.0099802948924885889 0.013747697086503419 -0.018480666646993198 -0.022663682629992001
leaf_weight=2.3054034917768149 0.45567403314635058 0.81248504249379039 7.0680808792239986 1.3055960353958616 1.7800784265855392 2.4663661876729748 0.80846756921164331
leaf_count=117 18 20 166 39 153 184 48
internal_value=0.000515515 -4.75646e-05 0.0023018 0.00340441 -0.00297973 -0.00588479 0.00237551
internal_weight=17.0022 16.5465 9.18616 8.37368 7.36032 4.77177 2.58855
internal_count=745 727 225 205 502 301 201
cat_boundaries=0 1 2 3
cat_threshold=2 2 2
is_linear=0
shrinkage=0.1


Tree=570
num_leaves=9
num_cat=4
split_feature=7 3 1 6 1 0 6 5
split_gain=0.0109935 0.0407854 0.0697271 0.103928 0.0262755 0.0238346 0.170142 0.034036
threshold=2.5000000000000004 0 1 1.5000000000000002 2 3.5000000000000004 1.5000000000000002 3
decision_type=2 1 1 2 1 2 2 1
left_child=4 -2 -3 -4 5 7 -7 -1
right_child=1 2 3 -5 -6 6 -8 -9
leaf_value=-0.0043180961588860966 -0.0025283794067516695 -0.0078643275728301799 0.010443856545871582 0.079068045069302165 -0.0073695238686352846 -0.011026316404397433 0.041160039169014451 0.0027243596606735315
leaf_weight=12.562578380224295 2.968641684303293 0.66484415531158447 0.63961885101161786 0.33694081963039935 5.0960749866208053 1.5874004161451005 1.0301770774240138 15.125038486323323
leaf_count=376 27 2 38 23 40 30 20 189
internal_value=-0.000127717 0.00446567 0.0171151 0.0341212 -0.00072588 0.000391305 0.00951221 -0.000470982
internal_weight=40.0113 4.61005 1.6414 0.97656 35.4013 30.3052 2.61758 27.6876
internal_count=745 90 63 61 655 615 50 565
cat_boundaries=0 1 2 3 4
cat_threshold=2 2 1 2
is_linear=0
shrinkage=0.1


Tree=571
num_leaves=12
num_cat=5
split_feature=3 7 0 0 0 7 4 1 6 5 1
split_gain=0.00854343 0.0553379 0.0569229 0.0768413 0.0420048 0.0238376 0.0731219 0.116338 0.0376564 0.0441995 5.92441e-07
threshold=0 1.5000000000000002 1.5000000000000002 2.5000000000000004 2.5000000000000004 1.5000000000000002 1 2 3.5000000000000004 3 4
decision_type=1 2 2 2 2 2 9 1 2 1 1
left_child=1 2 -1 -4 -3 8 10 -8 9 -2 -7
right_child=5 4 3 -5 -6 6 7 -9 -10 -11 -12
leaf_value=0.0095206026766105727 -0.010190789492206078 0.022776281205062671 -0.046696123348985985 0.0019339479292446754 0.00072421989409186046 -0.00122955343288474 -0.0055408071790632183 -0.075763770232478586 0.022761218077579536 0.0076441802264219485 -0.0011608893483293691
leaf_weight=0.93710363487480242 2.5123636778298533 1.6032640775665641 0.66152046687784583 0.63858843503112439 1.8727230111835524 2.6348180519416928 0.66575950384140015 0.36540336305279175 0.80797310499474395 3.109174252283994 2.4021960198879242
leaf_count=25 240 16 24 47 34 36 2 134 14 165 8
internal_value=-0.000203611 0.0029999 -0.00926763 -0.02281 0.0108955 -0.00166806 -0.00616355 -0.030425 0.00257478 -0.00032658 -0.00119681
internal_weight=18.2109 5.7132 2.23721 1.30011 3.47599 12.4977 6.06818 1.03116 6.42951 5.62154 5.03701
internal_count=745 146 96 71 50 599 180 136 419 405 44
cat_boundaries=0 1 2 3 4 5
cat_threshold=2 2 2 2 1
is_linear=0
shrinkage=0.1


Tree=572
num_leaves=8
num_cat=4
split_feature=1 0 3 7 0 5 5
split_gain=0.012566 0.0069743 0.0248063 0.0314545 0.0156434 0.0799877 0.0495585
threshold=0 1.5000000000000002 1 1.5000000000000002 2.5000000000000004 2 3
decision_type=1 2 1 2 2 1 1
left_child=-1 2 3 -2 5 -3 -6
right_child=1 4 -4 -5 6 -7 -8
leaf_value=0.0074185784211138993 -0.0036075013030711848 -0.015432632882416955 0.012723384593753398 0.011777683678911244 0.013210671517348591 0.0021077701017608594 -0.0037678651628345466
leaf_weight=2.2048879865906201 6.6310855357442104 3.9331382139716879 1.7038493858417485 1.6618964360677635 2.5991835010154318 7.6692210580513365 5.0776573551847823
leaf_count=46 170 171 30 57 126 81 64
internal_value=0.000138459 -0.000409834 0.00173359 -0.000524342 -0.00152126 -0.00383833 0.00198064
internal_weight=31.4809 29.276 9.99683 8.29298 19.2792 11.6024 7.67684
internal_count=745 699 257 227 442 252 190
cat_boundaries=0 1 2 3 4
cat_threshold=2 1 2 2
is_linear=0
shrinkage=0.1


Tree=573
num_leaves=8
num_cat=2
split_feature=6 7 6 0 4 2 7
split_gain=0.0184957 0.00779838 0.0188235 0.226402 0.0417091 0.0127688 0.0446288
threshold=3.5000000000000004 1.5000000000000002 1.5000000000000002 1.5000000000000002 0 1 2.5000000000000004
decision_type=2 2 2 2 9 1 2
left_child=1 2 3 -1 -4 6 -3
right_child=-2 5 4 -5 -6 -7 -8
leaf_value=0.0042399146626047064 -0.01541224832872096 0.011242200386004108 0.0069945187046729085 -0.075308714700705881 -0.018975645885104944 -0.00067822927338832709 -0.015827479248170139
leaf_weight=2.3548807832885426 0.7109953596664117 3.7354586017900129 3.6974545102020784 0.42187527433998173 0.7426243039080872 4.6024074642919004 0.72768902590905771
leaf_count=141 38 117 128 198 27 29 67
internal_value=0.000375529 0.00106493 -0.0013879 -0.00784599 0.00265089 0.00301755 0.00682865
internal_weight=16.9934 16.2824 7.21683 2.77676 4.44008 9.06556 4.46315
internal_count=745 707 494 339 155 213 184
cat_boundaries=0 1 2
cat_threshold=4 1
is_linear=0
shrinkage=0.1


Tree=574
num_leaves=8
num_cat=1
split_feature=7 6 0 1 0 6 7
split_gain=0.011173 0.0360567 0.500475 0.0242604 0.0220828 0.0448733 0.040212
threshold=2.5000000000000004 1.5000000000000002 2.5000000000000004 0 2.5000000000000004 2.5000000000000004 1.5000000000000002
decision_type=2 2 2 1 2 2 2
left_child=3 2 -2 4 5 -1 -6
right_child=1 -3 -4 -5 6 -7 -8
leaf_value=-0.0028925801364997859 0.043718792964434344 0.012620217239422485 -0.05416262176266904 -0.0071673134166465469 -5.969502536730105e-05 0.013688456812961911 0.014156141668709724
leaf_weight=19.280646852828802 1.0451992712914937 2.4862202267395332 1.0442968132847452 5.0762675111182025 6.3918974412954395 1.7831129967235018 2.8892294493271038
leaf_count=428 27 35 28 40 114 42 31
internal_value=-0.000167952 0.00448228 -0.00520078 -0.00076867 0.000301732 -0.00148894 0.00436572
internal_weight=39.9969 4.57572 2.0895 35.4212 30.3449 21.0638 9.28113
internal_count=745 90 55 655 615 470 145
cat_boundaries=0 1
cat_threshold=1
is_linear=0
shrinkage=0.1


Tree=575
num_leaves=8
num_cat=4
split_feature=6 0 1 3 6 1 4
split_gain=0.0082326 0.0236454 0.0919984 0.439283 0.0590306 0.121793 0.0671196
threshold=3.5000000000000004 1.5000000000000002 0 1 1.5000000000000002 2 3
decision_type=2 2 1 1 2 1 9
left_child=1 2 3 -1 5 -3 -6
right_child=-2 4 -4 -5 6 -7 -8
leaf_value=-0.075472929662488822 0.0073138658297194487 -0.02806676791847125 0.017391132228272037 0.018411192075978012 -0.0037103152253778679 0.007968528821663266 -0.029549453216632944
leaf_weight=0.70915356191108625 1.3426983584940888 1.1104417219758034 2.7285077162086964 1.6768037532456221 3.0623977130744606 6.037118653097421 1.4965761734883924
leaf_count=227 38 19 11 28 34 283 105
internal_value=-0.000221475 -0.000822967 0.00484936 -0.00949302 -0.00330115 0.0023701 -0.0121925
internal_weight=18.1637 16.821 5.11447 2.38596 11.7065 7.14756 4.55897
internal_count=745 707 266 255 441 302 139
cat_boundaries=0 1 2 3 4
cat_threshold=1 1 2 2
is_linear=0
shrinkage=0.1


Tree=576
num_leaves=9
num_cat=5
split_feature=0 1 1 3 7 0 5 5
split_gain=0.010969 0.233189 0.222811 0.0255853 0.0271599 0.0147569 0.0647637 0.0423833
threshold=1.5000000000000002 0 1 2 1.5000000000000002 2.5000000000000004 3 4
decision_type=2 1 1 1 2 2 1 1
left_child=2 -2 3 4 -1 6 -3 -7
right_child=1 5 -4 -5 -6 7 -8 -9
leaf_value=-0.0035654617286743229 0.041063857232865715 -0.014039138101737817 -0.052903922803605299 0.012758331185868294 0.010738311481694796 0.012408817156971336 0.0017148913481918452 -0.0033094969322685209
leaf_weight=6.6201451534871047 1.3855041617935058 3.9601171431786497 0.8109845444560041 1.7039263340993756 1.6604262191103769 2.5888352243800909 7.6507983871706582 5.0849938291939898
leaf_count=170 35 171 11 30 57 126 81 64
internal_value=8.81818e-05 0.0014375 -0.00249537 0.00159903 -0.000697259 -0.00140944 -0.00365831 0.00199322
internal_weight=31.4657 20.6702 10.7955 9.9845 8.28057 19.2847 11.6109 7.67383
internal_count=745 477 268 257 227 442 252 190
cat_boundaries=0 1 2 3 4 5
cat_threshold=2 1 1 2 2
is_linear=0
shrinkage=0.1


Tree=577
num_leaves=8
num_cat=3
split_feature=6 7 5 1 0 1 6
split_gain=0.0209312 0.0102865 0.0133246 0.0768506 0.0666094 0.0107514 0.0296003
threshold=4.5000000000000009 1.5000000000000002 0 1 1.5000000000000002 2 1.5000000000000002
decision_type=2 2 1 1 2 1 2
left_child=1 2 4 -4 -1 6 -3
right_child=-2 5 3 -5 -6 -7 -8
leaf_value=0.0060636262676003385 0.021588270511089094 -0.00051286749236038366 0.044735317445396786 -0.0042992643822223299 -0.017585629516365213 -0.0089502369953781535 0.01285708633977046
leaf_weight=2.3152108634203614 0.453804069198667 6.1070340616861341 0.37397989491000772 2.199180599833205 2.4526301255282306 0.81035613687708874 2.2719382398936432
leaf_count=117 18 155 12 189 184 20 50
internal_value=0.000400677 -0.000180982 -0.00297197 0.00282736 -0.00610181 0.00204863 0.00311236
internal_weight=16.9841 16.5303 7.341 2.57316 4.76784 9.18933 8.37897
internal_count=745 727 502 201 301 225 205
cat_boundaries=0 1 2 3
cat_threshold=2 2 1
is_linear=0
shrinkage=0.1


Tree=578
num_leaves=13
num_cat=8
split_feature=3 0 0 4 5 4 4 4 6 0 2 2
split_gain=0.0153834 0.0490514 0.0505722 0.0865158 0.0456607 0.347777 0.273207 0.0313143 0.0158042 0.105122 0.0377324 0.0266867
threshold=0 1.5000000000000002 2.5000000000000004 1 2 3 4 5 1.5000000000000002 2.5000000000000004 6 7
decision_type=1 2 2 9 1 9 9 9 2 2 1 1
left_child=1 4 7 -4 5 -1 -6 -3 9 11 -10 -2
right_child=8 2 3 -5 6 -7 -8 -9 10 -11 -12 -13
leaf_value=0.012335980672720395 -0.0021534838006020507 -0.010385075108608236 -0.010371298532545557 0.014986006864992785 0.033513641776591989 -0.058065521141277165 -0.009549127731298214 -0.00077001469965563949 0.0080082954578220549 -0.027070231228026834 -0.0067057529041318403 0.029024046380651237
leaf_weight=3.7107596978312358 0.54859438107814484 6.4240832361392677 2.1073723803274333 3.7218392702925476 2.9959104806184769 0.86529738863464434 2.898844883777203 7.1650577214313689 2.7976070949807763 1.5355636388412675 4.62241230905056 0.54958059324417263
leaf_count=92 33 148 36 92 17 63 66 85 35 44 21 13
internal_value=-0.000136425 0.00100176 -0.001973 0.00581885 0.00651853 -0.000976405 0.0123368 -0.0053154 -0.00352019 -0.010175 -0.00115804 0.0134493
internal_weight=39.9429 29.8892 19.4184 5.82921 10.4708 4.57606 5.89476 13.5891 10.0538 2.63374 7.42002 1.09817
internal_count=745 599 361 128 238 155 83 233 146 90 56 46
cat_boundaries=0 1 2 3 4 5 6 7 8
cat_threshold=1 2 2 4 2 4 1 1
is_linear=0
shrinkage=0.1


Tree=579
num_leaves=9
num_cat=2
split_feature=2 7 7 0 0 3 6 6
split_gain=0.0131258 0.0260628 0.108173 0.0176449 0.0359045 0.119293 0.0256062 0.00329246
threshold=0 2.5000000000000004 1.5000000000000002 3.5000000000000004 2.5000000000000004 1 3.5000000000000004 2.5000000000000004
decision_type=1 2 2 2 2 1 2 2
left_child=1 2 7 4 6 -6 -2 -1
right_child=3 -3 -4 -5 5 -7 -8 -9
leaf_value=-0.00056276410711170719 -0.0023803213615314978 -0.0088184678293575011 0.061644280245116229 0.0094441102505804057 0.0090968589955353826 -0.080558341546087764 0.012511310576715208 -0.015053510720543018
leaf_weight=0.45869708650570806 13.161472102183327 0.57613158474123349 0.36564893746981397 1.4541567269334326 0.3841871756048939 0.24182738874515053 1.2657189443707473 0.2382337128801737
leaf_count=49 486 15 16 59 81 16 13 10
internal_value=-0.000227634 0.00830847 0.0175947 -0.00107503 -0.00209119 -0.0255367 -0.00107386 -0.00551617
internal_weight=18.1461 1.63871 1.06258 16.5074 15.0532 0.626015 14.4272 0.696931
internal_count=745 90 75 655 596 97 499 59
cat_boundaries=0 1 2
cat_threshold=2 1
is_linear=0
shrinkage=0.1


Tree=580
num_leaves=10
num_cat=6
split_feature=0 5 5 4 4 3 7 2 0
split_gain=0.0106338 0.0941101 0.0150443 0.435613 0.259027 0.20645 0.146656 0.0380013 0.0191333
threshold=3.5000000000000004 0 1 2 3 4 1.5000000000000002 5 1.5000000000000002
decision_type=2 1 1 9 9 1 2 1 2
left_child=2 -2 4 5 6 -4 -1 -5 -6
right_child=1 -3 3 7 8 -7 -8 -9 -10
leaf_value=-0.0062117468601539834 0.014927345922474591 -0.018600112101930407 -0.052990333673391114 0.020920918891142178 0.011656401927512381 -0.0048188919931233479 -0.039644671749209326 0.0036410061491290212 0.0030043405138786752
leaf_weight=3.016054842621088 2.7796849333681157 1.198050959632383 1.5855220013036107 5.3295424335519836 3.8571166247129458 2.0272076452165546 2.3223108071833849 1.6719124182127414 7.5767087927088141
leaf_count=20 35 38 229 153 75 54 38 16 87
internal_value=-2.21699e-06 0.00482924 -0.000703962 0.0022423 -0.00256848 -0.0259599 -0.0207558 0.0167946 0.00592305
internal_weight=31.3641 3.97774 27.3864 10.6142 16.7722 3.61273 5.33837 7.00145 11.4338
internal_count=745 73 672 452 220 283 58 169 162
cat_boundaries=0 1 2 3 4 5 6
cat_threshold=1 1 4 2 1 1
is_linear=0
shrinkage=0.1


Tree=581
num_leaves=8
num_cat=3
split_feature=6 7 5 1 0 6 2
split_gain=0.0197612 0.0083615 0.0123552 0.0696539 0.0651293 0.0104545 0.0411962
threshold=4.5000000000000009 1.5000000000000002 0 1 2.5000000000000004 2.5000000000000004 2
decision_type=2 2 1 1 2 2 1
left_child=1 2 4 -4 -1 6 -3
right_child=-2 5 3 -5 -6 -7 -8
leaf_value=-0.014999467452065297 0.020954570079147451 0.0097375461502116969 0.042875892672991835 -0.0039271844426060241 0.0090297977681972671 -0.0063730202563833764 -0.0048595132373683222
leaf_weight=2.928605405781127 0.45310456631705065 4.3155246732640062 0.37197397829731926 2.1905105125806652 1.8345499361093969 1.3363977694098137 3.5026764646172523
leaf_count=234 18 169 12 189 67 32 24
internal_value=0.000352164 -0.000214275 -0.00273228 0.00286682 -0.00574449 0.00180067 0.00319784
internal_weight=16.9333 16.4802 7.32564 2.56248 4.76316 9.1546 7.8182
internal_count=745 727 502 201 301 225 193
cat_boundaries=0 1 2 3
cat_threshold=2 2 1
is_linear=0
shrinkage=0.1


Tree=582
num_leaves=10
num_cat=4
split_feature=3 6 7 0 5 7 1 6 2
split_gain=0.0126674 0.05172 0.0539435 0.0521147 0.0315023 0.0147726 0.0137728 0.0325769 0.18301
threshold=0 2.5000000000000004 1.5000000000000002 1.5000000000000002 1 2.5000000000000004 2 1.5000000000000002 3
decision_type=1 2 2 2 1 2 1 2 1
left_child=1 3 -3 4 -1 -5 7 8 -2
right_child=6 2 -4 5 -6 -7 -8 -9 -10
leaf_value=-0.00094356897958572947 -0.030111983315761801 0.00039689134095940759 0.030287736107131841 -0.0045806646635458441 0.01020064920653546 0.0062249252830043214 0.0037995451591623188 -0.0091880956991250481 0.029007446219537193
leaf_weight=4.5291204032255337 0.87619142785842818 1.2410181819577695 1.1757734853599684 15.701430626679214 5.7655666377395445 1.3760812975815486 2.1950902893440798 5.6235786534380168 1.3012558457558046
leaf_count=149 55 44 25 251 82 48 25 44 22
internal_value=-0.000117665 0.000915978 0.0149388 -0.000322152 0.00529778 -0.00370997 -0.00319798 -0.00516698 0.00521815
internal_weight=39.7851 29.789 2.41679 27.3722 10.2947 17.0775 9.99612 7.80103 2.17745
internal_count=745 599 69 530 231 299 146 121 77
cat_boundaries=0 1 2 3 4
cat_threshold=1 2 1 1
is_linear=0
shrinkage=0.1


Tree=583
num_leaves=10
num_cat=4
split_feature=2 0 7 4 7 0 0 3 3
split_gain=0.0112745 0.0242688 0.19919 0.0155165 0.0229216 0.0318178 0.0187603 0.158792 0.0450972
threshold=0 2.5000000000000004 2.5000000000000004 1 2.5000000000000004 1.5000000000000002 1.5000000000000002 2 3
decision_type=1 2 2 9 2 2 2 1 1
left_child=1 -1 -3 4 5 -2 8 -8 -5
right_child=3 2 -4 6 -6 -7 7 -9 -10
leaf_value=0.022237265905421896 0.012462843998028141 0.034038795338708898 -0.060495710248081425 -0.011285165786158475 0.013668557463581933 -0.0031708021325625108 -0.054965059357644175 0.0016314182648186082 0.011238304086259374
leaf_weight=0.68264122989785392 1.5969845112995225 0.57606957682583015 0.36354882347222883 1.7402125995140567 1.3638189258053905 7.0434123685117811 0.63222035467333626 2.2963456461848186 1.8172689558705315
leaf_count=37 82 41 12 152 21 136 24 221 19
internal_value=-6.69433e-05 0.00788754 -0.00253766 -0.00084948 0.00162043 -0.000281272 -0.00465912 -0.0105867 0.000220502
internal_weight=18.1125 1.62226 0.939618 16.4903 10.0042 8.6404 6.48605 2.92857 3.55748
internal_count=745 90 53 655 239 218 416 245 171
cat_boundaries=0 1 2 3 4
cat_threshold=2 2 2 1
is_linear=0
shrinkage=0.1


Tree=584
num_leaves=8
num_cat=4
split_feature=1 0 3 7 0 5 5
split_gain=0.0176761 0.00739768 0.0251867 0.0286061 0.0170606 0.0628139 0.0409426
threshold=0 1.5000000000000002 1 1.5000000000000002 2.5000000000000004 2 3
decision_type=1 2 1 2 2 1 1
left_child=-1 2 3 -2 5 -3 -6
right_child=1 4 -4 -5 6 -7 -8
leaf_value=0.0086887760294254244 -0.0037473988471288795 -0.014583195020811191 0.012569538347064117 0.011152761169059276 0.012124344883929692 0.0010165927984092983 -0.0034005906603779947
leaf_weight=2.1446526801591972 6.5283965396811308 3.9159571327691083 1.702312426350544 1.6053101504803633 2.5544887041123729 7.5726418946869689 5.0704933109955155
leaf_count=46 170 171 30 57 126 81 64
internal_value=-7.10492e-05 -0.000719997 0.00150838 -0.000806627 -0.00186674 -0.00430069 0.00180051
internal_weight=31.0943 28.9496 9.83602 8.13371 19.1136 11.4886 7.62498
internal_count=745 699 257 227 442 252 190
cat_boundaries=0 1 2 3 4
cat_threshold=2 1 2 2
is_linear=0
shrinkage=0.1


Tree=585
num_leaves=7
num_cat=1
split_feature=6 6 0 2 0 0
split_gain=0.018801 0.00818201 0.204722 0.0264453 0.252085 0.074834
threshold=4.5000000000000009 2.5000000000000004 2.5000000000000004 0 3.5000000000000004 1.5000000000000002
decision_type=2 2 2 1 2 2
left_child=1 3 -3 4 -1 -5
right_child=-2 2 -4 5 -6 -7
leaf_value=0.010572960748283544 0.020679817115224128 -0.056427234915088526 0.01125850484033526 0.006873780530262788 -0.077487279729511069 -0.012667649947227187
leaf_weight=5.8749444165150653 0.44766164710745115 0.59375158960756325 1.8062293986695293 3.8659437745809591 0.34411830780663866 3.9742983438482042
leaf_count=528 18 45 35 13 46 60
internal_value=0.000459494 -9.0461e-05 -0.00548684 0.000830723 0.00570034 -0.00303197
internal_weight=16.9069 16.4593 2.39998 14.0593 6.21906 7.84024
internal_count=745 727 80 647 574 73
cat_boundaries=0 1
cat_threshold=1
is_linear=0
shrinkage=0.1


Tree=586
num_leaves=11
num_cat=4
split_feature=3 6 7 0 5 6 0 2 2 7
split_gain=0.0105618 0.0461769 0.0462389 0.0429996 0.0331871 0.0178537 0.0983062 0.0338543 0.0195548 0.0145446
threshold=0 2.5000000000000004 1.5000000000000002 1.5000000000000002 1 1.5000000000000002 2.5000000000000004 2 3 2.5000000000000004
decision_type=1 2 2 2 1 2 2 1 1 2
left_child=1 3 -3 4 -1 6 8 -7 -2 -5
right_child=5 2 -4 9 -6 7 -8 -9 -10 -11
leaf_value=-0.0017554876111573654 -0.00068386676096084305 0.00059045290128382144 0.028352810198538549 -0.0043806358090310313 0.0097261469296747866 0.0082764050562997207 -0.026576704023285089 -0.0057659611611487888 0.02620645611442439 0.0063576536736448599
leaf_weight=4.4832137897610664 0.53614814011961998 1.2392305064713576 1.162882370786974 15.634060091106223 5.7414568644017034 2.7457871679216623 1.5168455767270641 4.5815519988536835 0.54567371215671301 1.3720344685716543
leaf_count=149 33 44 25 251 82 35 44 21 13 48
internal_value=-0.000206288 0.000739399 0.0140304 -0.000433046 0.00469179 -0.00302952 -0.0101511 -0.00050384 0.0128797 -0.00351428
internal_weight=39.5589 29.6329 2.40211 27.2308 10.2247 9.92601 2.59867 7.32734 1.08182 17.0061
internal_count=745 599 69 530 231 146 90 56 46 299
cat_boundaries=0 1 2 3 4
cat_threshold=1 2 1 1
is_linear=0
shrinkage=0.1


Tree=587
num_leaves=12
num_cat=5
split_feature=3 7 0 0 0 7 4 1 1 0 1
split_gain=0.00978194 0.0453805 0.0453633 0.0663102 0.0342601 0.0194992 0.0675162 0.109009 0.0265238 0.271176 5.86253e-05
threshold=0 1.5000000000000002 1.5000000000000002 2.5000000000000004 2.5000000000000004 1.5000000000000002 1 2 3 1.5000000000000002 4
decision_type=1 2 2 2 2 2 9 1 1 2 1
left_child=1 2 -1 -4 -3 8 10 -8 -2 -10 -7
right_child=5 4 3 -5 -6 6 7 -9 9 -11 -12
leaf_value=0.008972260688894635 0.01400306574719529 0.021538052542589448 -0.042937315882909916 0.0031052756839602133 0.001485549144901864 -0.0011006797728120726 -0.0058018681198736283 -0.075712596893731887 -0.075295854389865066 0.0062939276284119453 -0.00041487218487752859
leaf_weight=0.93963249388616565 1.5090200901031494 1.5904669838491827 0.63068863125226904 0.62057693021779414 1.8350974997738376 2.602355461101979 0.66567224264144897 0.33541906169830304 0.44829298323020506 4.4614372953801649 2.3923408687114716
leaf_count=25 11 16 24 47 34 36 2 134 170 238 8
internal_value=0.000144257 0.00360713 -0.00763266 -0.0201021 0.0107958 -0.00142238 -0.00552296 -0.0292257 0.00240799 -0.00115579 -0.000772194
internal_weight=18.031 5.61646 2.1909 1.25127 3.42556 12.4145 5.99579 1.00109 6.41875 4.90973 4.9947
internal_count=745 146 96 71 50 599 180 136 419 408 44
cat_boundaries=0 1 2 3 4 5
cat_threshold=2 2 2 2 1
is_linear=0
shrinkage=0.1


Tree=588
num_leaves=8
num_cat=5
split_feature=1 0 3 4 0 5 4
split_gain=0.0155123 0.00875031 0.023952 0.0247034 0.0136596 0.0515952 0.0394805
threshold=0 1.5000000000000002 1 2 2.5000000000000004 3 4
decision_type=1 2 1 9 2 1 9
left_child=-1 2 3 -2 5 -3 -6
right_child=1 4 -4 -5 6 -7 -8
leaf_value=0.0082285433059472446 -0.0054178597232928012 -0.013287948928919754 0.012621733457887153 0.0056455969886574087 0.010013900517167227 0.00081768291619351875 -0.0046083992956871536
leaf_weight=2.1400208728591679 4.4723908083396964 3.9441769012191799 1.7006933574448329 3.6780338753014856 3.1512404319255438 7.570259997002724 4.4597520066163261
leaf_count=46 152 171 30 75 126 81 64
internal_value=1.26237e-05 -0.000594151 0.00182716 -0.000425265 -0.00184132 -0.00401409 0.00144579
internal_weight=31.1166 28.9765 9.85112 8.15042 19.1254 11.5144 7.61099
internal_count=745 699 257 227 442 252 190
cat_boundaries=0 1 2 3 4 5
cat_threshold=2 1 4 2 4
is_linear=0
shrinkage=0.1


Tree=589
num_leaves=8
num_cat=2
split_feature=6 7 5 0 0 6 2
split_gain=0.0184384 0.00738897 0.0117885 0.0682126 0.0633198 0.00949646 0.0289456
threshold=4.5000000000000009 1.5000000000000002 0 2.5000000000000004 1.5000000000000002 2.5000000000000004 1
decision_type=2 2 1 2 2 2 1
left_child=1 2 4 -4 -1 6 -3
right_child=-2 5 3 -5 -6 -7 -8
leaf_value=0.0062224665617261633 0.020404872791681333 0.008378265974940147 0.013648992958503746 -0.021879516873820892 -0.016913266101228605 -0.0062282588497914104 -0.003841344778106992
leaf_weight=2.3138512097430066 0.44272321718744834 4.3510786464903486 1.7740758167638042 0.7771049042494268 2.4204189795127604 1.321749440510757 3.4961177031509578
leaf_count=117 18 169 153 48 184 32 24
internal_value=0.000266232 -0.00027562 -0.00265291 0.0028268 -0.00560579 0.00161333 0.00293413
internal_weight=16.8971 16.4544 7.28545 2.55118 4.73427 9.16895 7.8472
internal_count=745 727 502 201 301 225 193
cat_boundaries=0 1 2
cat_threshold=2 1
is_linear=0
shrinkage=0.1


Tree=590
num_leaves=12
num_cat=5
split_feature=3 7 1 6 0 5 0 6 0 2 2
split_gain=0.0113155 0.0400223 0.0699016 0.0920734 0.0287212 0.0489916 0.0411234 0.013926 0.0910953 0.030834 0.0153419
threshold=0 2.5000000000000004 1 1.5000000000000002 1.5000000000000002 2 2.5000000000000004 1.5000000000000002 2.5000000000000004 3 4
decision_type=1 2 1 2 2 1 2 2 2 1 1
left_child=1 4 3 -3 5 -1 -6 8 10 -9 -2
right_child=7 2 -4 -5 6 -7 -8 9 -10 -11 -12
leaf_value=-0.0039439080730364409 0.0006323268074010849 0.011797342463603047 -0.0086328794016724119 0.078721771256509893 -0.0056153980387676121 0.010073192268371512 0.0049968048633625747 0.0074277754879700222 -0.025468832613778837 -0.005981615177988512 0.024497569223115148
leaf_weight=4.3486292699817568 0.53407866849738483 0.62451348081231006 0.66447299718856812 0.30644602788379416 12.691353026079016 5.8448989624157601 5.1265680152282576 2.7468114651273936 1.4955347989453001 4.5640895217657089 0.5434816787019372
leaf_count=147 33 38 2 23 209 83 97 35 44 21 13
internal_value=-0.000240685 0.00073736 0.0161431 0.033827 -0.000140098 0.0040934 -0.00256206 -0.00317035 -0.00949745 -0.000943513 0.0126691
internal_weight=39.4909 29.6069 1.59543 0.93096 28.0114 10.1935 17.8179 9.884 2.5731 7.3109 1.07756
internal_count=745 599 63 61 536 230 306 146 90 56 46
cat_boundaries=0 1 2 3 4 5
cat_threshold=1 1 2 1 1
is_linear=0
shrinkage=0.1


Tree=591
num_leaves=8
num_cat=2
split_feature=2 7 0 0 3 6 6
split_gain=0.00898514 0.0235629 0.0151861 0.0316012 0.111715 0.0249326 0.0028042
threshold=0 1.5000000000000002 3.5000000000000004 2.5000000000000004 1 1.5000000000000002 2.5000000000000004
decision_type=1 2 2 2 1 2 2
left_child=1 6 3 5 -5 -2 -1
right_child=2 -3 -4 4 -6 -7 -8
leaf_value=-0.0019539912913292142 -0.0043246890801521129 0.017994984746944939 0.0093487120338872631 0.0091749439674047983 -0.080146501349925209 0.004032293369642055 -0.015432385499552998
leaf_weight=0.45159081114979926 7.691297726181805 0.90775686151027912 1.4451422116690071 0.37866727798336874 0.22218074345437344 6.662463966087671 0.23452112529776059
leaf_count=49 357 31 59 81 16 142 10
internal_value=0.000256393 0.00742435 -0.000440251 -0.00138621 -0.0238542 -0.000445699 -0.00656106
internal_weight=17.9936 1.59387 16.3998 14.9546 0.600848 14.3538 0.686112
internal_count=745 90 655 596 97 499 59
cat_boundaries=0 1 2
cat_threshold=2 1
is_linear=0
shrinkage=0.1


Tree=592
num_leaves=8
num_cat=5
split_feature=1 0 2 4 0 5 5
split_gain=0.0125147 0.00978855 0.0194327 0.0154062 0.0141244 0.0439427 0.0364293
threshold=0 1.5000000000000002 1 2 2.5000000000000004 3 4
decision_type=1 2 1 9 2 1 1
left_child=-1 2 3 -2 5 -3 -6
right_child=1 4 -4 -5 6 -7 -8
leaf_value=0.007503872499600839 0.012015854881119071 -0.012492034569083519 -0.0058832396835193914 0.001844300460635429 0.011322064279651198 0.00051473992407225172 -0.0033180596258102048
leaf_weight=2.1376105999515858 2.0388088818872347 3.9568701835451066 2.3155394536443055 5.522816206008434 2.5582182405487401 7.5604013318807137 5.0643796440781434
leaf_count=46 79 171 13 165 126 81 64
internal_value=0.00011953 -0.000424455 0.00213228 0.00458681 -0.00174386 -0.00395386 0.00159531
internal_weight=31.1546 29.017 9.87716 7.56163 19.1399 11.5173 7.6226
internal_count=745 699 257 244 442 252 190
cat_boundaries=0 1 2 3 4 5
cat_threshold=2 1 2 2 2
is_linear=0
shrinkage=0.1


Tree=593
num_leaves=9
num_cat=4
split_feature=6 4 6 0 1 0 3 3
split_gain=0.0171424 0.00713527 0.151703 0.186502 0.125621 0.0706416 0.456175 0.270071
threshold=4.5000000000000009 0 1.5000000000000002 2.5000000000000004 1 2.5000000000000004 2 3
decision_type=2 9 2 2 1 2 1 1
left_child=1 5 3 -3 -4 7 -7 -1
right_child=-2 2 4 -5 -6 6 -8 -9
leaf_value=0.023037103265983853 0.019610294507624849 -0.0085781338538421913 -0.081002849237557281 0.037210531393858708 -0.0097959211611323913 0.0082031934170120231 -0.061333767299644897 -0.02521868513693928
leaf_weight=3.9725555350742043 0.43977821851149101 3.0180407182779208 0.40704128019569885 1.2613053641762233 0.63310252316296101 4.3209185707164579 1.2069246866522005 1.6380098676600052
leaf_count=306 18 161 39 49 11 40 82 39
internal_value=0.000125659 -0.000394998 -0.00340797 0.00491773 -0.0376615 0.00104394 -0.0069792 0.00894878
internal_weight=16.8977 16.4579 5.31949 4.27935 1.04014 11.1384 5.52784 5.61057
internal_count=745 727 260 210 50 467 122 345
cat_boundaries=0 1 2 3 4
cat_threshold=4 1 2 1
is_linear=0
shrinkage=0.1


Tree=594
num_leaves=10
num_cat=4
split_feature=3 6 7 0 4 7 1 6 2
split_gain=0.0118897 0.0411829 0.0374893 0.0328979 0.0274285 0.0130228 0.012623 0.0354546 0.155363
threshold=0 2.5000000000000004 1.5000000000000002 1.5000000000000002 1 1.5000000000000002 2 1.5000000000000002 3
decision_type=1 2 2 2 9 2 1 2 1
left_child=1 3 -3 4 -1 -5 7 8 -2
right_child=6 2 -4 5 -6 -7 -8 -9 -10
leaf_value=0.010922641567577071 -0.027647003720545172 0.0013277939196628149 0.026473771118668544 -0.0010126291840601397 0.00019068876385763776 -0.0068094597284490358 0.0035332443276883925 -0.0093302489961024897 0.027599949615740884
leaf_weight=3.7528599909273908 0.84009636109112584 1.2376787037355819 1.138036725023994 10.982371550868267 6.5169609119184368 5.9888067489955565 2.1401670123450458 5.5901987655088305 1.2915837379987354
leaf_count=80 55 44 25 203 151 96 25 44 22
internal_value=-0.000255098 0.000746327 0.0133734 -0.000354897 0.00411242 -0.00305822 -0.00326248 -0.00514596 0.00582709
internal_weight=39.4788 29.6167 2.37572 27.241 10.2698 16.9712 9.86205 7.72188 2.13168
internal_count=745 599 69 530 231 299 146 121 77
cat_boundaries=0 1 2 3 4
cat_threshold=1 2 1 1
is_linear=0
shrinkage=0.1


Tree=595
num_leaves=10
num_cat=3
split_feature=3 7 0 6 0 1 0 6 4
split_gain=0.00953199 0.0351732 0.0437358 0.0712886 0.0365329 0.0198724 0.334566 0.0715377 3.6305e-06
threshold=0 1.5000000000000002 1.5000000000000002 2.5000000000000004 2.5000000000000004 1 1.5000000000000002 1.5000000000000002 2
decision_type=1 2 2 2 2 1 2 2 9
left_child=1 2 -1 -4 -3 6 8 -8 -2
right_child=5 4 3 -5 -6 -7 7 -9 -10
leaf_value=0.010064138890861531 -0.075180488349391408 0.021111630354389673 -0.036445549934279099 0.013751619072686154 0.00036539724140356288 0.0039404822243831765 0.0090555213173546482 -0.011704886108861227 -0.075668047172497976
leaf_weight=0.9317108286195438 0.30494399849703768 1.5839449646882713 0.79714510805206351 0.43857587744423654 1.8288252353668213 4.5588573068380374 4.6482493743678788 2.5817306764056411 0.30596147605683643
leaf_count=25 152 16 56 15 34 21 231 120 75
internal_value=0.000234913 0.00366716 -0.00629519 -0.0186298 0.0099942 -0.00130969 -0.00436225 0.00164225 -0.0754247
internal_weight=17.9799 5.5802 2.16743 1.23572 3.41277 12.3997 7.84089 7.22998 0.610905
internal_count=745 146 96 71 50 599 578 351 227
cat_boundaries=0 1 2 3
cat_threshold=2 1 4
is_linear=0
shrinkage=0.1


Tree=596
num_leaves=8
num_cat=4
split_feature=1 0 3 7 2 3 6
split_gain=0.0114075 0.00927541 0.0211309 0.0229284 0.0138205 0.0545581 0.0151895
threshold=0 1.5000000000000002 1 1.5000000000000002 2 3 1.5000000000000002
decision_type=1 2 1 2 1 1 2
left_child=-1 2 3 -2 5 -3 -6
right_child=1 4 -4 -5 6 -7 -8
leaf_value=0.0072123731051566683 -0.0026160903534080023 0.0319566137196323 0.012265177190080835 0.010718301124467837 -0.0040829897566278068 -0.0196690856553461 0.0022462788282875826
leaf_weight=2.1281783597514732 6.554419998370582 0.50035302364267409 1.6991913589881722 1.6053587409842291 12.963587625770748 0.34644001559354365 5.3592260406185224
leaf_count=46 170 22 30 57 249 37 134
internal_value=0.000145503 -0.000372592 0.00211996 7.32415e-06 -0.00165452 0.0108355 -0.00223175
internal_weight=31.1568 29.0286 9.85897 8.15978 19.1696 0.846793 18.3228
internal_count=745 699 257 227 442 59 383
cat_boundaries=0 1 2 3 4
cat_threshold=2 1 2 1
is_linear=0
shrinkage=0.1


Tree=597
num_leaves=6
num_cat=2
split_feature=6 7 0 2 5
split_gain=0.0128714 0.0119699 0.0177071 0.330892 0.0411128
threshold=3.5000000000000004 3.5000000000000004 1.5000000000000002 0 1
decision_type=2 2 2 1 1
left_child=1 2 3 -1 -4
right_child=-2 -3 4 -5 -6
leaf_value=0.0053516374481088046 -0.013618917847853088 0.015747193547127513 0.011859748167666585 -0.075643722211401115 -0.0015574894250826512
leaf_weight=3.8675326257944107 0.66088388697244127 0.50663070492737539 3.185900512777148 0.58003458882922565 8.0651085325771437
leaf_count=13 38 28 151 250 265
internal_value=6.05832e-05 0.000618463 0.000130223 -0.00521147 0.00224181
internal_weight=16.8661 16.2052 15.6986 4.44757 11.251
internal_count=745 707 679 263 416
cat_boundaries=0 1 2
cat_threshold=2 1
is_linear=0
shrinkage=0.1


Tree=598
num_leaves=9
num_cat=3
split_feature=1 3 7 0 6 6 0 4
split_gain=0.0119119 0.0274254 0.0788352 0.0931512 0.0523584 0.031103 0.159784 0.00493076
threshold=0 1 2.5000000000000004 2.5000000000000004 2.5000000000000004 1.5000000000000002 2.5000000000000004 2
decision_type=1 1 2 2 2 2 2 9
left_child=1 2 4 -4 -1 6 -3 -2
right_child=7 5 3 -5 -6 -7 -8 -9
leaf_value=-0.00017807333442400284 -0.00098165370272954282 0.039524651237301443 0.079738636940398261 0.0098754095392836055 0.018525847117621879 -0.0086333857721250205 -0.01657708174194145 -0.0066313799715885446
leaf_weight=22.884670126251883 2.7015105216996744 0.83931533385475576 0.27452476043254037 0.62614658463280648 1.6013827212445892 5.5639303370844573 1.2847868730314074 3.6076447733212254
leaf_count=457 23 44 30 31 60 44 33 23
internal_value=-0.000230298 0.000529273 0.00211392 0.0311697 0.00104516 -0.0047034 0.00559089 -0.00421223
internal_weight=39.3839 33.0748 25.3867 0.900671 24.4861 7.68803 2.1241 6.30916
internal_count=745 699 578 61 517 121 77 46
cat_boundaries=0 1 2 3
cat_threshold=1 1 4
is_linear=0
shrinkage=0.1


Tree=599
num_leaves=9
num_cat=5
split_feature=0 1 3 6 2 1 7 4
split_gain=0.0101517 0.0983437 0.307203 0.0503349 0.0343707 0.131979 0.028886 2.79998e-06
threshold=1.5000000000000002 0 1 3.5000000000000004 2 3 2.5000000000000004 4
decision_type=2 1 1 2 1 1 2 9
left_child=1 2 7 4 5 -2 -6 -1
right_child=3 -3 -4 -5 6 -7 -8 -9
leaf_value=-0.075167264904401565 0.0006384511154068212 0.016905383024691439 0.009079869403538875 0.018365135618238885 0.021359024802103603 -0.026972519192998801 -0.0071599498804097855 -0.075612996983841468
leaf_weight=0.28264961844979553 7.9059570903782506 2.7345208488404751 1.8225171285448598 1.180849264084826 0.95247364265378454 2.2165238466113797 0.56632710159465205 0.2810802238527712
leaf_count=152 353 11 30 36 56 17 15 75
internal_value=0.000195891 0.00395976 -0.0108753 -0.00130728 -0.00330278 -0.00540753 0.0107249 -0.0753895
internal_weight=17.9429 5.12077 2.38625 12.8221 11.6413 10.1225 1.5188 0.56373
internal_count=745 268 257 477 441 370 71 227
cat_boundaries=0 1 2 3 4 5
cat_threshold=1 1 1 1 4
is_linear=0
shrinkage=0.1


Tree=600
num_leaves=8
num_cat=4
split_feature=1 0 3 7 0 5 5
split_gain=0.00925525 0.00767309 0.0195186 0.0203213 0.00985641 0.0367253 0.0342923
threshold=0 1.5000000000000002 1 1.5000000000000002 2.5000000000000004 2 3
decision_type=1 2 1 2 2 1 1
left_child=-1 2 3 -2 5 -3 -6
right_child=1 4 -4 -5 6 -7 -8
leaf_value=0.0064994035240022834 -0.0025717126559539902 -0.011097167856981388 0.01168699162414465 0.010009686598827758 0.010730199487869109 0.00074686155408662698 -0.00348136856835454
leaf_weight=2.1242032547743293 6.539825675892649 3.9966127322404645 1.6973828222253349 1.5973575402604181 2.5570435873232782 7.589455018402079 5.0534487038821672
leaf_count=46 170 171 30 57 126 81 64
internal_value=0.000127609 -0.000338614 0.00193275 -0.00010194 -0.00150226 -0.00333874 0.00129357
internal_weight=31.1553 29.0311 9.83457 8.13718 19.1966 11.5861 7.61049
internal_count=745 699 257 227 442 252 190
cat_boundaries=0 1 2 3 4
cat_threshold=2 1 2 2
is_linear=0
shrinkage=0.1


Tree=601
num_leaves=11
num_cat=5
split_feature=4 6 0 5 1 0 3 3 6 7
split_gain=0.0124212 0.142099 0.157728 0.348191 0.122925 0.0906139 0.354628 0.145041 0.107308 0.0734209
threshold=0 1.5000000000000002 2.5000000000000004 1 2 2.5000000000000004 3 4 1.5000000000000002 3.5000000000000004
decision_type=9 2 2 1 1 2 1 1 2 2
left_child=5 2 3 -2 -3 7 -7 8 -1 -8
right_child=1 4 -4 -5 -6 6 9 -9 -10 -11
leaf_value=0.0095214050134843353 0.0074061919661694252 -0.080234498308855415 0.033277752870724223 -0.080966115890392529 -0.0096687392407148604 0.0070479623076883068 -0.063283957855723078 -0.013162877609492986 0.044183659795888799 -0.0084678263641572351
leaf_weight=2.6632771520526139 2.4672631054563681 0.40574848471442215 1.2855837705719748 0.54418288811575743 0.63040758948773146 4.3039574100002937 1.0829318734649858 1.7794207844854106 1.3437775277561739 0.31554099451750506
leaf_count=198 144 42 49 17 11 44 79 41 108 12
internal_value=-7.2373e-05 -0.00406067 0.00395482 -0.00856311 -0.0373016 0.001779 -0.00716713 0.0105952 0.0211455 -0.0509157
internal_weight=16.8221 5.33319 4.29703 3.01145 1.03616 11.4889 5.70243 5.78648 4.00705 1.39847
internal_count=745 263 210 161 53 482 135 347 306 91
cat_boundaries=0 1 2 3 4 5
cat_threshold=4 2 1 2 1
is_linear=0
shrinkage=0.1


Tree=602
num_leaves=9
num_cat=3
split_feature=1 3 6 0 0 7 0 4
split_gain=0.00929746 0.0232382 0.0630561 0.0651732 0.0301386 0.0294761 0.0701842 0.00612932
threshold=0 1 2.5000000000000004 2.5000000000000004 1.5000000000000002 2.5000000000000004 2.5000000000000004 2
decision_type=1 1 2 2 2 2 2 9
left_child=1 2 4 -4 -1 6 -3 -2
right_child=7 5 3 -5 -6 -7 -8 -9
leaf_value=0.0058135967058615635 -0.0001145809542766613 -0.0196626006161911 0.0067731495337079771 0.048657979553039243 -0.0018392081119832035 -0.014050398928169056 0.0063216835134988969 -0.0064198085276146802
leaf_weight=7.5596690146485406 2.6958834985271096 1.4010396086232493 1.118782489793374 0.55617970752064128 16.118831529456656 2.2249310994520783 4.028043543570675 3.6012407724047071
leaf_count=220 23 50 35 32 291 23 48 23
internal_value=-0.000199218 0.00047256 0.00193044 0.0206812 0.000604049 -0.00435657 -0.000383871 -0.00372046
internal_weight=39.3046 33.0075 25.3535 1.67496 23.6785 7.65401 5.42908 6.29712
internal_count=745 699 578 67 511 121 98 46
cat_boundaries=0 1 2 3
cat_threshold=1 1 4
is_linear=0
shrinkage=0.1


Tree=603
num_leaves=9
num_cat=5
split_feature=0 1 3 6 6 1 4 4
split_gain=0.00900507 0.0796956 0.289065 0.0477457 0.0314318 0.0776794 0.0749504 2.14021e-06
threshold=1.5000000000000002 0 1 3.5000000000000004 1.5000000000000002 2 3 4
decision_type=2 1 1 2 2 1 9 9
left_child=1 2 7 4 5 -2 -6 -1
right_child=3 -3 -4 -5 6 -7 -8 -9
leaf_value=-0.075560545111608979 0.0052774704439507601 0.015415395027011898 0.0090603022325836374 0.018061641167485289 -0.00078452105442155043 -0.024225995014860759 -0.028703813150316372 -0.075155330368642984
leaf_weight=0.25897164642810822 6.1548695328092418 2.7434306479990482 1.8270867110113616 1.1768612069718063 3.0065407138317823 1.0437329243868587 1.4136358655996444 0.26242076618655386
leaf_count=75 283 11 30 36 34 19 105 152
internal_value=0.000283546 0.00384034 -0.00968133 -0.00113185 -0.00307595 0.000999732 -0.00971351 -0.0753566
internal_weight=17.8876 5.09191 2.34848 12.7956 11.6188 7.1986 4.42018 0.521392
internal_count=745 268 257 477 441 302 139 227
cat_boundaries=0 1 2 3 4 5
cat_threshold=1 1 1 2 2
is_linear=0
shrinkage=0.1


Tree=604
num_leaves=10
num_cat=6
split_feature=6 1 3 2 3 0 0 4 5
split_gain=0.00801153 0.0579469 0.0391769 0.0199893 0.0156754 0.0755765 0.0577349 0.13002 0.00666847
threshold=1.5000000000000002 0 1 2 3 1.5000000000000002 2.5000000000000004 4 5
decision_type=2 1 1 1 1 2 2 9 1
left_child=1 -1 8 -4 6 -6 7 -2 -3
right_child=4 2 3 -5 5 -7 -8 -9 -10
leaf_value=0.020170386254278291 -0.023749895206881037 0.0059648531943325197 0.0064150592743026525 -0.0029323397569669058 0.013336123448430152 -0.022255294830196164 0.02068025413301702 0.0094518628567566848 0.016978147992115448
leaf_weight=1.5071297364193015 2.0163241967384238 0.95064254162025463 2.663687196560204 16.211955200669774 0.95329450629651558 1.594587898318423 1.1397023271565556 2.8418395877815801 1.3038193052052522
leaf_count=26 108 48 22 380 5 51 51 25 29
internal_value=0.000241246 0.00122608 -0.000125147 -0.00161326 -0.00236752 -0.00893871 0.000423905 -0.00432814 0.0123342
internal_weight=31.183 22.6372 21.1301 18.8756 8.54575 2.54788 5.99787 4.85816 2.25446
internal_count=745 505 479 402 240 56 184 133 77
cat_boundaries=0 1 2 3 4 5 6
cat_threshold=2 2 2 1 4 2
is_linear=0
shrinkage=0.1


Tree=605
num_leaves=11
num_cat=5
split_feature=4 6 0 5 1 0 3 3 6 7
split_gain=0.0110634 0.124875 0.136453 0.319116 0.117581 0.0738913 0.306149 0.129542 0.0892043 0.0663577
threshold=0 1.5000000000000002 2.5000000000000004 1 2 2.5000000000000004 3 4 1.5000000000000002 3.5000000000000004
decision_type=9 2 2 1 1 2 1 1 2 2
left_child=5 2 3 -2 -3 7 -7 8 -1 -8
right_child=1 4 -4 -5 -6 6 9 -9 -10 -11
leaf_value=0.008798804770193052 0.0065726552750058941 -0.079865826908848289 0.03057235610148637 -0.080513913159777323 -0.0091666590824118124 0.006523474487156059 -0.060391681055064289 -0.01292741105375776 0.040139546487550928 -0.007970971891735977
leaf_weight=2.6776277155731796 2.4765637740711099 0.37572675787669119 1.3023447108280377 0.50689340371172997 0.62912917509675026 4.303110569515411 1.0310630099011175 1.781350718476461 1.3742871491995172 0.31533644068986166
leaf_count=198 144 42 49 17 11 44 79 41 108 12
internal_value=-8.9926e-05 -0.0038735 0.00356558 -0.00822347 -0.0356019 0.00165335 -0.0064979 0.00954781 0.0194286 -0.0481144
internal_weight=16.7734 5.29066 4.2858 2.98346 1.00486 11.4828 5.64951 5.83327 4.05191 1.3464
internal_count=745 263 210 161 53 482 135 347 306 91
cat_boundaries=0 1 2 3 4 5
cat_threshold=4 2 1 2 1
is_linear=0
shrinkage=0.1


Tree=606
num_leaves=9
num_cat=2
split_feature=1 3 6 0 6 0 0 0
split_gain=0.00763933 0.0183755 0.0534359 0.0471868 0.0277829 0.141222 0.0264693 0.00874128
threshold=0 1 2.5000000000000004 2.5000000000000004 1.5000000000000002 2.5000000000000004 1.5000000000000002 1.5000000000000002
decision_type=1 1 2 2 2 2 2 2
left_child=1 2 6 -4 5 -3 -1 -2
right_child=7 4 3 -5 -6 -7 -8 -9
leaf_value=0.0053607277223338204 0.00095772042511524315 0.037794907229218994 0.0074189613125385636 0.043528002816920909 -0.007630002084361852 -0.015161376947158925 -0.0018172489415997169 -0.0065883581985522301
leaf_weight=7.5448939814232352 2.6528254279401144 0.83542601062799748 1.123904899926855 0.53377703280420963 5.5280964651610702 1.2677502226142676 16.09952889411943 3.6433460505213588
leaf_count=220 11 44 35 32 44 33 291 35
internal_value=-0.000217353 0.000392804 0.00169005 0.0190461 -0.00390831 0.00587398 0.000473231 -0.0034089
internal_weight=39.2295 32.9334 25.3021 1.65768 7.63127 2.10318 23.6444 6.29617
internal_count=745 699 578 67 121 77 511 46
cat_boundaries=0 1 2
cat_threshold=1 1
is_linear=0
shrinkage=0.1


Tree=607
num_leaves=9
num_cat=4
split_feature=2 0 7 0 1 1 3 6
split_gain=0.0124186 0.0222456 0.18228 0.0161678 0.134334 0.0615411 0.25706 0.0371207
threshold=0 2.5000000000000004 2.5000000000000004 1.5000000000000002 1 2 3 3.5000000000000004
decision_type=1 2 2 2 1 1 1 2
left_child=1 -1 -3 5 -5 6 -2 -6
right_child=3 2 -4 4 7 -7 -8 -9
leaf_value=0.022673842428868024 -0.07531155173792009 0.033618400735333502 -0.057996415191402764 -0.025076291260544642 0.00013772114737704358 0.014107239146174597 0.0086301591635886982 0.019401026471584676
leaf_weight=0.65671054110862315 0.45557591867691993 0.56778832104464527 0.35169356053665979 2.1802161866798997 7.9417951502182387 2.7510376274585724 1.831327182997484 1.1445198222572797
leaf_count=37 214 41 12 17 353 11 30 30
internal_value=0.000140501 0.00861654 -0.00142344 -0.000678897 -0.00278463 0.00403023 -0.00809194 0.00256414
internal_weight=17.8807 1.57619 0.919482 16.3045 11.2665 5.03794 2.2869 9.08631
internal_count=745 90 53 655 400 255 244 383
cat_boundaries=0 1 2 3 4
cat_threshold=2 2 1 1
is_linear=0
shrinkage=0.1


Tree=608
num_leaves=10
num_cat=6
split_feature=6 1 3 2 3 0 0 4 5
split_gain=0.007518 0.0491504 0.03519 0.0186507 0.0145455 0.068011 0.0452852 0.104617 0.00540869
threshold=1.5000000000000002 0 1 2 3 1.5000000000000002 2.5000000000000004 4 5
decision_type=2 1 1 1 1 2 2 9 1
left_child=1 -1 8 -4 6 -6 7 -2 -3
right_child=4 2 3 -5 5 -7 -8 -9 -10
leaf_value=0.018765694649630231 -0.021005510928953437 0.0061327532525984859 0.0063688608482876802 -0.00266010319342724 0.012612164138914231 -0.021164178626729147 0.0185594409047929 0.0086581127366152141 0.016068011385561468
leaf_weight=1.4973524424713105 2.0377091932896292 0.9509479156749876 2.6629892433993518 16.238411640522838 0.95133921876549732 1.5967131891156896 1.1241966993875392 2.8542745759477857 1.2929367250762882
leaf_count=26 108 48 22 380 5 51 51 25 29
internal_value=0.000302797 0.00125737 1.75551e-05 -0.00138803 -0.00222095 -0.00855346 0.000461085 -0.00369799 0.0118575
internal_weight=31.2069 22.6426 21.1453 18.9014 8.56423 2.54805 6.01618 4.89198 2.24388
internal_count=745 505 479 402 240 56 184 133 77
cat_boundaries=0 1 2 3 4 5 6
cat_threshold=2 2 2 1 4 2
is_linear=0
shrinkage=0.1


Tree=609
num_leaves=10
num_cat=2
split_feature=2 0 3 0 7 0 6 7 7
split_gain=0.0107642 0.242198 0.0915875 0.28256 0.0656251 0.0277771 0.120468 0.207898 3.5197e-06
threshold=0 3.5000000000000004 1 1.5000000000000002 1.5000000000000002 1.5000000000000002 1.5000000000000002 2.5000000000000004 1.5000000000000002
decision_type=1 2 1 2 2 2 2 2 2
left_child=1 2 4 -4 -1 -2 7 -7 -3
right_child=5 8 3 -5 -6 6 -8 -9 -10
leaf_value=0.057564975350522921 0.0043521852129715533 -0.077652229578219142 -0.075383183168078141 0.0082346665508886401 0.0128370999480355 -0.065958348570495359 0.002466228393923485 0.0044149876340764385 -0.077002510381836753
leaf_weight=0.53422261551713746 3.8462899625301379 0.13228821994198359 0.44141978667175852 4.7827289013002883 0.84989043406676501 0.80346857095719293 4.2100513437762856 0.87909475294873118 0.22551761922659352
leaf_count=44 13 39 225 310 17 37 31 9 20
internal_value=-0.00011124 0.00289019 0.00722901 0.00116929 0.0301006 -0.00225811 -0.00657286 -0.0291901 -0.0772427
internal_weight=16.705 6.96607 6.60826 5.22415 1.38411 9.7389 5.89261 1.68256 0.357806
internal_count=745 655 596 535 61 90 77 46 59
cat_boundaries=0 1 2
cat_threshold=1 2
is_linear=0
shrinkage=0.1


Tree=610
num_leaves=9
num_cat=2
split_feature=1 3 6 0 7 0 0 0
split_gain=0.00585595 0.0148597 0.0462418 0.0328734 0.0297322 0.0658042 0.0220157 0.011739
threshold=0 1 2.5000000000000004 2.5000000000000004 2.5000000000000004 2.5000000000000004 1.5000000000000002 1.5000000000000002
decision_type=1 1 2 2 2 2 2 2
left_child=1 2 6 -4 5 -3 -1 -2
right_child=7 4 3 -5 -6 -7 -8 -9
leaf_value=0.0047245420295325786 0.0019460030909931232 -0.018498569688448551 0.0080206261168221694 0.038448800660690986 -0.013445359875440835 0.0068149708657216498 -0.0018245314432227865 -0.0068119906971982379
leaf_weight=7.5351451506721849 2.6520734780933699 1.3796269547892723 1.1281980298226688 0.5181051333202048 2.2015124033641769 4.017246090923436 16.101658059691545 3.6187854867894202
leaf_count=220 11 50 35 32 23 48 291 35
internal_value=-0.000307581 0.0002265 0.0013919 0.0175966 -0.00365128 0.000343957 0.000263239 -0.00310806
internal_weight=39.1524 32.8815 25.2831 1.6463 7.59839 5.39687 23.6368 6.27086
internal_count=745 699 578 67 121 98 511 46
cat_boundaries=0 1 2
cat_threshold=1 1
is_linear=0
shrinkage=0.1


Tree=611
num_leaves=10
num_cat=3
split_feature=2 7 4 7 0 7 0 3 6
split_gain=0.0100791 0.0232342 0.0169967 0.0311239 0.0395982 0.0239515 0.0959607 0.0231199 0.00408443
threshold=0 1.5000000000000002 1 2.5000000000000004 1.5000000000000002 1.5000000000000002 1.5000000000000002 2 2.5000000000000004
decision_type=1 2 9 2 2 2 2 1 2
left_child=1 8 3 4 -2 7 -7 -4 -1
right_child=2 -3 5 -5 -6 6 -8 -9 -10
leaf_value=-0.00037477939422519448 0.014532451014032971 0.018639167759896876 -0.011761348967835882 0.016492674559804202 -0.0032296068217140708 -0.00082751606565706251 -0.049615846402614842 0.0045784407591207684 -0.016729302879685336
leaf_weight=0.4439830603369046 1.5255345101468245 0.88089072042203043 1.2188455033901846 1.3048084857873625 7.0810652576619759 1.5954222909131206 0.53946054453626846 2.9908739833554181 0.23276407306548208
leaf_count=49 82 31 30 21 136 53 85 248 10
internal_value=0.000249888 0.00793425 -0.000486422 0.00210066 -8.12517e-05 -0.00452791 -0.0131558 -0.00015244 -0.00599984
internal_weight=17.8136 1.55764 16.256 9.91141 8.6066 6.3446 2.13488 4.20972 0.676747
internal_count=745 90 655 239 218 416 138 278 59
cat_boundaries=0 1 2 3
cat_threshold=2 2 2
is_linear=0
shrinkage=0.1


Tree=612
num_leaves=11
num_cat=7
split_feature=6 1 3 2 3 0 0 4 4 5
split_gain=0.00641599 0.0434358 0.0264592 0.0165435 0.0136439 0.0548188 0.0403826 0.307982 0.0712021 0.00441645
threshold=1.5000000000000002 0 1 2 3 1.5000000000000002 1.5000000000000002 4 5 6
decision_type=2 1 1 1 1 2 2 9 9 1
left_child=1 -1 9 -4 6 -6 7 -2 -8 -3
right_child=4 2 3 -5 5 -7 8 -9 -10 -11
leaf_value=0.017633434514200835 -0.051256553438724622 0.0051508168624988769 0.006074236501097007 -0.0024350663032501759 0.010886465107117528 -0.019486566254045937 -0.0072898407442696309 0.038208946877065691 0.017982844120534681 0.014158627945478106
leaf_weight=1.4909749549697153 0.90576603636145592 0.95295035308117804 2.6583614773117006 16.257148187658469 0.94495451450347911 1.6010143329986022 2.2241012561171374 0.66896699994686215 2.2350564813896199 1.2692516946117396
leaf_count=26 10 48 22 380 5 51 101 50 23 29
internal_value=0.000254192 0.00113708 -2.6511e-05 -0.00123918 -0.00207435 -0.0082134 0.000515987 -0.0132504 0.00537755 0.0102958
internal_weight=31.2085 22.6287 21.1377 18.9155 8.57986 2.54597 6.03389 1.57473 4.45916 2.2222
internal_count=745 505 479 402 240 56 184 60 124 77
cat_boundaries=0 1 2 3 4 5 6 7
cat_threshold=2 2 2 1 2 4 2
is_linear=0
shrinkage=0.1


Tree=613
num_leaves=6
num_cat=2
split_feature=6 7 0 2 5
split_gain=0.0460593 0.00930146 0.00745282 0.287424 0.0541712
threshold=4.5000000000000009 3.5000000000000004 1.5000000000000002 0 1
decision_type=2 2 2 1 1
left_child=1 2 3 -1 -4
right_child=-2 -3 4 -5 -6
leaf_value=0.0044522133583213058 0.032238175986517757 0.01205392825012824 0.011154095728768514 -0.075580230205514798 -0.0042905760595599229
leaf_weight=3.8453162461519241 0.42979502258822222 0.53374651876220092 3.1387212088738989 0.50801969914755751 8.2142664827224525
leaf_count=13 18 31 154 250 279
internal_value=-7.32379e-05 -0.000928363 -0.00136954 -0.0048873 -2.06411e-05
internal_weight=16.6699 16.2401 15.7063 4.35334 11.353
internal_count=745 727 696 263 433
cat_boundaries=0 1 2
cat_threshold=2 1
is_linear=0
shrinkage=0.1


Tree=614
num_leaves=8
num_cat=1
split_feature=7 6 0 1 0 6 6
split_gain=0.0058582 0.0423287 0.385026 0.0165999 0.0242366 0.0514872 0.0379526
threshold=2.5000000000000004 1.5000000000000002 2.5000000000000004 0 2.5000000000000004 2.5000000000000004 2.5000000000000004
decision_type=2 2 2 1 2 2 2
left_child=3 2 -2 4 6 -6 -1
right_child=1 -3 -4 -5 5 -7 -8
leaf_value=-0.0030347796694770771 0.036014705199100182 0.012078517322593975 -0.052421164818935745 -0.006117373921789764 0.0084100297078340252 -0.0098962052504518571 0.012431600452334261
leaf_weight=19.04721675442125 0.99547338997945078 2.3903830533381552 0.97397738095605746 4.9493667490314683 7.1035122176399437 1.960393782588653 1.7307555886218313
leaf_count=428 27 35 28 40 105 40 42
internal_value=-0.000320756 0.00313474 -0.0077206 -0.000753778 0.000135791 0.00445065 -0.00174647
internal_weight=39.1511 4.35983 1.96945 34.7912 29.8419 9.06391 20.778
internal_count=745 90 55 655 615 145 470
cat_boundaries=0 1
cat_threshold=1
is_linear=0
shrinkage=0.1


Tree=615
num_leaves=10
num_cat=3
split_feature=3 7 0 0 7 1 0 6 4
split_gain=0.0091814 0.0318223 0.0454493 0.065412 0.0262017 0.0143232 0.246404 0.0496158 1.45907e-06
threshold=0 1.5000000000000002 1.5000000000000002 2.5000000000000004 2.5000000000000004 1 1.5000000000000002 1.5000000000000002 2
decision_type=1 2 2 2 2 1 2 2 9
left_child=1 2 -1 -4 -3 6 8 -8 -2
right_child=5 4 3 -5 -6 -7 7 -9 -10
leaf_value=0.010795616974141949 -0.075135868782228471 0.017077186514596884 -0.042305510493709536 0.0044461675947803274 -0.00098998732627038908 0.003277841638764073 0.0066665756490584954 -0.010636733588418455 -0.075494582579047814
leaf_weight=0.92673521477263454 0.22622551857784856 1.999576037633233 0.5927436368219785 0.60445041929779109 1.3410153605509547 4.5344309173524397 4.7616140028549125 2.5417263948838809 0.22734126355499018
leaf_count=25 152 23 24 47 27 21 231 120 75
internal_value=0.000329235 0.00373965 -0.00583078 -0.0187011 0.00982447 -0.00118698 -0.00379696 0.000644636 -0.0753157
internal_weight=17.7559 5.46452 2.12393 1.19719 3.34059 12.2913 7.75691 7.30334 0.453567
internal_count=745 146 96 71 50 599 578 351 227
cat_boundaries=0 1 2 3
cat_threshold=2 1 4
is_linear=0
shrinkage=0.1


Tree=616
num_leaves=9
num_cat=4
split_feature=0 5 3 0 7 0 1 4
split_gain=0.00746343 0.0970399 0.022544 0.171384 0.086824 0.0274102 0.185061 0.0224133
threshold=3.5000000000000004 0 1 1.5000000000000002 1.5000000000000002 1.5000000000000002 2 3
decision_type=2 1 1 2 2 2 1 9
left_child=2 -2 3 -1 -5 6 -4 -7
right_child=1 -3 5 4 -6 7 -8 -9
leaf_value=0.0094243104262158438 -0.019510822258888078 0.014640810185626758 0.00067997402828466635 -0.0207058144791635 -0.085879681955712051 -0.00047131837196236377 -0.050520655929761418 0.0070589774576380153
leaf_weight=1.6850910245557318 1.1888160476955818 2.772091807331889 8.1146806914912393 0.54385251428539039 0.32749296175097697 8.184573578673735 0.77319642808288236 7.6442145876208061
leaf_count=30 38 35 227 47 31 213 11 113
internal_value=0.000334379 0.00439063 -0.000254716 -0.00919447 -0.0452012 0.00066992 -0.0037742 0.0031653
internal_weight=31.234 3.96091 27.2731 2.55644 0.871345 24.7167 8.88788 15.8288
internal_count=745 73 672 108 78 564 238 326
cat_boundaries=0 1 2 3 4
cat_threshold=2 2 1 4
is_linear=0
shrinkage=0.1


Tree=617
num_leaves=10
num_cat=5
split_feature=4 6 0 5 0 3 3 6 2
split_gain=0.00993408 0.127084 0.118286 0.301173 0.0630506 0.273882 0.110761 0.0608607 0.0535306
threshold=0 1.5000000000000002 2.5000000000000004 1 2.5000000000000004 2 3 1.5000000000000002 4
decision_type=9 2 2 1 2 1 1 2 1
left_child=4 2 3 -2 6 -6 7 -1 -7
right_child=1 -3 -4 -5 5 8 -8 -9 -10
leaf_value=0.0089685716938188303 0.0066794540261961759 -0.036447822790801193 0.028777500658611729 -0.080162317828120777 0.0061653920770176661 -0.033103119399507497 -0.012167617336039608 0.034595434216559216 -0.077600780708716066
leaf_weight=2.6665874928585245 2.4719487722595659 0.96442915659281414 1.3084605854965046 0.4763040919788194 4.2770758772967383 0.90540204834542237 1.7538637201796525 1.4203134971176039 0.38544341246597447
leaf_count=198 144 53 49 17 44 74 41 108 17
internal_value=-5.82376e-05 -0.00367113 0.00375498 -0.00735024 0.00159519 -0.00601885 0.00885355 0.0178746 -0.04639
internal_weight=16.6298 5.22114 4.25671 2.94825 11.4087 5.56792 5.84076 4.0869 1.29085
internal_count=745 263 210 161 482 135 347 306 91
cat_boundaries=0 1 2 3 4 5
cat_threshold=4 2 2 1 1
is_linear=0
shrinkage=0.1


Tree=618
num_leaves=11
num_cat=5
split_feature=3 7 5 0 5 0 6 2 7 2
split_gain=0.00641085 0.0304233 0.064609 0.0236745 0.0255052 0.0246317 0.0160683 0.0773202 0.155596 0.0212275
threshold=0 2.5000000000000004 1 1.5000000000000002 2 2.5000000000000004 1.5000000000000002 3 2.5000000000000004 4
decision_type=1 2 1 2 1 2 2 1 2 1
left_child=1 3 -3 4 -1 -5 7 8 -2 -8
right_child=6 2 -4 5 -6 -7 9 -9 -10 -11
leaf_value=-0.0024341251550326834 -0.077539091901209667 0.041109943610371624 -0.0017026009510948661 -0.004987201759625904 0.0077276849194353433 0.0032723348251872948 0.0067008567705474538 0.0036477920007783847 0.0063097394237531029 -0.0044949460630636061
leaf_weight=4.2933780141174793 0.4189068723790097 0.55882750885211863 0.95468041393905767 12.751588621293196 5.8156184386462026 5.0368214063055339 2.7123282465618104 1.5774566089967268 0.46918803757580463 4.5085265561938286
leaf_count=147 44 51 12 209 83 97 35 34 12 21
internal_value=-0.000438179 0.000296692 0.0141049 -0.000452441 0.00341188 -0.0026485 -0.00266948 -0.00963962 -0.033241 -0.000289531
internal_weight=39.0973 29.4109 1.51351 27.8974 10.109 17.7884 9.68641 2.46555 0.888095 7.22085
internal_count=745 599 63 536 230 306 146 90 56 56
cat_boundaries=0 1 2 3 4 5
cat_threshold=1 2 2 1 1
is_linear=0
shrinkage=0.1


Tree=619
num_leaves=10
num_cat=5
split_feature=6 0 6 7 1 4 1 1 3
split_gain=0.00995767 0.0343965 0.067172 0.189052 0.0528818 0.0545327 0.0333557 0.00593557 0.00255575
threshold=2.5000000000000004 1.5000000000000002 1.5000000000000002 1.5000000000000002 0 1 2 3 4
decision_type=2 2 2 2 1 9 1 1 1
left_child=1 2 3 -1 -3 -6 8 -4 -2
right_child=6 4 7 -5 5 -7 -8 -9 -10
leaf_value=-0.076627920721958745 -0.00049200924908608819 -0.016756443570916307 0.013076861185500914 0.0055497413488252772 0.0047514762871091187 -0.014805778664046363 0.020223373366261441 0.023610298445589092 -0.0094562716867407672
leaf_weight=0.31825929560000377 1.0384229649885119 2.4123618304729462 0.90837515954626724 2.3254073663847521 6.0632909708947409 1.8640653321890548 1.0182442758232355 1.301357686519623 0.45846184711263038
leaf_count=141 67 28 52 62 138 222 7 4 24
internal_value=0.000432348 -0.000532475 0.00641241 -0.00434326 -0.00379236 0.000152717 0.00626055 0.0192802 -0.00323756
internal_weight=17.7082 15.1931 4.8534 2.64367 10.3397 7.92736 2.51513 2.20973 1.49688
internal_count=745 647 259 203 388 360 98 56 91
cat_boundaries=0 1 2 3 4 5
cat_threshold=2 2 1 1 1
is_linear=0
shrinkage=0.1


Tree=620
num_leaves=9
num_cat=3
split_feature=0 5 3 0 7 0 1 7
split_gain=0.00645596 0.083228 0.0191299 0.154305 0.0819928 0.0209166 0.172428 0.0206147
threshold=3.5000000000000004 0 1 1.5000000000000002 1.5000000000000002 1.5000000000000002 2 1.5000000000000002
decision_type=2 1 1 2 2 2 1 2
left_child=2 -2 3 -1 -5 6 -4 -7
right_child=1 -3 5 4 -6 7 -8 -9
leaf_value=0.0090303994005701931 -0.017801560431234233 0.013750213938533038 0.0010041515966320545 -0.019968234500991625 -0.084872839306363246 0.00085352369339667842 -0.049294030223840477 0.0093792780972893341
leaf_weight=1.6843260937603193 1.2017386571969837 2.7472373263444743 8.1183144666138194 0.54043506915331807 0.30419044090194802 12.110316327365579 0.74402047321200271 3.7032912349568496
leaf_count=30 38 35 227 47 31 215 11 111
internal_value=0.000370107 0.00414849 -0.000178351 -0.00846157 -0.0433435 0.000670568 -0.00321854 0.00285012
internal_weight=31.1539 3.94898 27.2049 2.52895 0.844626 24.6759 8.86233 15.8136
internal_count=745 73 672 108 78 564 238 326
cat_boundaries=0 1 2 3
cat_threshold=2 2 1
is_linear=0
shrinkage=0.1


Tree=621
num_leaves=6
num_cat=2
split_feature=6 7 0 2 5
split_gain=0.0446385 0.0127881 0.00688305 0.263517 0.048596
threshold=4.5000000000000009 3.5000000000000004 1.5000000000000002 0 1
decision_type=2 2 2 1 1
left_child=1 2 3 -1 -4
right_child=-2 -3 4 -5 -6
leaf_value=0.0037321727768221077 0.031745888401139753 0.014323511128664588 0.010366859827450253 -0.075525043864590274 -0.0042850808780328844
leaf_weight=3.8401103913784027 0.42705122055485745 0.52620838469010855 3.1298810525295222 0.47094650207873634 8.1791311217311904
leaf_count=13 18 31 154 250 279
internal_value=-0.000165521 -0.00100954 -0.00152608 -0.00492601 -0.000230011
internal_weight=16.5733 16.1463 15.6201 4.31106 11.309
internal_count=745 727 696 263 433
cat_boundaries=0 1 2
cat_threshold=2 1
is_linear=0
shrinkage=0.1


Tree=622
num_leaves=12
num_cat=7
split_feature=3 0 1 6 6 2 7 2 5 4 4
split_gain=0.00600916 0.0241174 0.0475917 0.025981 0.0149775 0.0691693 0.144353 0.0174162 0.0102085 0.353773 0.237027
threshold=0 1.5000000000000002 1 2.5000000000000004 1.5000000000000002 2 2.5000000000000004 3 4 5 6
decision_type=1 2 1 2 2 1 2 1 1 9 9
left_child=1 8 -3 -4 5 6 -2 -6 9 -1 -10
right_child=4 2 3 -5 7 -7 -8 -9 10 -11 -12
leaf_value=0.013982437579237587 -0.077332359361890965 -0.018803273093191214 -0.0015102634390038189 0.012120778017871627 0.0060770609572126655 0.0030520896829673129 0.0051188258388229907 -0.0040870664603729172 0.027830538598458212 -0.059325809526448142 -0.012565280590639986
leaf_weight=3.6057951841503382 0.38813696542638176 1.5138160302885808 16.116463996702812 1.5311329506512255 2.6968603127170354 1.5815629450371491 0.4688203388650436 4.4968078322708607 2.8138762712478638 0.80531597370281804 3.0023564416915196
leaf_count=92 44 10 291 60 35 34 12 21 17 63 66
internal_value=-0.000404826 0.000305618 -0.00178725 -0.000327613 -0.00257246 -0.00934528 -0.0322253 -0.0002766 0.00422671 0.000598893 0.0069781
internal_weight=39.0209 29.3888 19.1614 17.6476 9.63219 2.43852 0.856957 7.19367 10.2273 4.41111 5.81623
internal_count=745 599 361 351 146 90 56 56 238 155 83
cat_boundaries=0 1 2 3 4 5 6 7
cat_threshold=1 2 1 1 2 4 2
is_linear=0
shrinkage=0.1


Tree=623
num_leaves=11
num_cat=3
split_feature=3 7 0 0 0 6 1 7 1 0
split_gain=0.0121544 0.0294328 0.0403827 0.0565274 0.0239934 0.0130348 0.133645 0.13834 0.0641482 0.164093
threshold=0 1.5000000000000002 1.5000000000000002 2.5000000000000004 2.5000000000000004 1.5000000000000002 1 1.5000000000000002 2 1.5000000000000002
decision_type=1 2 2 2 2 2 1 2 1 2
left_child=1 2 -1 -4 -3 8 7 -7 -2 -10
right_child=5 4 3 -5 -6 6 -8 -9 9 -11
leaf_value=0.010740994831772831 -0.01984850258615288 0.019241997748274349 -0.039337933001279204 0.0043639548715938082 0.0022300105277283035 -0.0053348647369577673 0.018400834757014161 -0.077853182132911147 -0.075303705530536238 0.0059256297510147972
leaf_weight=0.92516683915164355 1.9022849574685097 1.5570320554543287 0.58277354063466169 0.60143053720094031 1.7732101220171899 2.3716227259210432 2.626081109046936 0.29587736637677142 0.26233647843764796 4.7819198328070343
leaf_count=25 13 16 24 47 34 137 8 39 171 231
internal_value=0.000396481 0.00432961 -0.00491297 -0.0171427 0.0101838 -0.00135143 0.00238682 -0.0133785 -0.00420015 0.00170114
internal_weight=17.6797 5.43961 2.10937 1.1842 3.33024 12.2401 5.29358 2.6675 6.94654 5.04426
internal_count=745 146 96 71 50 599 184 176 415 402
cat_boundaries=0 1 2 3
cat_threshold=2 1 2
is_linear=0
shrinkage=0.1


Tree=624
num_leaves=9
num_cat=5
split_feature=1 0 7 5 4 0 5 5
split_gain=0.00941558 0.00669227 0.0121108 0.0797483 0.0561705 0.00895186 0.0517544 0.0310496
threshold=0 1.5000000000000002 1.5000000000000002 1 2 2.5000000000000004 3 4
decision_type=1 2 2 1 9 2 1 1
left_child=-1 2 4 -4 -2 7 -7 -3
right_child=1 5 3 -5 -6 6 -8 -9
leaf_value=0.0068936377442034916 0.010877350180929779 -0.010171251234839579 0.03306133340827655 -0.0058824255964445042 -0.0069621230558291475 0.012895509983073945 -0.004539339105765124 0.00068084631345406265
leaf_weight=1.9861303436337039 2.8857839580741711 4.008999398254673 0.82740866020321846 1.4426646741630977 4.5444864214514435 2.5762948285482707 5.0204709244135293 7.7011089471998293
leaf_count=46 77 171 7 55 118 126 64 81
internal_value=0.000232653 -0.000223426 0.00191944 0.00831201 -3.35911e-05 -0.00130007 0.00137335 -0.00303441
internal_weight=30.9933 29.0072 9.70034 2.27007 7.43027 19.3069 7.59677 11.7101
internal_count=745 699 257 62 195 442 190 252
cat_boundaries=0 1 2 3 4 5
cat_threshold=2 1 2 2 2
is_linear=0
shrinkage=0.1


Tree=625
num_leaves=10
num_cat=4
split_feature=4 6 5 0 0 3 3 7 6
split_gain=0.00969424 0.108041 0.112661 0.303024 0.0581794 0.237004 0.0956707 0.0570762 0.0490426
threshold=0 1.5000000000000002 1 2.5000000000000004 2.5000000000000004 2 3 3.5000000000000004 1.5000000000000002
decision_type=9 2 1 2 2 1 1 2 2
left_child=4 2 3 -2 6 -6 8 -7 -1
right_child=1 -3 -4 -5 5 7 -8 -9 -10
leaf_value=0.0087709184938391128 0.0065026908496081323 -0.034366592430195207 0.028082600102179996 -0.080660288048003626 0.0054040374162361675 -0.056244989907011433 -0.011165996199838784 -0.006573422661718978 0.03164990766610825
leaf_weight=2.6655715107917777 2.4693459942172926 0.93854342606937269 1.2672825466142974 0.47568721362040367 4.2661857391431113 0.9451343803812049 1.7393337120738586 0.30630671884864569 1.4447142115095628
leaf_count=198 144 53 26 40 44 79 41 12 108
internal_value=-8.55041e-05 -0.00368436 0.00315193 -0.00757603 0.00154525 -0.00582097 0.00849341 -0.0440872 0.0168126
internal_weight=16.5181 5.15086 4.21232 2.94503 11.3672 5.51763 5.84962 1.25144 4.11029
internal_count=745 263 210 184 482 135 347 91 306
cat_boundaries=0 1 2 3 4
cat_threshold=4 2 2 1
is_linear=0
shrinkage=0.1


Tree=626
num_leaves=11
num_cat=5
split_feature=3 7 5 0 0 5 6 2 7 2
split_gain=0.00550141 0.0262197 0.0536744 0.0172086 0.0164439 0.0159011 0.0123799 0.0592465 0.139492 0.0168102
threshold=0 2.5000000000000004 1 1.5000000000000002 2.5000000000000004 2 1.5000000000000002 3 2.5000000000000004 4
decision_type=1 2 1 2 2 1 2 1 2 1
left_child=1 3 -3 5 -5 -1 7 8 -2 -8
right_child=6 2 -4 4 -6 -7 9 -9 -10 -11
leaf_value=-0.001744383076743179 -0.077153774783865092 0.038113291601271006 -0.0012465020537695535 -0.0041986757258471973 0.0025565526777155214 0.0063226963973452774 0.0058629233480662979 0.0026552382603647184 0.0056414990658019857 -0.0041401721046149835
leaf_weight=4.241895591490902 0.35999915558931939 0.5472956970334053 0.94418703671544679 12.714112083835063 5.028807711438275 5.7629249589517766 2.6846966671291739 1.5836188691901045 0.46805471675179433 4.4890747889876366
leaf_count=147 44 51 12 209 97 83 35 34 12 21
internal_value=-0.000401323 0.000280241 0.0131965 -0.000414026 -0.00228407 0.00290237 -0.00248035 -0.00867857 -0.030354 -0.000396635
internal_weight=38.8247 29.2392 1.49148 27.7477 17.7429 10.0048 9.58544 2.41167 0.828054 7.17377
internal_count=745 599 63 536 306 230 146 90 56 56
cat_boundaries=0 1 2 3 4 5
cat_threshold=1 2 2 1 1
is_linear=0
shrinkage=0.1


Tree=627
num_leaves=9
num_cat=3
split_feature=6 0 6 7 2 1 0 3
split_gain=0.0130242 0.0287248 0.0527372 0.180338 0.0307398 0.103807 0.0230696 0.0151066
threshold=3.5000000000000004 1.5000000000000002 1.5000000000000002 1.5000000000000002 0 1 2.5000000000000004 2
decision_type=2 2 2 2 1 1 2 1
left_child=1 2 3 -1 6 -6 -3 -4
right_child=-2 4 7 -5 5 -7 -8 -9
leaf_value=-0.076742997682690384 0.010273104135790329 0.025581094723551523 0.028929996148279707 0.0060365607082885969 0.00037299805773416384 -0.024512796626875551 0.00012736026009730074 0.011593803769735735
leaf_weight=0.2969081253977558 1.2790243303534214 0.60392286229762249 0.76816964149475098 2.3162098165339557 7.905891228547258 2.1272043120115995 0.86761266985195107 1.4541575224466217
leaf_count=141 38 24 3 62 353 17 47 60
internal_value=0.000555244 -0.000205425 0.00626182 -0.00336903 -0.00292363 -0.00490326 0.0105737 0.0175862
internal_weight=17.6191 16.3401 4.83545 2.61312 11.5046 10.0331 1.47154 2.22233
internal_count=745 707 266 203 441 370 71 63
cat_boundaries=0 1 2 3
cat_threshold=2 1 2
is_linear=0
shrinkage=0.1


Tree=628
num_leaves=8
num_cat=4
split_feature=1 0 3 4 7 5 0
split_gain=0.00639793 0.00833554 0.0132861 0.0171259 0.010583 0.0328679 0.0159046
threshold=0 1.5000000000000002 1 2 1.5000000000000002 3 2.5000000000000004
decision_type=1 2 1 9 2 1 2
left_child=-1 2 3 -2 6 -6 -3
right_child=1 4 -4 -5 5 -7 -8
leaf_value=0.0057047350735309529 0.0056923465478165439 -0.0024854331831960725 0.010265899576031853 -0.0036064335463559002 0.0044363964631696081 -0.013190549362027574 0.0043881274627227814
leaf_weight=1.9670726068725344 3.5501655228435993 9.8253587528597581 1.687389813363551 4.47999556100695 1.8319258244164303 2.5034189773978133 5.1208268126501926
leaf_count=46 75 180 30 152 113 35 114
internal_value=0.000185765 -0.0001886 0.00219958 0.000504593 -0.0013922 -0.00574218 -0.00013043
internal_weight=30.9662 28.9991 9.71755 8.03016 19.2815 4.33534 14.9462
internal_count=745 699 257 227 442 148 294
cat_boundaries=0 1 2 3 4
cat_threshold=2 1 2 2
is_linear=0
shrinkage=0.1


Tree=629
num_leaves=6
num_cat=2
split_feature=6 7 0 2 5
split_gain=0.0490553 0.0155065 0.00594272 0.244105 0.0374245
threshold=4.5000000000000009 3.5000000000000004 1.5000000000000002 0 1
decision_type=2 2 2 1 1
left_child=1 2 3 -1 -4
right_child=-2 -3 4 -5 -6
leaf_value=0.0033876005009510104 0.033374120696323069 0.015924039819172214 0.0089698253775793626 -0.075481945934415193 -0.0038884735878285215
leaf_weight=3.8355948776006699 0.42788293794728716 0.52771761377516746 3.1394318569473354 0.43715123835136616 8.1132080321549456
leaf_count=13 18 31 154 250 279
internal_value=-4.29458e-05 -0.000933652 -0.00150666 -0.00468166 -0.000301071
internal_weight=16.481 16.0531 15.5254 4.27275 11.2526
internal_count=745 727 696 263 433
cat_boundaries=0 1 2
cat_threshold=2 1
is_linear=0
shrinkage=0.1


Tree=630
num_leaves=12
num_cat=6
split_feature=3 0 1 6 6 2 7 2 4 6 5
split_gain=0.00501375 0.0208076 0.0416858 0.0192626 0.00991421 0.0539628 0.131303 0.0118976 0.00791657 0.110172 0.10839
threshold=0 1.5000000000000002 1 2.5000000000000004 1.5000000000000002 2 2.5000000000000004 3 4 1.5000000000000002 5
decision_type=1 2 1 2 2 1 2 1 9 2 1
left_child=1 8 -3 -4 5 6 -2 -6 9 -1 -10
right_child=4 2 3 -5 7 -7 -8 -9 10 -11 -12
leaf_value=-0.0071391705620987116 -0.076972812570610907 -0.017538975668979617 -0.0012428442183808964 0.01056943602394392 0.0048299327381298397 0.0028472952296989479 0.0051401964929875836 -0.0035903046492474187 0.013678300749518603 0.02848932887526678 -0.01210167138441853
leaf_weight=2.0697031877934933 0.33343220419919639 1.5107208208646625 16.096034628746573 1.5100469522294577 2.682543040253222 1.5776256184326487 0.46816284688247833 4.4814410209655762 3.5846362506854348 1.4947110116481783 2.9922670293599385
leaf_count=70 44 10 291 60 35 34 12 21 92 10 66
internal_value=-0.000304459 0.000344747 -0.0015976 -0.000229723 -0.00229483 -0.00788779 -0.0290156 -0.000437359 0.00400615 0.00780138 0.00194929
internal_weight=38.8013 29.2581 19.1168 17.6061 9.5432 2.37922 0.801595 7.16398 10.1413 3.56441 6.5769
internal_count=745 599 361 351 146 90 56 56 238 80 158
cat_boundaries=0 1 2 3 4 5 6
cat_threshold=1 2 1 1 2 2
is_linear=0
shrinkage=0.1


Tree=631
num_leaves=9
num_cat=2
split_feature=6 0 6 7 6 4 7 3
split_gain=0.0106837 0.0248901 0.0450262 0.165446 0.027787 0.0685281 0.0553735 0.0115572
threshold=3.5000000000000004 1.5000000000000002 1.5000000000000002 1.5000000000000002 1.5000000000000002 0 2.5000000000000004 1
decision_type=2 2 2 2 2 9 2 1
left_child=1 2 3 -1 6 -6 -3 -4
right_child=-2 4 7 -5 5 -7 -8 -9
leaf_value=-0.076603665933603723 0.0091549941177696149 -0.0024165469362796878 0.025926277116699287 0.0054472488504515894 -0.00072279922427229051 -0.02794280394402613 0.023702074584433436 0.010848418283313054
leaf_weight=0.27489717665594726 1.2873247877287202 6.2519221327238466 0.78071916103363037 2.3175002885400318 2.978954738471657 1.341353411064574 0.93282236154482223 1.4572526727133666
leaf_count=141 38 256 3 62 34 105 46 60
internal_value=0.000384092 -0.000307106 0.00571714 -0.00325341 -0.00283637 -0.00917397 0.000974532 0.0161083
internal_weight=17.6227 16.3354 4.83037 2.5924 11.5051 4.32031 7.18474 2.23797
internal_count=745 707 266 203 441 139 302 63
cat_boundaries=0 1 2
cat_threshold=2 2
is_linear=0
shrinkage=0.1


Tree=632
num_leaves=10
num_cat=6
split_feature=0 5 5 4 4 3 7 2 6
split_gain=0.00603549 0.0817613 0.0160879 0.407881 0.264296 0.192915 0.155156 0.0360813 0.0240118
threshold=3.5000000000000004 0 1 2 3 4 1.5000000000000002 5 1.5000000000000002
decision_type=2 1 1 9 9 1 2 1 2
left_child=2 -2 4 5 6 -4 -1 -5 -6
right_child=1 -3 3 7 8 -7 -8 -9 -10
leaf_value=-0.0063800718776165334 -0.018084269436766682 0.013269388545667013 -0.052460091429203284 0.020746878552611848 0.0036543007270142657 -0.0049212288117650004 -0.041450541670135538 0.0038779852416885273 0.014688643485848047
leaf_weight=2.9970819503068924 1.1956854273594217 2.7322200140915802 1.4930104119302943 5.2444812433677779 8.8326827444834652 1.9932942614414113 2.1784114253314328 1.6722787083126602 2.5390154868364325
leaf_count=20 38 35 229 153 150 54 38 16 12
internal_value=6.29765e-05 0.00372509 -0.000470763 0.00261065 -0.00240802 -0.0252798 -0.0211415 0.0166685 0.00611799
internal_weight=30.8782 3.92791 26.9503 10.4031 16.5472 3.4863 5.17549 6.91676 11.3717
internal_count=745 73 672 452 220 283 58 169 162
cat_boundaries=0 1 2 3 4 5 6
cat_threshold=2 1 4 2 1 1
is_linear=0
shrinkage=0.1


Tree=633
num_leaves=5
num_cat=1
split_feature=6 7 1 6
split_gain=0.0441631 0.0134926 0.0066004 0.0302866
threshold=4.5000000000000009 3.5000000000000004 0 1.5000000000000002
decision_type=2 2 1 2
left_child=1 2 -1 -4
right_child=-2 -3 3 -5
leaf_value=-0.0082751519830675593 0.031912788939688394 0.014952458874900931 -0.0046063304873486801 0.0047462483567417921
leaf_weight=1.2544712921080645 0.42396125569939513 0.52678986276441797 8.30881914066231 5.9362795337110574
leaf_count=46 18 31 461 189
internal_value=5.63843e-05 -0.000786345 -0.00132127 -0.000708883
internal_weight=16.4503 16.0264 15.4996 14.2451
internal_count=745 727 696 650
cat_boundaries=0 1
cat_threshold=2
is_linear=0
shrinkage=0.1


Tree=634
num_leaves=11
num_cat=5
split_feature=3 7 5 0 5 0 6 0 2 2
split_gain=0.00500032 0.0229907 0.04906 0.0166368 0.0159766 0.0143498 0.00739456 0.0532748 0.0123919 0.00489386
threshold=0 2.5000000000000004 1 1.5000000000000002 2 2.5000000000000004 1.5000000000000002 2.5000000000000004 3 4
decision_type=1 2 1 2 1 2 2 2 1 1
left_child=1 3 -3 4 -1 -5 7 9 -8 -2
right_child=6 2 -4 5 -6 -7 8 -9 -10 -11
leaf_value=-0.0016892591022896015 0.017209349797007455 0.036516008179706586 -0.0012826122292584282 -0.0038993748295721368 0.0064133722744747802 0.002423485989237206 0.0047225673959116424 -0.020030473118782657 -0.0038813522815710462 0.0031960505133422886
leaf_weight=4.2135519777657464 0.51370771776419133 0.54063372680684552 0.94114088406786212 12.721236053097529 5.7603892488405162 5.0002067927853195 2.6717512891627848 1.3565098952676633 4.4823556058108807 0.4840282198565532
leaf_count=147 13 51 12 209 83 97 35 44 21 33
internal_value=-0.000276346 0.000372671 0.0125084 -0.000276624 0.00299037 -0.00211534 -0.00226791 -0.00712924 -0.000668158 0.0104111
internal_weight=38.6855 29.1772 1.48177 27.6954 9.97394 17.7214 9.50835 2.35425 7.15411 0.997736
internal_count=745 599 63 536 230 306 146 90 56 46
cat_boundaries=0 1 2 3 4 5
cat_threshold=1 2 2 1 2
is_linear=0
shrinkage=0.1


Tree=635
num_leaves=9
num_cat=3
split_feature=6 0 6 7 2 1 7 1
split_gain=0.011128 0.0266996 0.0420408 0.15359 0.0300835 0.0914422 0.0213761 0.00876648
threshold=3.5000000000000004 1.5000000000000002 1.5000000000000002 1.5000000000000002 0 1 2.5000000000000004 2
decision_type=2 2 2 2 1 1 2 1
left_child=1 2 3 -1 6 -6 -3 -4
right_child=-2 4 7 -5 5 -7 -8 -9
leaf_value=-0.076478800326226309 0.0094107510029082381 0.019835922727248274 0.0086094435226065635 0.0053611421368191716 8.1451373798037909e-05 -0.023382192277572291 -0.0051066086072009938 0.021290229583574696
leaf_weight=0.25448001734913051 1.283207838256202 0.91749618983885739 0.93546951170355896 2.3188667931972304 7.9217535046045633 2.1015843944624066 0.5493076894817932 1.3066709041595461
leaf_count=141 38 56 59 62 353 17 15 4
internal_value=0.000444513 -0.000261105 0.00598956 -0.00273207 -0.00288074 -0.00483815 0.0104951 0.0159995
internal_weight=17.5888 16.3056 4.81549 2.57335 11.4901 10.0233 1.4668 2.24214
internal_count=745 707 266 203 441 370 71 63
cat_boundaries=0 1 2 3
cat_threshold=2 1 1
is_linear=0
shrinkage=0.1


Tree=636
num_leaves=8
num_cat=3
split_feature=1 0 3 7 7 4 0
split_gain=0.00765173 0.010344 0.0153286 0.0195465 0.00967034 0.0334039 0.0184302
threshold=0 1.5000000000000002 1 1.5000000000000002 1.5000000000000002 2 2.5000000000000004
decision_type=1 2 1 2 2 9 2
left_child=-1 2 3 -2 6 -6 -3
right_child=1 4 -4 -5 5 -7 -8
leaf_value=0.0061220566126150133 -0.001974365169302683 -0.0030777322764204279 0.010940949254877815 0.010673781148946973 -0.010362738696889338 0.011657710576541906 0.0043451162169473381
leaf_weight=1.9252060469589196 6.395060041395487 9.7337164627388137 1.6875319739338008 1.5104207967669934 3.4167196557173156 0.86285182356732448 5.0962473130857679
leaf_count=46 170 180 30 57 41 107 114
internal_value=1.90499e-05 -0.000390306 0.00228905 0.000442189 -0.00173535 -0.00592295 -0.000526905
internal_weight=30.6278 28.7025 9.59301 7.90548 19.1095 4.27957 14.83
internal_count=745 699 257 227 442 148 294
cat_boundaries=0 1 2 3
cat_threshold=2 1 2
is_linear=0
shrinkage=0.1


Tree=637
num_leaves=5
num_cat=1
split_feature=6 7 1 6
split_gain=0.0388725 0.014384 0.00635389 0.0252961
threshold=4.5000000000000009 3.5000000000000004 0 1.5000000000000002
decision_type=2 2 1 2
left_child=1 2 3 -1
right_child=-2 -3 -4 -5
leaf_value=-0.0042067164677302487 0.030131925653452792 0.015593045305632698 -0.0080851916793586685 0.004354372684719162
leaf_weight=8.270114876861042 0.42020531673915762 0.52524225194793039 1.2447493036452186 5.9234808861365318
leaf_count=461 18 31 46 189
internal_value=0.000109297 -0.000680981 -0.00123465 -0.000633876
internal_weight=16.3838 15.9636 15.4383 14.1936
internal_count=745 727 696 650
cat_boundaries=0 1
cat_threshold=1
is_linear=0
shrinkage=0.1


Tree=638
num_leaves=9
num_cat=3
split_feature=1 3 7 0 6 0 4 0
split_gain=0.00417407 0.0108853 0.032462 0.06014 0.032397 0.0289937 0.0120583 0.00945698
threshold=0 1 2.5000000000000004 2.5000000000000004 2.5000000000000004 2.5000000000000004 2 1.5000000000000002
decision_type=1 1 2 2 2 2 9 2
left_child=1 4 3 -3 6 -6 -1 -2
right_child=7 2 -4 -5 5 -7 -8 -9
leaf_value=-0.0017014528932536622 0.0018403598705171364 -0.017460844558539697 -0.013500463703889324 0.007180432791192716 0.0060137791840296989 0.035297512860769348 0.0029075738735306273 -0.0060575958897614059
leaf_weight=13.479288711881964 2.6620868154568589 1.3190356535196759 2.1614649405964883 3.9761211096774787 1.102898520301095 0.48757507995469485 9.8055872861295974 3.5217605518992059
leaf_count=331 11 50 23 48 35 32 180 35
internal_value=-0.000277219 0.000178056 -0.00317328 0.00104223 0.00118265 0.014991 0.000239473 -0.0026576
internal_weight=38.5158 32.332 7.45662 5.29516 24.8753 1.59047 23.2849 6.18385
internal_count=745 699 121 98 578 67 511 46
cat_boundaries=0 1 2 3
cat_threshold=1 1 4
is_linear=0
shrinkage=0.1


Tree=639
num_leaves=9
num_cat=3
split_feature=6 0 6 6 4 7 4 3
split_gain=0.00958647 0.021942 0.0361771 0.0252291 0.0641335 0.0491469 0.0177322 0.00917566
threshold=3.5000000000000004 1.5000000000000002 1.5000000000000002 1.5000000000000002 0 2.5000000000000004 1 2
decision_type=2 2 2 2 9 2 9 1
left_child=1 2 6 5 -5 -3 -1 -4
right_child=-2 3 7 4 -6 -7 -8 -9
leaf_value=0.0094842349286405631 0.0087831239103899634 -0.0021262306828099017 0.023401302501040434 -0.00048583380915212971 -0.026973984394754454 0.022556314745402373 -0.0083804602785233044 0.010028579536149454
leaf_weight=0.81726775370771065 1.286492098653979 6.2216718894778733 0.79134312272071838 2.9754928224720061 1.3193946794117435 0.92688986373832438 1.7354246162722184 1.4592490654322321
leaf_count=81 38 256 3 34 105 46 122 60
internal_value=0.000473567 -0.000184422 0.00548794 -0.00256535 -0.00862303 0.00107413 -0.00266092 0.0147306
internal_weight=17.5332 16.2467 4.80328 11.4434 4.29489 7.14856 2.55269 2.25059
internal_count=745 707 266 441 139 302 203 63
cat_boundaries=0 1 2 3
cat_threshold=2 2 2
is_linear=0
shrinkage=0.1


Tree=640
num_leaves=8
num_cat=3
split_feature=1 0 3 7 7 4 0
split_gain=0.00628945 0.00876066 0.0140651 0.0171018 0.00860507 0.0284748 0.0167665
threshold=0 1.5000000000000002 1 1.5000000000000002 1.5000000000000002 2 2.5000000000000004
decision_type=1 2 1 2 2 9 2
left_child=-1 2 3 -2 6 -6 -3
right_child=1 4 -4 -5 5 -7 -8
leaf_value=0.0055282634599828923 -0.001943859216278202 -0.0029047763909461938 0.010371818085926202 0.0098797523157136552 0.010609904882288234 -0.0096709221874954846 0.0041795379268006784
leaf_weight=1.9238309729553293 6.394495538377674 9.7401837967336196 1.6887020292924715 1.5127238087006842 0.86815901919362659 3.4174393402281558 5.0848069104395099
leaf_count=46 170 180 30 57 107 41 114
internal_value=-6.98411e-06 -0.000377941 0.00208737 0.000318106 -0.00161584 -0.00556252 -0.000474935
internal_weight=30.6303 28.7065 9.59592 7.90722 19.1106 4.2856 14.825
internal_count=745 699 257 227 442 148 294
cat_boundaries=0 1 2 3
cat_threshold=2 1 4
is_linear=0
shrinkage=0.1


Tree=641
num_leaves=5
num_cat=1
split_feature=6 7 1 6
split_gain=0.0382351 0.0124169 0.00566311 0.0221888
threshold=4.5000000000000009 3.5000000000000004 0 1.5000000000000002
decision_type=2 2 1 2
left_child=1 2 3 -1
right_child=-2 -3 -4 -5
leaf_value=-0.0040522939227232331 0.029904062562270763 0.014406808578443326 -0.0077378025839482502 0.0039661365586398456
leaf_weight=8.2649089562837599 0.4173094257712372 0.5222307974763688 1.2451418628916116 5.9252019538289469
leaf_count=461 18 31 46 189
internal_value=2.29978e-05 -0.000758432 -0.00127153 -0.00070413
internal_weight=16.3748 15.9575 15.4353 14.1901
internal_count=745 727 696 650
cat_boundaries=0 1
cat_threshold=1
is_linear=0
shrinkage=0.1


Tree=642
num_leaves=9
num_cat=2
split_feature=1 0 3 6 0 6 0 0
split_gain=0.0041057 0.00999498 0.00845047 0.0321658 0.119559 0.031164 0.0270529 0.0112263
threshold=0 1.5000000000000002 1 1.5000000000000002 2.5000000000000004 2.5000000000000004 2.5000000000000004 1.5000000000000002
decision_type=1 2 1 2 2 2 2 2
left_child=2 -2 5 4 -4 7 -7 -1
right_child=1 -3 3 -5 -6 6 -8 -9
leaf_value=0.00347733349211439 0.0020707175196107395 -0.0060521490938357392 0.038801558787180869 -0.0066336258739155109 -0.011641213863449983 0.0060857592438557659 0.03449835894886618 -0.0012575328230497859
leaf_weight=7.2895144406356911 2.6627136836759737 3.5138991978601553 0.77648774351109651 5.4744897987693548 1.1899548345536457 1.1028075522044662 0.481396673421841 15.995730230584739
leaf_count=220 11 35 44 44 33 35 32 291
internal_value=-0.000188128 -0.00255041 0.000263458 -0.00269312 0.00827709 0.00114806 0.0147196 0.000224731
internal_weight=38.487 6.17661 32.3104 7.44093 1.96644 24.8694 1.5842 23.2852
internal_count=745 46 699 121 77 578 67 511
cat_boundaries=0 1 2
cat_threshold=1 1
is_linear=0
shrinkage=0.1


Tree=643
num_leaves=9
num_cat=4
split_feature=6 0 6 2 1 7 4 1
split_gain=0.00950153 0.0215475 0.0305966 0.0265525 0.0858287 0.0208216 0.0149476 0.00873172
threshold=3.5000000000000004 1.5000000000000002 1.5000000000000002 0 1 2.5000000000000004 2 3
decision_type=2 2 2 1 1 2 9 1
left_child=1 2 6 5 -5 -3 -1 -4
right_child=-2 3 7 4 -6 -7 -8 -9
leaf_value=0.008988527228199282 0.0086969308975007494 0.019182729574959048 0.0065274010281807186 0.00032252101839809775 -0.022469080712390663 -0.0054865083987286224 -0.0074068835803294169 0.01912462689518156
leaf_weight=0.81912517140153795 1.2805973530921608 0.91619806313246954 0.94801314155120053 7.8744326242276621 2.0910351276397705 0.5460550763818901 1.7315020735550271 1.3113731145858767
leaf_count=81 38 56 59 353 17 15 122 4
internal_value=0.000404024 -0.000250001 0.00536491 -0.00261336 -0.0044598 0.0099704 -0.00214155 0.013839
internal_weight=17.5183 16.2377 4.81001 11.4277 9.96547 1.46225 2.55063 2.25939
internal_count=745 707 266 441 370 71 203 63
cat_boundaries=0 1 2 3 4
cat_threshold=2 1 2 1
is_linear=0
shrinkage=0.1


Tree=644
num_leaves=9
num_cat=3
split_feature=0 5 3 0 6 0 4 7
split_gain=0.00569883 0.0718227 0.0137544 0.153717 0.0741594 0.0199704 0.0189844 0.0081439
threshold=3.5000000000000004 0 1 1.5000000000000002 1.5000000000000002 1.5000000000000002 2 1.5000000000000002
decision_type=2 1 1 2 2 2 9 2
left_child=2 -2 3 -1 -5 7 -7 -4
right_child=1 -3 5 4 -6 6 -8 -9
leaf_value=0.0096125713425583032 -0.016799262780591791 0.012544482028415703 -0.002088438448068085 -0.01710949653574545 -0.077951121221933914 -0.0010747154356221204 0.0059014952468342185 -0.0095314798558382031
leaf_weight=1.6877260466571899 1.205226637845044 2.7089838159736237 6.7067476789816372 0.46698079534689885 0.35086065826180857 8.1054328248028469 7.5198895848661751 1.8827208825387058
leaf_count=30 38 35 177 43 35 213 113 61
internal_value=-5.43408e-05 0.00350923 -0.000576362 -0.00762957 -0.0432111 0.000153452 0.00228268 -0.00371987
internal_weight=30.6346 3.91421 26.7204 2.50557 0.817841 24.2148 15.6253 8.58947
internal_count=745 73 672 108 78 564 326 238
cat_boundaries=0 1 2 3
cat_threshold=2 2 4
is_linear=0
shrinkage=0.1


Tree=645
num_leaves=6
num_cat=1
split_feature=6 7 7 3 0
split_gain=0.0375966 0.011063 0.00558621 0.0219592 0.0188967
threshold=4.5000000000000009 3.5000000000000004 1.5000000000000002 0 2.5000000000000004
decision_type=2 2 2 1 2
left_child=1 2 4 -4 -1
right_child=-2 -3 3 -5 -6
leaf_value=-0.0070256442120288521 0.029667934657849161 0.013487852431219988 0.0057208919129118326 -0.0045533691233237555 0.0039522287497312705
leaf_weight=4.7313328567834096 0.41454909113235849 0.52149538935918904 4.0424439188209345 4.28564686034224 2.3452550140718813
leaf_count=387 18 31 155 39 115
internal_value=-6.28342e-05 -0.000836709 -0.00132164 0.000433743 -0.00338746
internal_weight=16.3407 15.9262 15.4047 8.32809 7.07659
internal_count=745 727 696 194 502
cat_boundaries=0 1
cat_threshold=1
is_linear=0
shrinkage=0.1


Tree=646
num_leaves=8
num_cat=4
split_feature=1 0 0 5 6 3 3
split_gain=0.0038841 0.0117777 0.0079691 0.0921604 0.0154003 0.0682164 0.0474456
threshold=0 1.5000000000000002 3.5000000000000004 1 1.5000000000000002 2 3
decision_type=1 2 2 1 2 1 1
left_child=2 -2 4 -4 6 -6 -1
right_child=1 -3 3 -5 5 -7 -8
leaf_value=0.017384140145309653 0.0026042461316577222 -0.0062179615863836423 0.025340881574242316 -0.011238783696349713 0.0025569562028073152 -0.012985643751808027 1.6582457468105462e-05
leaf_weight=1.7536332582239993 2.6637898966437197 3.5034399146679789 1.2668587985972408 1.5093404566869131 8.1647292194538732 4.3168848624918601 15.267433512839492
leaf_count=63 11 35 34 29 167 30 376
internal_value=-0.000107918 -0.00240742 0.000331426 0.00545356 -0.000150566 -0.0028186 0.00180591
internal_weight=38.4461 6.16723 32.2789 2.7762 29.5027 12.4816 17.0211
internal_count=745 46 699 63 636 197 439
cat_boundaries=0 1 2 3 4
cat_threshold=1 2 1 2
is_linear=0
shrinkage=0.1


Tree=647
num_leaves=9
num_cat=4
split_feature=6 0 6 2 1 0 1 3
split_gain=0.00949445 0.021793 0.0254529 0.0222482 0.0747483 0.0191993 0.0127834 0.00999142
threshold=3.5000000000000004 1.5000000000000002 1.5000000000000002 0 1 2.5000000000000004 2 3
decision_type=2 2 2 1 1 2 1 1
left_child=1 2 6 5 -5 -3 -1 -4
right_child=-2 3 7 4 -6 -7 -8 -9
leaf_value=-0.0094214882160903735 0.0086963647505437815 0.022667317995424971 0.022117184004761366 0.00011390023520358208 -0.021212977314121043 -0.00066404554951090113 0.0048309119197531974 0.0082037731717788925
leaf_weight=1.1272498050238999 1.2760113831536717 0.59754362376406789 0.7967660129070282 7.8896333157244918 2.0758044589310884 0.86076840972600621 1.4247006736695766 1.4653751779551387
leaf_count=196 38 24 3 353 17 47 7 60
internal_value=0.000390575 -0.000262115 0.0053813 -0.00264031 -0.0043285 0.00889598 -0.00146467 0.0131043
internal_weight=17.5139 16.2378 4.81409 11.4237 9.96544 1.45831 2.55195 2.26214
internal_count=745 707 266 441 370 71 203 63
cat_boundaries=0 1 2 3 4
cat_threshold=2 1 1 2
is_linear=0
shrinkage=0.1


Tree=648
num_leaves=10
num_cat=6
split_feature=0 5 5 4 4 3 7 2 0
split_gain=0.00549889 0.0519472 0.012826 0.35944 0.230665 0.171983 0.153539 0.0363105 0.02589
threshold=3.5000000000000004 0 1 2 3 4 1.5000000000000002 5 1.5000000000000002
decision_type=2 1 1 9 9 1 2 1 2
left_child=2 -2 4 5 6 -4 -1 -5 -6
right_child=1 -3 3 7 8 -7 -8 -9 -10
leaf_value=-0.005329095087976448 0.011298913025683435 -0.013503826866924019 -0.050495125025482271 0.019620365101941317 0.012328406598792545 -0.0051043584424552112 -0.040597644836566582 0.0026469591188300963 0.0022337601208675
leaf_weight=2.9707631375640631 2.6748252437682813 1.2339929861045678 1.4417955304234003 5.165873718040535 3.841284919879401 1.9825407452835915 2.1118352688936284 1.6670899363234637 7.503810160793364
leaf_count=20 35 38 229 153 75 54 38 16 87
internal_value=-3.41111e-05 0.00346882 -0.000547221 0.00222727 -0.00227959 -0.0242159 -0.0199833 0.0154792 0.00565166
internal_weight=30.5938 3.90882 26.685 10.2573 16.4277 3.42434 5.0826 6.83296 11.3451
internal_count=745 73 672 452 220 283 58 169 162
cat_boundaries=0 1 2 3 4 5 6
cat_threshold=1 1 4 2 1 1
is_linear=0
shrinkage=0.1


Tree=649
num_leaves=10
num_cat=2
split_feature=2 0 3 0 7 0 6 7 7
split_gain=0.011603 0.221794 0.0679383 0.205265 0.0631624 0.0315718 0.0748144 0.175802 6.12262e-07
threshold=0 3.5000000000000004 1 1.5000000000000002 1.5000000000000002 1.5000000000000002 1.5000000000000002 2.5000000000000004 1.5000000000000002
decision_type=1 2 1 2 2 2 2 2 2
left_child=1 2 4 -4 -1 -2 7 -7 -3
right_child=5 8 3 -5 -6 6 -8 -9 -10
leaf_value=0.055536059358787686 0.0045713974291395334 -0.077220615678219542 -0.075279149410350188 0.0071006660754420669 0.0099043832102769843 -0.058847080982482286 5.1424715490835884e-05 0.0066452174354504614 -0.076934856747163105
leaf_weight=0.49762490623652411 3.8216023743152636 0.11525980107035128 0.32272418650973111 4.8180069165318855 0.77693295071367174 0.7979716423578791 4.1098170541226864 0.84271713718771935 0.21454300035838969
leaf_count=44 13 39 225 310 17 37 31 9 20
internal_value=-0.000235046 0.00294163 0.00705312 0.00192904 0.0277203 -0.00247353 -0.00715536 -0.0252079 -0.0770347
internal_weight=16.3172 6.74509 6.41529 5.14073 1.27456 9.57211 5.75051 1.64069 0.329803
internal_count=745 655 596 535 61 90 77 46 59
cat_boundaries=0 1 2
cat_threshold=1 2
is_linear=0
shrinkage=0.1


Tree=650
num_leaves=10
num_cat=7
split_feature=1 0 0 5 4 4 5 4 4
split_gain=0.00374119 0.0124984 0.00767438 0.0657884 0.284886 0.195365 0.0120675 0.0946187 0.0624412
threshold=0 1.5000000000000002 1.5000000000000002 1 2 3 4 5 6
decision_type=1 2 2 1 9 9 1 9 9
left_child=2 -2 3 5 -5 -1 7 -4 -8
right_child=1 -3 6 4 -6 -7 8 -9 -10
leaf_value=-0.05768927928487786 0.0027864360446362107 -0.0063079783930150126 -0.012300377494408382 -0.011858605470630446 0.042329513781183103 -0.00031158523276618829 -0.0081665908536403577 0.008438995496285611 0.0061008107528564455
leaf_weight=0.75411979743512347 2.6641527503961688 3.4916197657585144 2.8966725377831608 2.9847648867289536 1.4374531358480442 2.7847233034262904 6.1123177107656375 9.1440652503224538 6.1577560626901686
leaf_count=73 11 35 105 73 13 98 97 192 48
internal_value=-0.000112816 -0.00237201 0.000318119 -0.00237666 0.00575538 -0.0125386 0.00120058 0.00344967 -0.00100647
internal_weight=38.4276 6.15577 32.2719 7.96106 4.42222 3.53884 24.3108 12.0407 12.2701
internal_count=745 46 699 257 86 171 442 297 145
cat_boundaries=0 1 2 3 4 5 6 7
cat_threshold=1 2 4 2 2 2 4
is_linear=0
shrinkage=0.1


Tree=651
num_leaves=11
num_cat=6
split_feature=6 1 0 6 4 1 6 3 3 3
split_gain=0.0082152 0.0260013 0.0231269 0.0382973 0.108944 0.046881 0.0222924 0.0111829 0.00837013 0.00133341
threshold=2.5000000000000004 0 1.5000000000000002 1.5000000000000002 1 2 1.5000000000000002 3 4 5
decision_type=2 1 2 2 9 1 2 1 1 1
left_child=2 9 6 5 -5 -4 7 -1 -8 -2
right_child=1 -3 3 4 -6 -7 8 -9 -10 -11
leaf_value=0.0078480502941348004 -0.00068708028978367152 0.018241530677572514 -0.019941300426803844 -0.042083681400267726 -0.00045108492459407202 0.0041248837633669436 0.020789356940336491 -0.0059761926340732401 0.008077513615756397 -0.0073066241636278286
leaf_weight=0.90914550257730298 1.0304516948599476 1.0066172946244478 0.93119543790817261 0.88081554055315792 2.1945758105721329 6.1904366988164821 0.8023838996887207 1.6420208230119926 1.4613870256107477 0.43182716327282822
leaf_count=25 67 7 19 62 24 283 3 178 53 24
internal_value=0.000527098 0.00587268 -0.000352047 -0.00304916 -0.012375 0.000978088 0.00535986 -0.00104972 0.0125832 -0.00264191
internal_weight=17.4809 2.4689 15.012 10.197 3.07539 7.12163 4.81494 2.55117 2.26377 1.46228
internal_count=745 98 647 388 86 302 259 203 56 91
cat_boundaries=0 1 2 3 4 5 6
cat_threshold=1 4 2 2 2 1
is_linear=0
shrinkage=0.1


Tree=652
num_leaves=8
num_cat=3
split_feature=1 0 3 7 3 6 6
split_gain=0.00846255 0.00958523 0.0149509 0.0200022 0.012567 0.0897835 0.028649
threshold=0 1.5000000000000002 1 1.5000000000000002 2 1.5000000000000002 1.5000000000000002
decision_type=1 2 1 2 1 2 2
left_child=-1 2 3 -2 5 -3 -6
right_child=1 4 -4 -5 6 -7 -8
leaf_value=0.0063022958007736204 -0.0023444645097136581 0.008766509065551124 0.010477659760405759 0.010652644162370446 -0.0034481338753396314 -0.02827258256731395 0.0060151567055387462
leaf_weight=1.8711798774456838 6.2914579287171417 1.4161674870811114 1.69185531680705 1.4586113175610078 11.897391801569034 1.2167342571337938 4.3756443703732648
leaf_count=46 170 52 30 57 231 39 120
internal_value=-0.000211178 -0.000641118 0.0019609 0.000101672 -0.00194061 -0.00835025 -0.000903557
internal_weight=30.219 28.3479 9.44192 7.75007 18.9059 2.6329 16.273
internal_count=745 699 257 227 442 91 351
cat_boundaries=0 1 2 3
cat_threshold=2 1 2
is_linear=0
shrinkage=0.1


Tree=653
num_leaves=9
num_cat=5
split_feature=1 4 0 3 6 0 5 5
split_gain=0.0123509 0.035521 0.0479101 0.249542 0.0844016 0.0123922 0.474594 0.388755
threshold=0 1 2.5000000000000004 2 2.5000000000000004 2.5000000000000004 3 4
decision_type=1 9 2 1 2 2 1 1
left_child=-1 2 4 -4 -2 7 -7 -3
right_child=1 5 3 -5 -6 6 -8 -9
leaf_value=-0.0095268558287059223 0.014732590516265806 0.0078710398172484597 0.0089939601079894703 -0.042848762594635478 -0.023634224296128326 -0.08000707496886679 0.055692405477111552 -0.080003675904044461
leaf_weight=1.2222502966833417 4.9937424528325209 2.4553309969105612 4.0279538489085098 1.2065988239901342 0.64774950717401214 0.42493062902576639 0.65501027337450046 0.63328959635691662
leaf_count=46 294 143 35 91 39 36 28 33
internal_value=0.000140509 0.000925903 0.00393412 -0.00295613 0.0103274 -0.00692273 0.00229794 -0.0101468
internal_weight=16.2669 15.0446 10.876 5.23455 5.64149 4.16856 1.07994 3.08862
internal_count=745 699 459 126 333 240 64 176
cat_boundaries=0 1 2 3 4 5
cat_threshold=2 4 2 2 2
is_linear=0
shrinkage=0.1


Tree=654
num_leaves=9
num_cat=2
split_feature=1 0 3 7 0 6 0 0
split_gain=0.0034388 0.0106734 0.00814739 0.0356947 0.0508678 0.0302551 0.0267029 0.00945685
threshold=0 1.5000000000000002 1 2.5000000000000004 3.5000000000000004 2.5000000000000004 2.5000000000000004 1.5000000000000002
decision_type=1 2 1 2 2 2 2 2
left_child=2 -2 5 4 -4 7 -7 -1
right_child=1 -3 3 -5 -6 6 -8 -9
leaf_value=0.0032053763011796787 0.0024042038707205809 -0.0059992509341728097 -0.0034404342649250854 -0.01355210564764261 0.020421770646280379 0.0059924591875727025 0.03443656743673093 -0.0011794197001779626
leaf_weight=7.1258956159290454 2.6657950629014513 3.4903605064610019 4.1024941889772917 2.1467969803052256 1.1420373432920312 1.1015961681259785 0.47122773141018104 15.879620637191691
leaf_count=220 11 35 75 23 23 35 32 291
internal_value=-0.000196056 -0.00236031 0.000220697 -0.00269039 0.00175575 0.00109613 0.0145145 0.000178759
internal_weight=38.1258 6.15616 31.9697 7.39133 5.24453 24.5783 1.57282 23.0055
internal_count=745 46 699 121 98 578 67 511
cat_boundaries=0 1 2
cat_threshold=1 1
is_linear=0
shrinkage=0.1


Tree=655
num_leaves=8
num_cat=4
split_feature=6 0 1 3 6 4 1
split_gain=0.0104473 0.0162554 0.0212356 0.232067 0.0210099 0.061268 0.0473843
threshold=3.5000000000000004 1.5000000000000002 0 1 1.5000000000000002 2 3
decision_type=2 2 1 1 2 9 1
left_child=1 2 3 -1 6 -6 -3
right_child=-2 4 -4 -5 5 -7 -8
leaf_value=-0.075290128645946489 0.0094210784325866551 -0.019749965774381262 0.010627777988913178 0.012590211331081548 0.00026252018135751286 -0.025898719570559586 0.0044154716757212288
leaf_weight=0.36411978064280159 1.2635248999213207 0.93431258387863636 2.7401258870959282 1.7195638435077856 2.9567481100093573 1.2839154869438969 6.1689224557630933
leaf_count=227 38 19 11 28 34 105 283
internal_value=0.000663795 -2.05968e-05 0.00484192 -0.00276671 -0.0020883 -0.00765813 0.00123691
internal_weight=17.4312 16.1677 4.82381 2.08368 11.3439 4.24066 7.10324
internal_count=745 707 266 255 441 139 302
cat_boundaries=0 1 2 3 4
cat_threshold=1 1 2 2
is_linear=0
shrinkage=0.1


Tree=656
num_leaves=10
num_cat=6
split_feature=0 5 5 4 4 3 7 2 0
split_gain=0.00661164 0.0514369 0.0111237 0.294866 0.185276 0.160242 0.145901 0.0258157 0.0227637
threshold=3.5000000000000004 0 1 2 3 4 1.5000000000000002 5 1.5000000000000002
decision_type=2 1 1 9 9 1 2 1 2
left_child=2 -2 4 5 6 -4 -1 -5 -6
right_child=1 -3 3 7 8 -7 -8 -9 -10
leaf_value=-0.0040568322121878565 0.011521971692093682 -0.013170725788090865 -0.04817464842266457 0.017627421878220105 0.011156511099841849 -0.0039069754009286289 -0.038810789463173699 0.0032746829391333853 0.0016358280993734255
leaf_weight=2.9459941517561674 2.6800400029169387 1.2311263277661058 1.3918656222995143 5.050286800542386 3.7845874931663293 1.9823151086511697 2.0474890169534774 1.6667752475477753 7.4647232741117477
leaf_count=20 35 38 229 153 75 54 38 16 87
internal_value=-8.70734e-05 0.0037494 -0.000656871 0.00195062 -0.00227684 -0.0221676 -0.0183071 0.0140659 0.00483886
internal_weight=30.2452 3.91117 26.334 10.0912 16.2428 3.37418 4.99348 6.71706 11.2493
internal_count=745 73 672 452 220 283 58 169 162
cat_boundaries=0 1 2 3 4 5 6
cat_threshold=1 1 4 2 1 1
is_linear=0
shrinkage=0.1


Tree=657
num_leaves=9
num_cat=1
split_feature=2 0 7 7 0 6 7 6
split_gain=0.013536 0.212447 0.0607732 0.261585 0.0280459 0.0653345 0.148221 1.50756e-07
threshold=0 3.5000000000000004 4.5000000000000009 2.5000000000000004 1.5000000000000002 1.5000000000000002 2.5000000000000004 1.5000000000000002
decision_type=1 2 2 2 2 2 2 2
left_child=1 2 3 -1 -2 6 -6 -3
right_child=4 7 -4 -5 5 -7 -8 -9
leaf_value=0.010120507415669874 0.0042283485985079895 -0.076957086438394412 0.045993909354074582 -0.079360508377334549 -0.054678923930747428 -9.7462695015941632e-05 0.0055770635741908443 -0.07681442896352883
leaf_weight=5.6331155187508557 3.8055656254291552 0.19364805669101759 0.38353809528052796 0.34681514590192808 0.79534773874911457 4.0920122629031539 0.83873819280415773 0.11997094689468213
leaf_count=532 13 36 16 48 37 31 9 23
internal_value=-6.77013e-06 0.00344595 0.00740586 0.00493092 -0.00242546 -0.00684757 -0.0237509 -0.0769025
internal_weight=16.2088 6.67709 6.36347 5.97993 9.53166 5.7261 1.63409 0.313619
internal_count=745 655 596 580 90 77 46 59
cat_boundaries=0 1
cat_threshold=1
is_linear=0
shrinkage=0.1


Tree=658
num_leaves=10
num_cat=7
split_feature=1 0 0 5 4 4 5 4 4
split_gain=0.00293648 0.0127166 0.00718451 0.0561571 0.226411 0.167012 0.010819 0.0764623 0.0486004
threshold=0 1.5000000000000002 1.5000000000000002 1 2 3 4 5 6
decision_type=1 2 2 1 9 9 1 9 9
left_child=2 -2 3 5 -5 -1 7 -4 -8
right_child=1 -3 6 4 -6 -7 8 -9 -10
leaf_value=-0.054846488887214696 0.0029800691631265302 -0.0061926960445141746 -0.011140929658559305 0.038703167499980748 -0.010523419552276186 -0.00070006534076678777 -0.0074364575133783464 0.0076254869366649729 0.0051719426055674179
leaf_weight=0.71962824420188554 2.6653897891519582 3.4907121890573762 2.850631493376568 1.3700473457574844 2.9378018006100346 2.7333093486959119 6.0621174812549725 9.1081906286126451 6.1674711517989635
leaf_count=73 11 35 105 13 73 98 97 192 48
internal_value=-0.000221338 -0.00222119 0.000164001 -0.0024834 0.00513236 -0.0119847 0.00101341 0.00315213 -0.00107795
internal_weight=38.1053 6.1561 31.9492 7.76079 4.30785 3.45294 24.1884 11.9588 12.2296
internal_count=745 46 699 257 86 171 442 297 145
cat_boundaries=0 1 2 3 4 5 6 7
cat_threshold=1 2 2 2 2 2 4
is_linear=0
shrinkage=0.1


Tree=659
num_leaves=9
num_cat=4
split_feature=6 0 2 1 6 7 4 1
split_gain=0.00908932 0.0159956 0.0236395 0.074054 0.018262 0.0167247 0.012055 0.00752161
threshold=3.5000000000000004 1.5000000000000002 0 1 1.5000000000000002 2.5000000000000004 2 3
decision_type=2 2 1 1 2 2 9 1
left_child=1 4 5 -4 6 -3 -1 -6
right_child=-2 2 3 -5 7 -7 -8 -9
leaf_value=0.0090618676622102479 0.008810373714976753 0.01811586906427284 0.00063388655873601824 -0.020696605786193294 0.0045869828827265965 -0.0040799627901824762 -0.0057388945549141463 0.016250283464631764
leaf_weight=0.80932772246887907 1.2633916361155559 0.91321963947848417 7.843665106427121 2.0537608042359352 0.95300871511790319 0.54035212516464526 1.7193769338773628 1.3170905709266665
leaf_count=81 38 56 353 17 59 15 122 4
internal_value=0.000641895 2.87896e-06 -0.00204341 -0.00379229 0.00484313 0.00986477 -0.00100182 0.0113539
internal_weight=17.4132 16.1498 11.351 9.89743 4.7988 1.45357 2.5287 2.2701
internal_count=745 707 441 370 266 71 203 63
cat_boundaries=0 1 2 3 4
cat_threshold=2 1 2 1
is_linear=0
shrinkage=0.1


Tree=660
num_leaves=8
num_cat=4
split_feature=1 0 3 4 7 4 0
split_gain=0.00990099 0.010519 0.0156433 0.0226218 0.0100465 0.0312212 0.0231238
threshold=0 1.5000000000000002 1 2 1.5000000000000002 3 2.5000000000000004
decision_type=1 2 1 9 2 9 2
left_child=-1 2 3 -2 6 -6 -3
right_child=1 4 -4 -5 5 -7 -8
leaf_value=0.0068385694318120254 0.0062268024550574813 -0.0037367993246249752 0.010720462929696532 -0.0047466871490293126 -0.010841082297981759 0.010557488541064251 0.0046391584296324893
leaf_weight=1.8446117571147624 3.3600691389292479 9.5731118874973635 1.6921270057209765 4.2608500010101178 3.3022334290908475 0.85925137998583423 5.0267223572445792
leaf_count=46 75 180 30 152 41 107 114
internal_value=-0.000258325 -0.000724623 0.00202275 9.15329e-05 -0.00208841 -0.00642277 -0.000852957
internal_weight=29.919 28.0744 9.31305 7.62092 18.7613 4.16148 14.5998
internal_count=745 699 257 227 442 148 294
cat_boundaries=0 1 2 3 4
cat_threshold=2 1 2 2
is_linear=0
shrinkage=0.1


Tree=661
num_leaves=9
num_cat=4
split_feature=1 4 0 3 6 7 5 0
split_gain=0.0123613 0.0296552 0.0358153 0.223277 0.0810358 0.0153298 0.122963 0.0196152
threshold=0 1 2.5000000000000004 2 1.5000000000000002 1.5000000000000002 3 2.5000000000000004
decision_type=1 9 2 1 2 2 1 2
left_child=-1 2 4 -4 -2 6 -3 -7
right_child=1 5 3 -5 -6 7 -8 -9
leaf_value=-0.0094088777873252583 -0.0011374542186673418 -0.0030138354798757848 0.0090629914495079181 -0.040473886975348185 0.022974730885835043 -0.0089352943309657634 -0.078924471231890669 0.010221568533632375
leaf_weight=1.205297624321247 3.2059699438104872 1.6888875720924261 4.0209895538791898 1.1759906965580738 2.4658501076046377 1.1923682702472436 0.24424796050879982 0.96874910321639607
leaf_count=46 215 167 35 91 118 24 23 26
internal_value=0.000333441 0.0011182 0.00385055 -0.00214639 0.00934543 -0.00613523 -0.012605 -0.00034798
internal_weight=16.1684 14.9631 10.8688 5.19698 5.67182 4.09425 1.93314 2.16112
internal_count=745 699 459 126 333 240 190 50
cat_boundaries=0 1 2 3 4
cat_threshold=2 4 2 2
is_linear=0
shrinkage=0.1


Tree=662
num_leaves=9
num_cat=2
split_feature=1 0 3 7 0 6 0 0
split_gain=0.0031306 0.014022 0.00963476 0.0262827 0.0452477 0.0244942 0.0187983 0.00872863
threshold=0 1.5000000000000002 1 2.5000000000000004 2.5000000000000004 2.5000000000000004 2.5000000000000004 1.5000000000000002
decision_type=1 2 1 2 2 2 2 2
left_child=2 -2 3 4 -1 7 -7 -4
right_child=1 -3 5 -5 -6 6 -8 -9
leaf_value=-0.015576923411630226 0.0031269857872028243 -0.0065098464646814128 0.0032134027744751326 -0.012386339953132625 0.0060324083567920329 0.0061004922972219293 0.030127692438534595 -0.001036924875093795
leaf_weight=1.2807399763187275 2.6666259719058862 3.4806661345646717 6.966664514475279 2.1334665009198943 3.9806168348877691 1.1012082077795629 0.46232995232276142 15.766638565983156
leaf_count=50 11 35 220 23 48 35 32 291
internal_value=-0.000264238 -0.0023295 0.000136364 -0.00302416 0.000772181 0.00109828 0.0132052 0.000265596
internal_weight=37.839 6.14729 31.6917 7.39482 5.26136 24.2968 1.56354 22.7333
internal_count=745 46 699 121 98 578 67 511
cat_boundaries=0 1 2
cat_threshold=1 2
is_linear=0
shrinkage=0.1


Tree=663
num_leaves=8
num_cat=4
split_feature=6 0 6 4 1 3 1
split_gain=0.00865146 0.0136143 0.0191535 0.059483 0.0449301 0.0161328 0.214397
threshold=3.5000000000000004 1.5000000000000002 1.5000000000000002 0 1 2 3
decision_type=2 2 2 9 1 1 1
left_child=1 5 4 -4 -3 6 -1
right_child=-2 2 3 -5 -6 -7 -8
leaf_value=-0.075266842159715186 0.0086801469877398636 -0.019154214536885907 0.00063696200645260378 -0.02527257138300118 0.0044569872605691469 0.012315933713899493 0.0094395049832952209
leaf_weight=0.33530131582302336 1.2630314050693403 0.92731459997594357 2.9497712822631001 1.2665367663089453 6.1572896248399029 1.7170019027544183 2.7450817599892616
leaf_count=227 38 19 34 105 283 28 11
internal_value=0.000710553 8.52794e-05 -0.00180948 -0.007146 0.00136648 0.00454865 0.000219175
internal_weight=17.3613 16.0983 11.3009 4.21631 7.0846 4.79738 3.08038
internal_count=745 707 441 139 302 266 238
cat_boundaries=0 1 2 3 4
cat_threshold=2 2 1 1
is_linear=0
shrinkage=0.1


Tree=664
num_leaves=8
num_cat=3
split_feature=1 0 3 7 3 6 6
split_gain=0.00735334 0.00937754 0.0149441 0.019424 0.00885417 0.0727474 0.0278412
threshold=0 1.5000000000000002 1 1.5000000000000002 2 1.5000000000000002 1.5000000000000002
decision_type=1 2 1 2 1 2 2
left_child=-1 2 3 -2 5 -3 -6
right_child=1 4 -4 -5 6 -7 -8
leaf_value=0.005920931462212127 -0.0023043591768055361 0.0082516072904907627 0.010493200857092648 0.010688074915673142 -0.003533823375322276 -0.024994587724324141 0.0058309906490878714
leaf_weight=1.8393115097424015 6.2122872727923149 1.411047279934792 1.6910340152098795 1.4122837671457089 11.79479230305879 1.2335210293531416 4.3437344730991745
leaf_count=46 170 52 30 57 231 39 120
internal_value=-0.000204634 -0.000605607 0.00198845 0.000102203 -0.00189215 -0.0072556 -0.00101325
internal_weight=29.938 28.0987 9.31561 7.62457 18.7831 2.64457 16.1385
internal_count=745 699 257 227 442 91 351
cat_boundaries=0 1 2 3
cat_threshold=2 1 2
is_linear=0
shrinkage=0.1


Tree=665
num_leaves=9
num_cat=1
split_feature=2 0 7 7 0 6 7 6
split_gain=0.0129388 0.195148 0.057939 0.241096 0.0277982 0.0545729 0.123712 1.91706e-07
threshold=0 3.5000000000000004 4.5000000000000009 2.5000000000000004 1.5000000000000002 1.5000000000000002 2.5000000000000004 1.5000000000000002
decision_type=1 2 2 2 2 2 2 2
left_child=1 2 3 -1 -2 6 -6 -3
right_child=4 7 -4 -5 5 -7 -8 -9
leaf_value=0.0097231176342428768 0.0045513935929991003 -0.076829719457926396 0.04528016479139442 -0.079066207272989256 -0.050227032358478543 -0.00032332828828278144 0.0049494684649514552 -0.076661046233122143
leaf_weight=5.64968403455714 3.7891947478055972 0.18129850333571074 0.37814417073968787 0.32332418394071272 0.79394907990354091 4.0801617717370391 0.83237647265195847 0.10723844059248222
leaf_count=532 13 36 16 48 37 31 9 23
internal_value=0.0002795 0.00366596 0.00732008 0.00491687 -0.00208842 -0.00649736 -0.0219869 -0.076767
internal_weight=16.1354 6.63969 6.35115 5.97301 9.49568 5.70649 1.62633 0.288537
internal_count=745 655 596 580 90 77 46 59
cat_boundaries=0 1
cat_threshold=1
is_linear=0
shrinkage=0.1


Tree=666
num_leaves=8
num_cat=1
split_feature=7 6 0 1 0 6 6
split_gain=0.00315465 0.0431977 0.347371 0.0113405 0.0164379 0.0854958 0.0194859
threshold=2.5000000000000004 1.5000000000000002 2.5000000000000004 0 3.5000000000000004 1.5000000000000002 1.5000000000000002
decision_type=2 2 2 1 2 2 2
left_child=3 2 -2 4 6 -6 -1
right_child=1 -3 -4 -5 5 -7 -8
leaf_value=0.001799479422235975 0.032774843201207521 0.011506557842025372 -0.053122111937999344 -0.0050068805968027548 -0.0075791974880728254 0.029562503964616155 -0.0037243780459445194
leaf_weight=15.106931501963123 0.9708395960042242 2.3168634448375087 0.9140781824971782 4.8710810457705511 1.4895885739242651 1.061333729769103 11.062473949350531
leaf_count=396 27 35 28 40 30 20 169
internal_value=-0.000222232 0.00236102 -0.00888031 -0.000545358 0.000211334 0.00787394 -0.000535596
internal_weight=37.7932 4.20178 1.88492 33.5914 28.7203 2.55092 26.1694
internal_count=745 90 55 655 615 50 565
cat_boundaries=0 1
cat_threshold=1
is_linear=0
shrinkage=0.1


Tree=667
num_leaves=9
num_cat=4
split_feature=6 0 2 1 6 0 4 3
split_gain=0.0085091 0.0143262 0.0234525 0.0682996 0.0154238 0.0146975 0.0108785 0.00589215
threshold=3.5000000000000004 1.5000000000000002 0 1 1.5000000000000002 2.5000000000000004 2 3
decision_type=2 2 1 1 2 2 9 1
left_child=1 4 5 -4 6 -3 -1 -6
right_child=-2 2 3 -5 7 -7 -8 -9
leaf_value=0.0087525800648604289 0.0084972590515680693 0.021957672892881409 0.00052331926586391667 -0.020011830127207628 0.017322677892564645 0.0014958344625392291 -0.0053641133309902467 0.0067030425900899363
leaf_weight=0.80259265337372199 1.2581308922453889 0.59537397901294753 7.8319510037931614 2.0419267993420362 0.81707847118377686 0.85537864217258175 1.7067221898469207 1.448978585234727
leaf_count=81 38 24 353 17 3 47 122 60
internal_value=0.000576984 -4.19436e-05 -0.00197901 -0.00372337 0.00455174 0.00989316 -0.000848955 0.0105322
internal_weight=17.3581 16.1 11.3246 9.87388 4.77537 1.45075 2.50931 2.26606
internal_count=745 707 441 370 266 71 203 63
cat_boundaries=0 1 2 3 4
cat_threshold=2 1 2 2
is_linear=0
shrinkage=0.1


Tree=668
num_leaves=9
num_cat=5
split_feature=0 5 5 4 0 7 3 2
split_gain=0.00592168 0.052034 0.00933046 0.260067 0.16576 0.192649 0.139517 0.0233139
threshold=3.5000000000000004 0 1 2 2.5000000000000004 1.5000000000000002 3 4
decision_type=2 1 1 9 2 2 1 1
left_child=2 -2 4 6 5 -1 -4 -5
right_child=1 -3 3 7 -6 -7 -8 -9
leaf_value=-0.0032361570034615743 0.011351396073702879 -0.013552427375835955 -0.045905038105372116 0.016602313732910722 -0.024907804942645776 0.02787479392220504 -0.0041945767979305664 0.0029253682944620578
leaf_weight=11.018165913759733 2.6731059995945534 1.2227660708085752 1.3458949772320867 4.9867640357115359 2.6667870214441782 2.4292266818083581 1.9841538685859685 1.6616358878090975
leaf_count=153 35 38 229 153 39 28 54 16
internal_value=-0.00010162 0.00353503 -0.000644606 0.00175846 -0.00213266 0.00238393 -0.0210526 0.013184
internal_weight=29.9885 3.89587 26.0926 9.97845 16.1142 13.4474 3.33005 6.6484
internal_count=745 73 672 452 220 181 283 169
cat_boundaries=0 1 2 3 4 5
cat_threshold=1 1 4 1 1
is_linear=0
shrinkage=0.1


Tree=669
num_leaves=10
num_cat=2
split_feature=2 0 3 0 6 0 6 7 6
split_gain=0.0116145 0.178182 0.0563635 0.19292 0.052599 0.0239873 0.049704 0.0995846 1.41207e-07
threshold=0 3.5000000000000004 1 1.5000000000000002 1.5000000000000002 1.5000000000000002 1.5000000000000002 2.5000000000000004 1.5000000000000002
decision_type=1 2 1 2 2 2 2 2 2
left_child=1 2 4 -4 -1 -2 7 -7 -3
right_child=5 8 3 -5 -6 6 -8 -9 -10
leaf_value=0.050655863019887948 0.0040770163304483771 -0.076682287365826551 -0.075263109633352809 0.0070039979155868057 0.008602655856552394 -0.046309833879300433 -0.00030738380606914708 0.0033601680264772546 -0.07653192536436404
leaf_weight=0.50735728889048914 3.793485105037691 0.16756202159376687 0.30299700897739956 4.8132367355356109 0.71881352830678225 0.79324905955581904 4.077803407330066 0.82185289543122053 0.09957124894935987
leaf_count=42 13 36 225 310 19 37 31 9 23
internal_value=0.000159127 0.00337729 0.00674693 0.00213192 0.0260032 -0.00208309 -0.0061879 -0.021035 -0.0766262
internal_weight=16.0959 6.60954 6.3424 5.11623 1.22617 9.48639 5.69291 1.6151 0.267133
internal_count=745 655 596 535 61 90 77 46 59
cat_boundaries=0 1 2
cat_threshold=1 2
is_linear=0
shrinkage=0.1


Tree=670
num_leaves=8
num_cat=2
split_feature=1 0 3 6 7 0 7
split_gain=0.00294754 0.0199759 0.00928667 0.0227023 0.0206452 0.0301023 0.00764782
threshold=0 1.5000000000000002 1 2.5000000000000004 2.5000000000000004 2.5000000000000004 1.5000000000000002
decision_type=1 2 1 2 2 2 2
left_child=2 -2 4 6 5 -1 -4
right_child=1 -3 3 -5 -6 -7 -8
leaf_value=-0.013102800453913099 0.0042559569384018631 -0.0072588871958720437 0.0015494342303521876 0.012738167806752724 -0.011352860338540381 0.0046063391949906279 -0.0023747554735748834
leaf_weight=1.2614260220943831 2.6656988175818688 3.4647575790295377 15.414007226470867 1.5646315877966106 2.0990064800425898 4.0148668914334849 7.3271412677422623
leaf_count=50 11 35 364 67 23 48 147
internal_value=-0.000244791 -0.0022519 0.000143595 0.00108671 -0.0029645 0.000372539 0.00028507
internal_weight=37.8115 6.13046 31.6811 24.3058 7.3753 5.27629 22.7411
internal_count=745 46 699 578 121 98 511
cat_boundaries=0 1 2
cat_threshold=1 2
is_linear=0
shrinkage=0.1


Tree=671
num_leaves=11
num_cat=4
split_feature=3 7 0 0 0 7 7 5 5 1
split_gain=0.00777146 0.0361235 0.0203892 0.0168258 0.0597399 0.015698 0.0195177 0.0553564 0.0289713 0.00966387
threshold=0 1.5000000000000002 2.5000000000000004 1.5000000000000002 2.5000000000000004 2.5000000000000004 1.5000000000000002 1 2 3
decision_type=1 2 2 2 2 2 2 1 1 1
left_child=1 3 -3 -1 -5 6 8 -8 -2 -7
right_child=5 2 -4 4 -6 9 7 -9 -10 -11
leaf_value=0.0032226851188008397 0.0088725687751653078 0.01880674299835948 0.002895370320461845 -0.038793428126594628 0.0073543657082943345 -0.0017347757238406125 0.0085287450609035295 -0.014396721418388256 -0.004773747910879666 0.018256340812653395
leaf_weight=0.95475972737767767 2.9687333697947915 1.5167709183879197 1.7170346727943979 0.54025156774150651 0.58348937336268136 0.38262088155897689 1.5766008738464734 3.1729265174362808 3.2686587506832447 0.65707343816757202
leaf_count=25 165 16 34 24 47 61 93 24 254 2
internal_value=0.000561861 0.00374731 0.0103584 -0.00653843 -0.0148317 -0.00084519 -0.00195658 -0.00678664 0.00172132 0.0108994
internal_weight=17.3389 5.31231 3.23381 2.0785 1.12374 12.0266 10.9869 4.74953 6.23739 1.03969
internal_count=745 146 50 96 71 599 536 117 419 63
cat_boundaries=0 1 2 3 4
cat_threshold=2 2 1 1
is_linear=0
shrinkage=0.1


Tree=672
num_leaves=15
num_cat=9
split_feature=7 4 0 5 5 0 4 4 3 3 6 5 2 0
split_gain=0.00486248 0.0880039 0.787861 1.2173 0.221891 0.0396034 0.222702 0.139144 0.0749357 0.0457927 0.0356806 0.0170902 0.013712 0.00218862
threshold=1.5000000000000002 0 2.5000000000000004 1 2 2.5000000000000004 3 4 5 6 1.5000000000000002 7 8 2.5000000000000004
decision_type=2 9 2 1 1 2 9 9 1 1 2 1 1 2
left_child=5 2 3 -2 -3 7 10 9 -8 -1 -7 -4 -9 -6
right_child=1 4 11 -5 13 6 8 12 -10 -11 -12 -13 -14 -15
leaf_value=-0.011620761239203237 0.13672230283973649 0.017417310444164089 -0.076099814233433608 -0.025261792512703864 -0.028740924091054484 0.020999692188038301 -0.026663527763842267 0.011464639377006008 0.0056834263364175892 0.0097571553933386134 0.045806741442573684 -0.11468080808579642 0.0010857071287291749 -0.023413282100992014
leaf_weight=8.9096568777458671 0.79763656854629528 1.8646063357591629 0.18534847612954763 1.1089020619656367 1.6468726451312241 1.6447540941881018 1.4714046735316506 5.4735544412979005 1.3953333087265491 1.1289598540170178 0.89547428926016426 0.30171647667884816 1.658625398064032 1.4499738765589427
leaf_count=204 3 12 52 112 25 36 22 144 22 28 46 1 13 25
internal_value=-6.08051e-06 -0.00223915 0.0135092 0.0425073 -0.00983681 0.000721377 0.00818491 -0.00162884 -0.0109192 -0.00921656 0.0297446 -0.0999991 0.00905096 -0.0262465
internal_weight=29.9328 7.35506 2.3936 1.90654 4.96145 22.5778 5.40697 17.1708 2.86674 10.0386 2.54023 0.487065 7.13218 3.09685
internal_count=745 230 168 115 62 515 126 389 44 232 82 53 157 50
cat_boundaries=0 1 2 3 4 5 6 7 8 9
cat_threshold=4 1 2 4 4 1 1 2 1
is_linear=0
shrinkage=0.1


Tree=673
num_leaves=9
num_cat=5
split_feature=1 4 0 6 3 0 5 5
split_gain=0.012518 0.0230572 0.0243295 0.0405481 0.0394014 0.0157114 0.476682 0.350189
threshold=0 1 1.5000000000000002 1.5000000000000002 2 2.5000000000000004 3 4
decision_type=1 9 2 2 1 2 1 1
left_child=-1 2 4 -4 -2 7 -7 -3
right_child=1 5 3 -5 -6 6 -8 -9
leaf_value=-0.0098336291010038979 0.042709006522988424 0.0072885980122199649 -0.0083830477164233402 0.0060659129614700196 0.0068283592341112365 -0.079752858374897664 0.060190459202794949 -0.079379697167596408
leaf_weight=1.1753120305220364 0.35577225866290973 2.4560230108600081 3.1006647503672848 5.1984762596348446 2.189804086738151 0.40103621492744423 0.61923846936406313 0.57544213492656071
leaf_count=46 19 143 163 125 152 36 28 33
internal_value=0.000102127 0.000886045 0.00329081 0.000667597 0.0118431 -0.00555045 0.00518337 -0.00916305
internal_weight=16.0718 14.8965 10.8447 8.29914 2.54558 4.05174 1.02027 3.03147
internal_count=745 699 459 288 171 240 64 176
cat_boundaries=0 1 2 3 4 5
cat_threshold=2 4 2 2 2
is_linear=0
shrinkage=0.1


Tree=674
num_leaves=8
num_cat=3
split_feature=7 6 0 1 0 5 5
split_gain=0.00595379 0.0325556 0.313229 0.00792151 0.0111846 0.0697272 0.0179417
threshold=2.5000000000000004 1.5000000000000002 2.5000000000000004 0 3.5000000000000004 1 2
decision_type=2 2 2 1 2 1 1
left_child=3 2 -2 4 6 -6 -1
right_child=1 -3 -4 -5 5 -7 -8
leaf_value=-0.0037445096080000102 0.032731484851415714 0.011112792628851216 -0.049865321050455109 -0.0045521172583708591 0.024423474887064159 -0.0086592195600847938 0.0015260342108555848
leaf_weight=11.560399967107514 0.96130078576970734 2.308589805936208 0.87890900764614344 4.8447591848089351 1.1504503918404225 1.4277296773507251 14.635910281765977
leaf_count=376 27 35 28 40 24 26 189
internal_value=-0.00037014 0.00320396 -0.00671786 -0.000811204 -0.000181347 0.00610313 -0.00079985
internal_weight=37.768 4.1488 1.84021 33.6192 28.7745 2.57818 26.1963
internal_count=745 90 55 655 615 50 565
cat_boundaries=0 1 2 3
cat_threshold=1 2 2
is_linear=0
shrinkage=0.1


Tree=675
num_leaves=8
num_cat=4
split_feature=6 0 6 4 1 3 1
split_gain=0.00894572 0.0119423 0.0174157 0.0553854 0.0346204 0.0137472 0.197321
threshold=3.5000000000000004 1.5000000000000002 1.5000000000000002 0 1 2 3
decision_type=2 2 2 9 1 1 1
left_child=1 5 4 -4 -3 6 -1
right_child=-2 2 3 -5 -6 -7 -8
leaf_value=-0.075245656326572152 0.0088530210304291375 -0.017058253773538309 0.00065910775677695385 -0.024514355838349603 0.0040120584512134518 0.011437050654964436 0.0088061231689394882
leaf_weight=0.31093580197558102 1.2556022659919097 0.89289123564958572 2.9517020822968334 1.2416462261880949 6.1575751017662679 1.7174042442056814 2.7456010617315769
leaf_count=227 38 19 34 105 283 28 11
internal_value=0.000724825 8.76708e-05 -0.00169153 -0.00679473 0.00134365 0.00427814 0.000255692
internal_weight=17.2734 16.0178 11.2438 4.19335 7.05047 4.77394 3.05654
internal_count=745 707 441 139 302 266 238
cat_boundaries=0 1 2 3 4
cat_threshold=2 2 1 1
is_linear=0
shrinkage=0.1


Tree=676
num_leaves=7
num_cat=4
split_feature=0 5 1 6 2 5
split_gain=0.00845537 0.0326224 0.00640009 0.0166377 0.0324968 0.0128521
threshold=3.5000000000000004 0 1 1.5000000000000002 2 3
decision_type=2 1 1 2 1 1
left_child=2 -2 -1 4 -4 -5
right_child=1 -3 3 5 -6 -7
leaf_value=-0.0068176222468644548 0.010735033338188621 -0.0087659784149453704 0.0080634127885928046 0.0014231904724139911 -0.0036366617386663462 0.011312197865242346
leaf_weight=1.5391187425993849 2.6492816423997274 1.2685981968461422 2.8238211115822196 4.8885166190557348 14.899376471166773 1.7974467574258595
leaf_count=36 35 38 40 40 399 157
internal_value=9.0487e-05 0.00442066 -0.000563318 -0.000168953 -0.0017725 0.00408174
internal_weight=29.8662 3.91788 25.9483 24.4092 17.7232 6.68596
internal_count=745 73 672 636 439 197
cat_boundaries=0 1 2 3 4
cat_threshold=1 2 2 1
is_linear=0
shrinkage=0.1


Tree=677
num_leaves=9
num_cat=1
split_feature=2 0 7 7 0 6 7 6
split_gain=0.0123322 0.17134 0.0432005 0.222155 0.021322 0.0427647 0.0791901 5.82332e-07
threshold=0 3.5000000000000004 4.5000000000000009 2.5000000000000004 1.5000000000000002 1.5000000000000002 2.5000000000000004 1.5000000000000002
decision_type=1 2 2 2 2 2 2 2
left_child=1 2 3 -1 -2 6 -6 -3
right_child=4 7 -4 -5 5 -7 -8 -9
leaf_value=0.0090641933960100476 0.00345100688388051 -0.076677075435531913 0.040842076148592803 -0.078779326110424125 -0.042557238274616938 -0.00079021037177397224 0.0018849800347398565 -0.076364086587435931
leaf_weight=5.6204405984663026 3.7860884219408018 0.16523699151912286 0.34751350880833332 0.30343909886141762 0.79232981953828108 4.0716459825634956 0.81166352052241564 0.092846724654009449
leaf_count=532 13 36 16 48 37 31 9 23
internal_value=-5.42722e-05 0.00328865 0.00657481 0.00456458 -0.0023612 -0.00623839 -0.0200683 -0.0765645
internal_weight=15.9912 6.52948 6.27139 5.92388 9.46173 5.67564 1.60399 0.258084
internal_count=745 655 596 580 90 77 46 59
cat_boundaries=0 1
cat_threshold=1
is_linear=0
shrinkage=0.1


Tree=678
num_leaves=8
num_cat=2
split_feature=7 6 0 1 0 6 5
split_gain=0.00465156 0.0294362 0.275277 0.0075432 0.00764205 0.0830022 0.0147536
threshold=2.5000000000000004 1.5000000000000002 2.5000000000000004 0 3.5000000000000004 1.5000000000000002 1
decision_type=2 2 2 1 2 2 1
left_child=3 2 -2 4 6 -6 -1
right_child=1 -3 -4 -5 5 -7 -8
leaf_value=-0.0032665171987479656 0.030248829513425932 0.010375598384104998 -0.047695976187570453 -0.0043388986429719638 -0.0099454273937865257 0.026357898966057572 0.0015218690056792085
leaf_weight=11.507226653360703 0.95724273909581714 2.3038418553187512 0.86033334014064167 4.848695282416883 1.5195342133520164 1.0755804048676507 14.596783530258111
leaf_count=376 27 35 28 40 30 20 189
internal_value=-0.000301301 0.0028691 -0.00664565 -0.000690791 -7.44461e-05 0.00510098 -0.000588958
internal_weight=37.6692 4.12142 1.81758 33.5478 28.6991 2.59511 26.104
internal_count=745 90 55 655 615 50 565
cat_boundaries=0 1 2
cat_threshold=1 2
is_linear=0
shrinkage=0.1


Tree=679
num_leaves=11
num_cat=5
split_feature=6 1 0 6 4 7 6 4 3 3
split_gain=0.00897082 0.022349 0.0121092 0.0266963 0.0825297 0.0353384 0.0138364 0.0137372 0.00500639 0.000668756
threshold=2.5000000000000004 0 1.5000000000000002 1.5000000000000002 1 2.5000000000000004 1.5000000000000002 2 3 4
decision_type=2 1 2 2 9 2 2 9 1 1
left_child=2 9 6 5 -5 -4 7 -1 -8 -2
right_child=1 -3 3 4 -6 -7 8 -9 -10 -11
leaf_value=0.0095102889418154576 -0.0004939641941803986 0.017633218621978666 -0.0016791870342418597 -0.037206866439800035 -5.8088632000888692e-05 0.019507538835393592 0.015664218860116562 -0.0064376942100853422 0.0058898020680223269 -0.0053039583069233618
leaf_weight=0.79269085908890702 1.0253437170022144 1.0018623592332006 6.1721498913830128 0.82327920958232426 2.1857540509663527 0.90235694519651577 0.82410907745361328 1.6951299975917238 1.4390266916125258 0.40253052718617244
leaf_count=81 67 7 256 62 24 46 3 122 53 24
internal_value=0.000551147 0.00618362 -0.000371394 -0.00233252 -0.0102221 0.00102319 0.00379094 -0.00135621 0.0094491 -0.00184994
internal_weight=17.2642 2.42974 14.8345 10.0835 3.00903 7.07451 4.75096 2.48782 2.26314 1.42787
internal_count=745 98 647 388 86 302 259 203 56 91
cat_boundaries=0 1 2 3 4 5
cat_threshold=1 4 2 2 1
is_linear=0
shrinkage=0.1


Tree=680
num_leaves=7
num_cat=4
split_feature=0 5 1 6 2 5
split_gain=0.00668762 0.0305201 0.00553059 0.0150002 0.0275514 0.0115227
threshold=3.5000000000000004 0 1 1.5000000000000002 2 3
decision_type=2 1 1 2 1 1
left_child=2 -2 -1 4 -4 -5
right_child=1 -3 3 5 -6 -7
leaf_value=-0.0062585787899835949 0.010140673920206322 -0.0087453583584043409 0.0074752646475644141 0.0014469618752930933 -0.0033032186363025173 0.01080456601528999
leaf_weight=1.5347831762337591 2.6336817862465969 1.2674537431084902 2.8193855613935739 4.8897567190215332 14.929519377787086 1.8004289819346011
leaf_count=36 35 38 40 40 399 157
internal_value=0.000144125 0.00400472 -0.000435716 -7.00381e-05 -0.00159107 0.00396523
internal_weight=29.875 3.90114 25.9739 24.4391 17.7489 6.69019
internal_count=745 73 672 636 439 197
cat_boundaries=0 1 2 3 4
cat_threshold=1 2 2 1
is_linear=0
shrinkage=0.1


Tree=681
num_leaves=9
num_cat=5
split_feature=1 4 0 3 6 0 5 5
split_gain=0.0108909 0.0162105 0.0229656 0.232611 0.0822872 0.0158335 0.434519 0.327133
threshold=0 1 2.5000000000000004 2 2.5000000000000004 2.5000000000000004 3 4
decision_type=1 9 2 1 2 2 1 1
left_child=1 2 4 -4 -1 7 -7 -3
right_child=-2 5 3 -5 -6 6 -8 -9
leaf_value=0.011325765042129161 -0.009431645577919083 -0.079068251590524496 0.0092121475831792431 -0.041955838437329439 -0.026613981543164092 -0.079376154579527292 0.057243382219805544 0.0070168754437430706
leaf_weight=5.040931048701168 1.1584609383644409 0.53802640520734635 3.9808713513430121 1.1437034377904636 0.64478996329125937 0.37197977308460395 0.62219388076482562 2.4588958181902862
leaf_count=294 46 33 35 91 39 36 28 143
internal_value=-9.42218e-05 0.000636591 0.00264741 -0.00220753 0.0070232 -0.00480993 0.00612585 -0.00843767
internal_weight=15.9599 14.8014 10.8103 5.12457 5.68572 3.9911 0.994174 2.99692
internal_count=745 699 459 126 333 240 64 176
cat_boundaries=0 1 2 3 4 5
cat_threshold=1 4 2 2 1
is_linear=0
shrinkage=0.1


Tree=682
num_leaves=9
num_cat=5
split_feature=7 3 1 5 1 0 6 5
split_gain=0.00410849 0.0237229 0.0783755 0.0118734 0.00574092 0.00692392 0.0743663 0.0123906
threshold=2.5000000000000004 0 1 2 3 3.5000000000000004 1.5000000000000002 4
decision_type=2 1 1 1 1 2 2 1
left_child=4 -2 -3 -4 5 7 -7 -1
right_child=1 2 3 -5 -6 6 -8 -9
leaf_value=-0.0030687252858731485 -0.0029162641654921191 -0.012178435478853144 0.016732859544205499 0.043273444519018274 -0.0038475776542412441 -0.0095296768603115051 0.024813820790564076 0.0013165513709062907
leaf_weight=11.518571678847366 2.6462409644591389 0.66232913732528687 0.24876603693701238 0.52280483153299406 4.8463160799583411 1.5108973289607086 1.0820431462925624 14.622651701211002
leaf_count=376 27 2 10 51 40 30 20 189
internal_value=-0.000299738 0.00269669 0.0130553 0.0347164 -0.000663814 -0.000126839 0.00480199 -0.000615727
internal_weight=37.6606 4.08014 1.4339 0.771571 33.5805 28.7342 2.59294 26.1412
internal_count=745 90 63 61 655 615 50 565
cat_boundaries=0 1 2 3 4 5
cat_threshold=2 2 1 1 2
is_linear=0
shrinkage=0.1


Tree=683
num_leaves=10
num_cat=3
split_feature=2 4 7 6 7 0 3 0 7
split_gain=0.00884852 0.0197947 0.0329184 0.0225825 0.0221473 0.108648 0.0209598 0.0149865 0.159249
threshold=0 1 2.5000000000000004 2.5000000000000004 1.5000000000000002 1.5000000000000002 2 2.5000000000000004 2.5000000000000004
decision_type=1 9 2 2 2 2 1 2 2
left_child=7 2 3 -2 6 -6 -3 -1 -9
right_child=1 4 -4 -5 5 -7 -8 8 -10
leaf_value=0.01998856330070814 -0.0013986093035601764 0.0041572832724528523 0.017960108468678557 0.015368613700853706 -0.00021972373622343281 -0.054092087351657638 -0.011746077805360548 0.032337252037942958 -0.055984572689419199
leaf_weight=0.60489443698315881 7.5043586323154141 2.911281059969042 1.2222639366518713 0.89953204989433277 1.5658523983584021 0.49198128572652411 1.1585012432333304 0.54933378232817631 0.3248797697306145
leaf_count=37 208 248 21 10 53 85 30 41 12
internal_value=0.000492452 -0.000201875 0.00262627 0.000396114 -0.00464474 -0.0130994 -0.000369756 0.00788763 -0.000485362
internal_weight=17.2329 15.7538 9.62615 8.40389 6.12762 2.05783 4.06978 1.47911 0.874214
internal_count=745 655 239 218 416 138 278 90 53
cat_boundaries=0 1 2 3
cat_threshold=2 2 1
is_linear=0
shrinkage=0.1


Tree=684
num_leaves=8
num_cat=3
split_feature=0 5 3 0 6 1 6
split_gain=0.00684242 0.0299268 0.00706953 0.157121 0.0650471 0.0194287 0.0189705
threshold=3.5000000000000004 0 1 1.5000000000000002 1.5000000000000002 2 1.5000000000000002
decision_type=2 1 1 2 2 1 2
left_child=2 -2 3 -1 -5 -4 -7
right_child=1 -3 5 4 -6 6 -8
leaf_value=0.011423489711729703 0.010156233057420985 -0.0085380531986322186 0.012301797047631628 -0.018095541251337575 -0.077634730240540115 -0.0022395218877926978 0.0045094736602593341
leaf_weight=1.6809802917996424 2.632827930385246 1.269116048657452 1.2392627871595323 0.42763831604861469 0.32140451917803148 16.760119119790048 5.5420527994538125
leaf_count=30 35 38 21 43 35 376 167
internal_value=0.000171331 0.00407587 -0.000415286 -0.0055505 -0.043643 0.000114787 -0.000562408
internal_weight=29.8734 3.90194 25.9715 2.43002 0.749043 23.5414 22.3022
internal_count=745 73 672 108 78 564 543
cat_boundaries=0 1 2 3
cat_threshold=1 2 2
is_linear=0
shrinkage=0.1


Tree=685
num_leaves=10
num_cat=2
split_feature=2 0 3 0 7 0 6 7 6
split_gain=0.0123842 0.162104 0.045302 0.183005 0.0502396 0.0212775 0.0398853 0.0646962 9.08685e-07
threshold=0 3.5000000000000004 1 1.5000000000000002 1.5000000000000002 1.5000000000000002 1.5000000000000002 2.5000000000000004 1.5000000000000002
decision_type=1 2 1 2 2 2 2 2 2
left_child=1 2 3 -1 -4 -2 7 -7 -3
right_child=5 8 4 -5 -6 6 -8 -9 -10
leaf_value=-0.075248603219672541 0.0033976203910478704 -0.076620346721117366 0.048525544123792355 0.006929784559908482 0.0067919183190454195 -0.040112610509553781 -0.0010493176484641512 0.00037501017953261371 -0.076216718157995619
leaf_weight=0.2872991213953372 3.7737505882978422 0.15951893557758001 0.48955274390027426 4.7726745838153875 0.70219879288924858 0.78626677927968536 4.0469963771756738 0.79243819788098335 0.085763884870175389
leaf_count=225 13 36 44 310 17 37 31 9 23
internal_value=-9.09669e-05 0.00326624 0.00639501 0.0022638 0.0239354 -0.00241151 -0.0063083 -0.0197897 -0.0764792
internal_weight=15.8965 6.49701 6.25173 5.05997 1.19175 9.39945 5.6257 1.5787 0.245283
internal_count=745 655 596 535 61 90 77 46 59
cat_boundaries=0 1 2
cat_threshold=1 1
is_linear=0
shrinkage=0.1


Tree=686
num_leaves=8
num_cat=2
split_feature=7 6 0 6 6 2 1
split_gain=0.00355867 0.0289659 0.253366 0.00436079 0.00952973 0.0969536 0.0106312
threshold=2.5000000000000004 1.5000000000000002 2.5000000000000004 3.5000000000000004 2.5000000000000004 0 1
decision_type=2 2 2 2 2 1 1
left_child=3 2 -2 4 6 -6 -1
right_child=1 -3 -4 -5 5 -7 -8
leaf_value=-0.0059226849343488311 0.028593015386124077 0.0099736316290657406 -0.047203153370332478 -0.005929814565457229 0.028175401938223106 -0.0082376450590487191 -0.00019876426324943075
leaf_weight=3.7247642581933178 0.93726532935397588 2.2823592177010141 0.83294377049605828 1.4727704746182997 1.1406780484539913 2.0370734743773937 25.184734562950329
leaf_count=33 27 35 28 30 48 11 533
internal_value=-0.000271086 0.00252805 -0.00707167 -0.000609097 -0.000364882 0.00483309 -0.000936247
internal_weight=37.6126 4.05257 1.77021 33.56 32.0873 3.17775 28.9095
internal_count=745 90 55 655 625 59 566
cat_boundaries=0 1 2
cat_threshold=1 2
is_linear=0
shrinkage=0.1


Tree=687
num_leaves=12
num_cat=2
split_feature=3 7 0 0 0 0 7 7 5 6 7
split_gain=0.00968462 0.0301863 0.016825 0.0153135 0.0533722 0.0121426 0.117418 0.0168435 0.0478504 0.024531 2.0428e-06
threshold=0 1.5000000000000002 2.5000000000000004 1.5000000000000002 2.5000000000000004 2.5000000000000004 2.5000000000000004 1.5000000000000002 1 3.5000000000000004 1.5000000000000002
decision_type=1 2 2 2 2 2 2 2 1 2 2
left_child=1 3 -3 -1 -5 7 10 9 -9 -2 -7
right_child=5 2 -4 4 -6 6 -8 8 -10 -11 -12
leaf_value=0.0037998962273355719 0.0005727691854995995 0.017804444634342578 0.0032302093765138994 -0.036697514736729421 0.0074474769664352354 -0.075208994697671797 0.026410128856676714 0.010337639595609075 -0.01052896599177817 0.019272218609369791 -0.075875098047272493
leaf_weight=0.94955050520366091 5.2899180516833439 1.4919724958017468 1.6886195560800843 0.52211728383554123 0.57602945035614539 0.12432511548831904 0.26506851938211184 1.5338809765635233 3.8758328314870596 0.80881181359291066 0.073118168020755547
leaf_count=25 337 16 34 24 47 79 31 106 25 3 18
internal_value=0.000379323 0.00396996 0.0100668 -0.00549996 -0.0135414 -0.00118888 -0.0170757 -0.000550405 -0.00461241 0.00305268 -0.0754557
internal_weight=17.1992 5.22829 3.18059 2.0477 1.09815 11.971 0.462512 11.5084 5.40971 6.09873 0.197443
internal_count=745 146 50 96 71 599 128 471 131 340 97
cat_boundaries=0 1 2
cat_threshold=2 2
is_linear=0
shrinkage=0.1


Tree=688
num_leaves=15
num_cat=9
split_feature=7 4 0 5 5 0 4 4 3 5 6 5 2 0
split_gain=0.00582914 0.086497 0.71595 1.07732 0.194839 0.0336594 0.179348 0.111745 0.0574683 0.0410065 0.0328131 0.0127684 0.0104917 0.00148768
threshold=1.5000000000000002 0 2.5000000000000004 1 2 2.5000000000000004 3 4 5 6 1.5000000000000002 7 8 2.5000000000000004
decision_type=2 9 2 1 1 2 9 9 1 1 2 1 1 2
left_child=5 4 3 -3 -2 7 10 12 -8 -9 -7 -4 -1 -6
right_child=1 2 11 -5 13 6 8 9 -10 -11 -12 -13 -14 -15
leaf_value=0.010520939527795819 0.016137801769448391 0.13149166675202761 -0.076076731635506656 -0.022695434930864136 -0.027460094330191299 0.019115063603093275 -0.022528518203787637 -0.022873557727633595 0.005697869691199473 -0.0052247425794420786 0.04319624862372641 -0.11008849344361638 0.0014422353323751561 -0.023026409970689353
leaf_weight=5.4690420975675806 1.7992125228047371 0.7739110589027397 0.17838458581263694 1.0933753642493684 1.6154839383343642 1.6010233197594064 1.5098573174327603 1.5541421225643717 1.3810922494158149 8.6098619988188219 0.87512585101285356 0.28952154517173756 1.6590433300007132 1.4237996380688855
leaf_count=144 12 3 52 112 25 36 22 97 22 135 46 1 13 25
internal_value=0.000169367 -0.00231494 0.0134911 0.0412086 -0.00994338 0.000955876 0.00787395 -0.00119135 -0.00904394 -0.00792336 0.0276259 -0.0971218 0.00840789 -0.0253831
internal_weight=29.8329 7.17369 2.33519 1.86729 4.8385 22.6592 5.3671 17.2921 2.89095 10.164 2.47615 0.467906 7.12809 3.03928
internal_count=745 230 168 115 62 515 126 389 44 232 82 53 157 50
cat_boundaries=0 1 2 3 4 5 6 7 8 9
cat_threshold=2 1 2 4 2 1 2 2 1
is_linear=0
shrinkage=0.1


Tree=689
num_leaves=9
num_cat=1
split_feature=2 0 7 7 0 6 7 6
split_gain=0.0115792 0.147455 0.0420176 0.198132 0.0191283 0.0360937 0.0523478 6.82795e-07
threshold=0 3.5000000000000004 4.5000000000000009 2.5000000000000004 1.5000000000000002 1.5000000000000002 2.5000000000000004 1.5000000000000002
decision_type=1 2 2 2 2 2 2 2
left_child=1 2 3 -1 -2 6 -6 -3
right_child=4 7 -4 -5 5 -7 -8 -9
leaf_value=0.0080358851846282133 0.003034954442787494 -0.076486997788917779 0.040454684366393941 -0.078466001049949413 -0.0372662621616906 -0.0011718471563744836 -0.0007462911969296352 -0.076122011382794841
leaf_weight=5.6185417657070502 3.7769452705979329 0.14707370166979661 0.33329852554015804 0.27788731436157821 0.78635207714978583 4.0421154869254678 0.78364412439987063 0.078672325807929155
leaf_count=532 13 36 16 48 37 31 9 23
internal_value=-0.000225459 0.00303476 0.00591177 0.00395922 -0.00246703 -0.00616986 -0.0190378 -0.0763598
internal_weight=15.8445 6.45547 6.22973 5.89643 9.38906 5.61211 1.57 0.225746
internal_count=745 655 596 580 90 77 46 59
cat_boundaries=0 1
cat_threshold=1
is_linear=0
shrinkage=0.1


Tree=690
num_leaves=8
num_cat=2
split_feature=7 6 0 1 0 6 5
split_gain=0.00353072 0.0225943 0.222339 0.00406039 0.00640851 0.0705999 0.00825364
threshold=2.5000000000000004 1.5000000000000002 2.5000000000000004 0 3.5000000000000004 1.5000000000000002 1
decision_type=2 2 2 1 2 2 1
left_child=3 2 -2 4 6 -6 -1
right_child=1 -3 -4 -5 5 -7 -8
leaf_value=-0.0026409638704681811 0.027311778785692954 0.0090693003259832827 -0.044204749411376809 -0.0033071096233749323 -0.009408965838591082 0.024110092853015769 0.0009386294586121879
leaf_weight=11.510328232492611 0.93205334589583688 2.2809834349318407 0.81468592380406335 4.8110572656732975 1.5053746739285991 1.0786164907040072 14.626734747405866
leaf_count=376 27 35 28 40 30 20 189
internal_value=-0.000282442 0.00251506 -0.00604381 -0.000618465 -0.000168091 0.00458265 -0.000637764
internal_weight=37.5598 4.02772 1.74674 33.5321 28.7211 2.58399 26.1371
internal_count=745 90 55 655 615 50 565
cat_boundaries=0 1 2
cat_threshold=1 2
is_linear=0
shrinkage=0.1


Tree=691
num_leaves=11
num_cat=1
split_feature=3 7 0 0 0 0 7 6 7 7
split_gain=0.00998843 0.026733 0.0162435 0.0156427 0.0476969 0.0126144 0.104331 0.0126488 0.00658801 1.61434e-06
threshold=0 1.5000000000000002 2.5000000000000004 1.5000000000000002 2.5000000000000004 2.5000000000000004 2.5000000000000004 2.5000000000000004 1.5000000000000002 1.5000000000000002
decision_type=1 2 2 2 2 2 2 2 2 2
left_child=5 3 -3 -2 -5 7 9 8 -1 -7
right_child=1 2 -4 4 -6 6 -8 -9 -10 -11
leaf_value=0.00064241108843523945 0.0046631386742414073 0.017529620759833806 0.0031865044275415882 -0.03506177768688111 0.0068751221035879542 -0.075195322310341262 0.022790788146128317 0.007735352636058155 -0.0045366527760991792 -0.075809631669317881
leaf_weight=5.2781119711871707 0.94257028654101427 1.4900964649859816 1.6795269305002876 0.51402728818356969 0.57410884810087737 0.11564247967908237 0.26337350918765878 1.6322324759239553 4.5938484130092547 0.067892301473420957
leaf_count=316 25 16 34 24 47 79 31 37 118 18
internal_value=0.000532205 0.00419057 0.00992946 -0.00476696 -0.0129356 -0.00105967 -0.0175431 -0.000419333 -0.00176763 -0.0754226
internal_weight=17.1514 5.20033 3.16962 2.03071 1.08814 11.9511 0.446908 11.5042 9.87196 0.183535
internal_count=745 146 50 96 71 599 128 471 434 97
cat_boundaries=0 1
cat_threshold=1
is_linear=0
shrinkage=0.1


Tree=692
num_leaves=10
num_cat=4
split_feature=0 5 5 0 4 4 7 6 6
split_gain=0.00711073 0.024814 0.00467645 0.210187 0.239195 0.153532 0.12064 0.115123 0.0190244
threshold=3.5000000000000004 0 1 2.5000000000000004 2 3 1.5000000000000002 1.5000000000000002 1.5000000000000002
decision_type=2 1 1 2 9 9 2 2 2
left_child=2 -2 5 7 -5 6 -1 -4 -7
right_child=1 -3 3 4 -6 8 -8 -9 -10
leaf_value=-0.0035758499806636517 0.0097943421832221208 -0.0071914580955245531 -0.010085574876891249 0.080319369052498257 -0.0062139337175309431 0.0028023207208556465 -0.035835823666581147 0.019581644902006173 0.012724719455772839
leaf_weight=2.9415989778935909 2.6149182415101668 1.2815633273712594 6.8011703251759208 0.6706772455945611 0.60995086676757704 8.8130705468356627 1.9131228550249941 1.6194576122979922 2.4749675542116156
leaf_count=20 35 38 237 23 74 150 38 118 12
internal_value=0.000225432 0.00420767 -0.000374966 0.00136025 0.0391044 -0.00141777 -0.0162887 -0.00437997 0.00497786
internal_weight=29.7405 3.89648 25.844 9.70126 1.28063 16.1428 4.85472 8.42063 11.288
internal_count=745 73 672 452 97 220 58 355 162
cat_boundaries=0 1 2 3 4
cat_threshold=1 1 2 2
is_linear=0
shrinkage=0.1


Tree=693
num_leaves=10
num_cat=2
split_feature=2 0 3 0 6 0 6 7 6
split_gain=0.0106425 0.136972 0.042306 0.167246 0.0476325 0.016591 0.0343002 0.0428987 6.38571e-07
threshold=0 3.5000000000000004 1 1.5000000000000002 1.5000000000000002 1.5000000000000002 1.5000000000000002 2.5000000000000004 1.5000000000000002
decision_type=1 2 1 2 2 2 2 2 2
left_child=1 2 3 -1 -4 -2 7 -7 -3
right_child=5 8 4 -5 -6 6 -8 -9 -10
leaf_value=-0.075231639893049859 0.0027159699046322861 -0.076404528186638482 0.047226611139981944 0.0059231242496674344 0.0060058634123261118 -0.034948212403489463 -0.00099864547958971347 -0.0017755101167247188 -0.076038397196518753
leaf_weight=0.26817355411185584 3.7789645567536336 0.13890811195051345 0.47268500190875584 4.7837045519627281 0.68888039141893387 0.78418050316395216 4.0427761708851904 0.77521577384322882 0.072497990498959552
leaf_count=225 13 36 42 310 19 37 31 9 23
internal_value=-0.000256974 0.00287853 0.00557179 0.00161511 0.0227801 -0.00240438 -0.00585834 -0.0184572 -0.076279
internal_weight=15.806 6.42485 6.21344 5.05188 1.16157 9.38114 5.60217 1.5594 0.211406
internal_count=745 655 596 535 61 90 77 46 59
cat_boundaries=0 1 2
cat_threshold=1 1
is_linear=0
shrinkage=0.1


Tree=694
num_leaves=11
num_cat=5
split_feature=3 6 0 0 1 6 2 5 2 6
split_gain=0.00568374 0.0248598 0.040557 0.0247279 0.0556325 0.0173636 0.00814172 0.0137341 0.00439094 0.00233704
threshold=0 1.5000000000000002 2.5000000000000004 1.5000000000000002 1 2.5000000000000004 2 3 4 2.5000000000000004
decision_type=1 2 2 2 1 2 1 1 1 2
left_child=3 2 8 6 -5 -6 7 -1 -2 -3
right_child=1 9 -4 4 5 -7 -8 -9 -10 -11
leaf_value=0.011738079134274484 0.010691269978854416 0.002011645781739224 -0.022989594866776146 -0.020002177611506387 -0.00096937937701789014 0.010324472935069917 -0.00179658225902137 0.002971197557804815 -0.0028849132056358606 -0.001819991309373112
leaf_weight=2.7100134439533576 0.49573850526940078 4.3883884884417057 1.2977202249458057 1.5113548919325694 15.737086004271992 1.4902117183664803 1.6319376043975351 5.2462429236620682 0.45863590203225468 2.4979302431456745
leaf_count=146 13 27 44 10 291 60 13 79 33 29
internal_value=-0.000192427 -0.00236096 -0.0114814 0.000507156 -0.0016063 7.57193e-06 0.00463759 0.00595732 0.00416707 0.000621765
internal_weight=37.4653 9.13841 2.25209 28.3268 18.7387 17.2273 9.58819 7.95626 0.954374 6.88632
internal_count=745 146 90 599 361 351 238 225 46 56
cat_boundaries=0 1 2 3 4 5
cat_threshold=1 2 1 2 2
is_linear=0
shrinkage=0.1


Tree=695
num_leaves=10
num_cat=2
split_feature=4 2 7 6 0 7 0 6 6
split_gain=0.00738172 0.0383017 0.0307297 0.0274011 0.0262599 0.0238597 0.0974566 0.0194216 0.0146861
threshold=0 1 2.5000000000000004 2.5000000000000004 1.5000000000000002 1.5000000000000002 1.5000000000000002 1.5000000000000002 1.5000000000000002
decision_type=9 1 2 2 2 2 2 2 2
left_child=2 7 3 4 -1 8 -7 -2 -3
right_child=1 5 -4 -5 -6 6 -8 -9 -10
leaf_value=0.0099339381219684681 0.027764385316588383 0.0083462239322214162 0.017054597249105807 0.016442975457666716 -0.0049052613528635276 -0.0022535668219847813 -0.054026389316498072 0.0032592125600214255 -0.0048768100704160112
leaf_weight=1.4832158065109959 0.54439754868508317 1.1834301169728867 1.2016419812571264 0.90185170155018557 6.0850871054863092 1.5637824078985434 0.47373086260176922 0.79678784220595844 2.8937363619479584
leaf_count=89 34 149 21 10 142 53 85 33 129
internal_value=0.000266619 -0.00209785 0.00208936 -3.37235e-05 -0.00199711 -0.00545459 -0.014291 0.0132061 -0.00103872
internal_weight=17.1277 7.45587 9.6718 8.47015 7.5683 6.11468 2.03751 1.34119 4.07717
internal_count=745 483 262 241 231 416 138 67 278
cat_boundaries=0 1 2
cat_threshold=2 2
is_linear=0
shrinkage=0.1


Tree=696
num_leaves=8
num_cat=4
split_feature=1 0 3 4 7 4 0
split_gain=0.0112555 0.0140761 0.0208939 0.0211776 0.0173628 0.0349676 0.0183494
threshold=0 1.5000000000000002 1 2 1.5000000000000002 3 2.5000000000000004
decision_type=1 2 1 9 2 9 2
left_child=-1 2 3 -2 6 -6 -3
right_child=1 4 -4 -5 5 -7 -8
leaf_value=0.007974765299495189 0.0066681543127622717 -0.002799169571144493 0.013038858892192889 -0.004020120910790792 0.010499227760983783 -0.012553818621015962 0.0046640085929194391
leaf_weight=1.7611507878027624 3.3115600915625691 9.6866843029274623 1.6735778852598739 4.211214664843288 0.83271297969622537 3.1355802961552395 4.9921903639551592
leaf_count=46 75 180 30 152 107 41 114
internal_value=0.000221823 -0.000268564 0.00293311 0.000684907 -0.00184756 -0.00771633 -0.000260991
internal_weight=29.6047 27.8435 9.19635 7.52277 18.6472 3.96829 14.6789
internal_count=745 699 257 227 442 148 294
cat_boundaries=0 1 2 3 4
cat_threshold=2 1 2 4
is_linear=0
shrinkage=0.1


Tree=697
num_leaves=9
num_cat=4
split_feature=1 4 0 5 5 7 0 0
split_gain=0.0124509 0.0118659 0.0270883 0.403767 0.299948 0.0202745 0.0416997 0.00307529
threshold=0 1 2.5000000000000004 2 3 2.5000000000000004 2.5000000000000004 2.5000000000000004
decision_type=1 9 2 1 1 2 2 2
left_child=1 5 4 -4 -3 6 -1 -7
right_child=-2 2 3 -5 -6 7 -8 -9
leaf_value=0.0060715845975999648 -0.010522897074225601 -0.078821841367744311 -0.078793945889197359 0.059643474562103838 0.0055313395333771217 0.0057954458656785078 -0.0079153488407760868 0.014019355849095791
leaf_weight=5.0085169893791299 1.1022197658458015 0.50827778066741225 0.32571762897714507 0.59652288055804081 2.4703491487125584 0.68892724612669676 3.710711639560941 1.3374404916685305
leaf_count=300 46 33 36 28 143 33 93 33
internal_value=-0.000273212 0.000498129 -0.00422597 0.01075 -0.00886283 0.00221307 0.000119054 0.0112234
internal_weight=15.7487 14.6465 3.90087 0.922241 2.97863 10.7456 8.71923 2.02637
internal_count=745 699 240 64 176 459 393 66
cat_boundaries=0 1 2 3 4
cat_threshold=1 4 2 1
is_linear=0
shrinkage=0.1


Tree=698
num_leaves=12
num_cat=6
split_feature=3 7 1 6 0 0 5 5 2 0 2
split_gain=0.00489839 0.0291498 0.075686 0.0248461 0.0383025 0.0196318 0.00732136 0.00706606 0.00490431 0.00409617 0.00293821
threshold=0 2.5000000000000004 1 1.5000000000000002 2.5000000000000004 1.5000000000000002 2 3 4 2.5000000000000004 5
decision_type=1 2 1 2 2 2 1 1 1 2 1
left_child=1 5 6 4 8 7 -3 -1 -2 -7 -5
right_child=3 2 -4 10 -6 9 -8 -9 -10 -11 -12
leaf_value=0.00019442779940440674 0.010848599816964495 0.043560990212586984 -0.0099027718176375647 0.0035157897596068059 -0.022588035997687179 -0.0031850921003596915 0.022185730245399739 0.0057368199184738809 -0.0035731755419962439 0.00024224139347441725 -0.00077269139107402369
leaf_weight=3.9447449260624126 0.49199292866978794 0.49831459191045724 0.66378611326217651 2.5235491092316806 1.2846150510667937 12.562082088552417 0.23618854349478968 5.5179850645363384 0.45282440268783686 4.8270532054448259 4.3542350195348263
leaf_count=147 13 51 2 35 44 209 10 83 33 97 21
internal_value=-0.000156204 0.000493957 0.0145705 -0.00217297 -0.0113471 -0.000239068 0.0366875 0.00342635 0.00393665 -0.0022337 0.000800809
internal_weight=37.3574 28.2502 1.39829 9.10722 2.22943 26.8519 0.734503 9.46273 0.944817 17.3891 6.87778
internal_count=745 599 63 146 90 536 61 230 46 306 56
cat_boundaries=0 1 2 3 4 5 6
cat_threshold=1 1 2 2 2 1
is_linear=0
shrinkage=0.1


Tree=699
num_leaves=12
num_cat=3
split_feature=3 7 0 0 0 0 5 7 5 6 7
split_gain=0.00860327 0.0209056 0.0172546 0.0141225 0.0432447 0.013489 0.0902754 0.0151842 0.0503726 0.0206176 3.62413e-08
threshold=0 1.5000000000000002 2.5000000000000004 1.5000000000000002 2.5000000000000004 2.5000000000000004 1 1.5000000000000002 2 3.5000000000000004 1.5000000000000002
decision_type=1 2 2 2 2 2 1 2 1 2 2
left_child=1 3 -3 -1 -5 7 10 9 -9 -2 -7
right_child=5 2 -4 4 -6 6 -8 8 -10 -11 -12
leaf_value=0.0046025089230821541 0.00050688052208353756 0.016610253034316194 0.0017863433523109687 -0.03345928907069981 0.0067193243365038695 -0.075239670766823905 0.019205218728397672 -0.010560861658744883 0.01090087156694898 0.017584443814042523 -0.075334151366078142
leaf_weight=0.942273237218615 5.2910906157339923 1.471153067657724 1.6839933798764832 0.50548315160267498 0.56990303501515882 0.067566903031547554 0.25091064992011602 3.867986946250312 1.5247035693864743 0.81596848368644703 0.10172110361281739
leaf_count=25 337 16 34 24 47 50 40 25 106 3 38
internal_value=0.000208926 0.00361457 0.0086983 -0.00433518 -0.0121666 -0.001269 -0.0188672 -0.000625959 -0.00449287 0.00278863 -0.0752964
internal_weight=17.0928 5.17281 3.15515 2.01766 1.07539 11.9199 0.420199 11.4997 5.39269 6.10706 0.169288
internal_count=745 146 50 96 71 599 128 471 131 340 88
cat_boundaries=0 1 2 3
cat_threshold=2 2 1
is_linear=0
shrinkage=0.1


Tree=700
num_leaves=8
num_cat=4
split_feature=1 0 3 4 7 4 0
split_gain=0.00881527 0.0152601 0.0187669 0.0182859 0.0156614 0.030745 0.0162462
threshold=0 1.5000000000000002 1 2 1.5000000000000002 3 2.5000000000000004
decision_type=1 2 1 9 2 9 2
left_child=-1 2 3 -2 6 -6 -3
right_child=1 4 -4 -5 5 -7 -8
leaf_value=0.0071157931305990789 0.0065994337133383112 -0.002702184650308415 0.012739135779816699 -0.0033260362817217298 0.0096180547317255456 -0.011972409909246621 0.0043260384654783676
leaf_weight=1.7621094650676241 3.3059779703617096 9.6964705068385246 1.6713643072871489 4.232497304095892 0.83637994719720155 3.1196653664010223 4.9772210011869893
leaf_count=46 75 180 30 152 107 41 114
internal_value=0.000256577 -0.000177578 0.00315227 0.00102675 -0.00182373 -0.00740779 -0.000318257
internal_weight=29.6017 27.8396 9.20984 7.53848 18.6297 3.95605 14.6737
internal_count=745 699 257 227 442 148 294
cat_boundaries=0 1 2 3 4
cat_threshold=2 1 2 4
is_linear=0
shrinkage=0.1


Tree=701
num_leaves=10
num_cat=2
split_feature=2 0 3 0 7 0 6 7 6
split_gain=0.011276 0.132594 0.0358665 0.155229 0.0429053 0.0142208 0.0354153 0.0392994 9.84413e-07
threshold=0 3.5000000000000004 1 1.5000000000000002 1.5000000000000002 1.5000000000000002 1.5000000000000002 2.5000000000000004 1.5000000000000002
decision_type=1 2 1 2 2 2 2 2 2
left_child=1 2 3 -1 -4 -2 7 -7 -3
right_child=5 8 4 -5 -6 6 -8 -9 -10
leaf_value=-0.075214630003572536 0.0022580198725036761 -0.076387732767663086 0.044308289438996951 0.0059577939545242186 0.0051679306190257276 -0.034408489832505183 -0.00078027353190625044 -0.002418901328327307 -0.07592134892110193
leaf_weight=0.24784865776018872 3.7713401690125448 0.13698280720200262 0.48091731527347092 4.7631122910461272 0.67059122869977728 0.77789572734036461 4.0430648934561759 0.75848122639581561 0.06758756860926951
leaf_count=225 13 36 44 310 17 37 31 9 23
internal_value=-0.000275165 0.00297074 0.00560003 0.0019429 0.0215146 -0.00248534 -0.00569154 -0.0186158 -0.0762336
internal_weight=15.7178 6.36704 6.16247 5.01096 1.15151 9.35078 5.57944 1.53638 0.20457
internal_count=745 655 596 535 61 90 77 46 59
cat_boundaries=0 1 2
cat_threshold=1 1
is_linear=0
shrinkage=0.1


Tree=702
num_leaves=9
num_cat=6
split_feature=7 3 1 5 1 0 5 3
split_gain=0.00456664 0.0231408 0.0697789 0.00625977 0.00433875 0.00543687 0.0383294 0.0203165
threshold=2.5000000000000004 0 1 2 3 1.5000000000000002 4 5
decision_type=2 1 1 1 1 2 1 1
left_child=4 2 3 -2 5 6 -1 -7
right_child=1 -3 -4 -5 -6 7 -8 -9
leaf_value=-0.011066114629504959 0.041540347889127693 -0.0025767362662309813 -0.0099102125451368348 0.021643904036943593 -0.0033365970364226116 0.0064135619606226525 0.00372116518097396 -0.00095119242626760044
leaf_weight=3.0114601550449152 0.48462756519438699 2.5639471005997621 0.66378182172775269 0.23471032874658615 4.7859188693109891 4.8429890798870474 4.1942787621519555 16.531862840318357
leaf_count=160 51 27 2 10 40 71 86 298
internal_value=-0.000169472 0.00304702 0.013472 0.0350484 -0.000549965 -8.33339e-05 -0.00245881 0.000717471
internal_weight=37.3136 3.94707 1.38312 0.719338 33.3665 28.5806 7.20574 21.3749
internal_count=745 90 63 61 655 615 246 369
cat_boundaries=0 1 2 3 4 5 6
cat_threshold=1 1 2 1 2 2
is_linear=0
shrinkage=0.1


Tree=703
num_leaves=12
num_cat=3
split_feature=3 7 0 0 6 0 7 7 5 5 7
split_gain=0.00796114 0.0164032 0.0171674 0.0134348 0.0449715 0.00959973 0.0916428 0.0132664 0.0432891 0.0200774 1.22548e-06
threshold=0 1.5000000000000002 2.5000000000000004 1.5000000000000002 2.5000000000000004 2.5000000000000004 2.5000000000000004 1.5000000000000002 1 2 1.5000000000000002
decision_type=1 2 2 2 2 2 2 2 1 1 2
left_child=5 3 -3 -2 -5 7 10 9 -9 -1 -7
right_child=1 2 -4 4 -6 6 -8 8 -10 -11 -12
leaf_value=-0.0030672659583292567 0.005109360657907039 0.015861594388570169 0.0010779336902627136 -0.026913391869867461 0.015682619129760749 -0.075169756912858446 0.021689003169155383 0.0098909853062659134 -0.0099786905155672505 0.0083904526855083303 -0.075746561320764808
leaf_weight=3.1609003378544003 0.93947562115499872 1.4680124020669609 1.6894710827618837 0.67570618720492326 0.39144045600551181 0.10227289217436997 0.24845473668028717 1.5323016226611799 3.8549785648938268 2.9629563840571773 0.057567373525671428
leaf_count=204 25 16 34 56 15 79 31 106 25 136 18
internal_value=0.000178738 0.0034584 0.00795132 -0.00361135 -0.0112887 -0.00124218 -0.0163108 -0.000707701 -0.00432717 0.00247642 -0.0753775
internal_weight=17.0835 5.16411 3.15748 2.00662 1.06715 11.9194 0.408295 11.5111 5.38728 6.12386 0.15984
internal_count=745 146 50 96 71 599 128 471 131 340 97
cat_boundaries=0 1 2 3
cat_threshold=1 2 2
is_linear=0
shrinkage=0.1


Tree=704
num_leaves=8
num_cat=4
split_feature=1 0 3 4 7 4 0
split_gain=0.00676059 0.0138842 0.0176611 0.0158962 0.0135264 0.0263055 0.0134572
threshold=0 1.5000000000000002 1 2 1.5000000000000002 3 2.5000000000000004
decision_type=1 2 1 9 2 9 2
left_child=-1 2 3 -2 6 -6 -3
right_child=1 4 -4 -5 5 -7 -8
leaf_value=0.006271188746546601 0.0062033873189819046 -0.0024622155307473283 0.012358852376680489 -0.0030526800646601651 0.0088211001249576902 -0.011114782309817372 0.0039403595627489126
leaf_weight=1.7555639575657551 3.2937554735690355 9.7096370613435301 1.6684800735674796 4.2488529168767908 0.84015890930277237 3.1190311942154945 4.9596539921039939
leaf_count=46 75 180 30 152 107 41 114
internal_value=0.000252454 -0.000127088 0.00304878 0.00098932 -0.00169743 -0.00688429 -0.000297519
internal_weight=29.5951 27.8396 9.21109 7.54261 18.6285 3.95919 14.6693
internal_count=745 699 257 227 442 148 294
cat_boundaries=0 1 2 3 4
cat_threshold=2 1 2 4
is_linear=0
shrinkage=0.1


Tree=705
num_leaves=9
num_cat=4
split_feature=1 4 0 5 5 7 6 0
split_gain=0.0118067 0.0104135 0.0225311 0.369091 0.28049 0.0205169 0.0328918 0.00294514
threshold=0 1 2.5000000000000004 2 3 2.5000000000000004 1.5000000000000002 2.5000000000000004
decision_type=1 9 2 1 1 2 2 2
left_child=1 5 4 -4 -3 6 -1 -7
right_child=-2 2 3 -5 -6 7 -8 -9
leaf_value=-0.0071392826563778811 -0.010225260678138203 -0.078526275221524638 -0.078622492608564534 0.055479917092549062 0.0053741914386849204 0.005961360223317118 0.0052857349386241752 0.014028118048941255
leaf_weight=3.6713812092966673 1.0893513735791192 0.47496629561646764 0.31116275048952957 0.60291219539067231 2.4738633755387136 0.687609843509564 5.076574552742386 1.3241877846157875
leaf_count=233 46 33 36 28 143 33 160 33
internal_value=-0.000181946 0.000566256 -0.00388754 0.00982975 -0.00813961 0.00216523 7.1148e-05 0.011271
internal_weight=15.712 14.6227 3.8629 0.914075 2.94883 10.7598 8.74796 2.0118
internal_count=745 699 240 64 176 459 393 66
cat_boundaries=0 1 2 3 4
cat_threshold=1 4 2 1
is_linear=0
shrinkage=0.1


Tree=706
num_leaves=12
num_cat=6
split_feature=3 6 0 7 1 0 0 5 2 2 2
split_gain=0.00461245 0.0213872 0.0426008 0.0208883 0.0642866 0.0173851 0.00578806 0.00546008 0.00375306 0.00369292 0.00369196
threshold=0 1.5000000000000002 2.5000000000000004 2.5000000000000004 1 1.5000000000000002 2.5000000000000004 2 3 4 5
decision_type=1 2 2 2 1 2 2 1 1 1 1
left_child=3 2 10 5 7 8 -7 -5 -1 -3 -2
right_child=1 9 -4 4 -6 6 -8 -9 -10 -11 -12
leaf_value=0.0041920111592425651 0.011507339343144577 0.0036778495838880607 -0.02259582921537575 0.039572929577502754 -0.0098674810700070184 -0.003164486890790292 0.00091584723031267368 0.020865370063029812 -0.0010926391913554931 -0.0011384073559900169 -0.0010519584203427287
leaf_weight=7.8555300661828422 0.48835508979391307 2.5078768944367766 1.2737330606832982 0.47633459870121442 0.66380643844604492 12.574287392548287 4.8049465571093597 0.23200222244486102 1.6211995822377501 4.359458114951849 0.44949240668210988
leaf_count=217 13 35 44 51 2 209 97 10 13 21 33
internal_value=-0.000173273 -0.0021339 -0.0106866 0.000457317 0.0124919 -0.000157562 -0.00203637 0.0334456 0.00328796 0.000620438 0.00548791
internal_weight=37.307 9.07892 2.21158 28.2281 1.37214 26.856 17.3792 0.708337 9.47673 6.86734 0.937847
internal_count=745 146 90 599 63 536 306 61 230 56 46
cat_boundaries=0 1 2 3 4 5 6
cat_threshold=1 1 2 1 1 2
is_linear=0
shrinkage=0.1


Tree=707
num_leaves=12
num_cat=3
split_feature=3 7 0 0 0 4 7 1 0 7 0
split_gain=0.00749166 0.0121106 0.0170091 0.0131085 0.040196 0.00908472 0.0636726 0.0768653 0.0200199 0.0166506 0.0228008
threshold=0 1.5000000000000002 2.5000000000000004 1.5000000000000002 2.5000000000000004 1 1.5000000000000002 2 1.5000000000000002 2.5000000000000004 1.5000000000000002
decision_type=1 2 2 2 2 9 2 1 2 2 2
left_child=1 3 -3 -1 -5 9 8 -8 -7 10 -2
right_child=5 2 -4 4 -6 6 7 -9 -10 -11 -12
leaf_value=0.0058183686266780835 0.010040265827689299 0.015039990252987688 0.00033027036191755834 -0.031252336004315061 0.0078315880954676464 -0.010979389348839109 -0.075556482407980852 -0.010513655578831143 0.0070982758638748799 0.013145643488846141 -0.0039203708533029104
leaf_weight=0.93374648020835582 1.4783041190821675 1.4639967263210565 1.6976225346443243 0.49420320703939047 0.56280801168031758 0.8628696958912786 0.25021647708149419 0.66342329978942871 2.1121028951747576 0.94168030959554005 5.6072940839221701
leaf_count=25 78 16 34 24 47 108 134 2 154 14 109
internal_value=0.000108484 0.00329454 0.00714165 -0.00281523 -0.010442 -0.00126915 -0.00523631 -0.0283268 0.00185498 0.000652636 -0.00100769
internal_weight=17.0683 5.15238 3.16162 1.99076 1.05701 11.9159 3.88861 0.91364 2.97497 8.02728 7.0856
internal_count=745 146 50 96 71 599 398 136 262 201 187
cat_boundaries=0 1 2 3
cat_threshold=2 2 1
is_linear=0
shrinkage=0.1


Tree=708
num_leaves=8
num_cat=4
split_feature=1 0 3 4 7 4 0
split_gain=0.00568245 0.0144436 0.0162454 0.0144441 0.0127009 0.0231733 0.0125449
threshold=0 1.5000000000000002 1 2 1.5000000000000002 3 2.5000000000000004
decision_type=1 2 1 9 2 9 2
left_child=-1 2 3 -2 6 -6 -3
right_child=1 4 -4 -5 5 -7 -8
leaf_value=0.0057873000556856995 0.006160294570416551 -0.0024158977568641687 0.012092469312191934 -0.0026586839708137825 0.0079811451679939558 -0.010711203694223679 0.0037687130108504368
leaf_weight=1.7545634923226316 3.2917464328929782 9.7159957922995108 1.6666910084895787 4.2614426460349986 0.84339618054946186 3.1046038526656043 4.9510596021355004
leaf_count=46 75 180 30 152 107 41 114
internal_value=0.000267676 -8.02516e-05 0.00315652 0.0011847 -0.0016834 -0.00671803 -0.0003282
internal_weight=29.5895 27.8349 9.21988 7.55319 18.6151 3.948 14.6671
internal_count=745 699 257 227 442 148 294
cat_boundaries=0 1 2 3 4
cat_threshold=2 1 2 4
is_linear=0
shrinkage=0.1


Tree=709
num_leaves=8
num_cat=1
split_feature=2 0 7 7 0 6 7
split_gain=0.0104674 0.128772 0.0417565 0.180398 0.0138973 0.0311739 0.033099
threshold=0 3.5000000000000004 4.5000000000000009 2.5000000000000004 1.5000000000000002 1.5000000000000002 2.5000000000000004
decision_type=1 2 2 2 2 2 2
left_child=1 2 3 -1 -2 6 -6
right_child=4 -3 -4 -5 5 -7 -8
leaf_value=0.0073281262401067322 0.0023389103155173376 -0.076210198960446784 0.040473719026916738 -0.078240161238917694 -0.032205267022847046 -0.00094200558169920887 -0.0026730950397209786
leaf_weight=5.5572077964170603 3.7585549354553205 0.19923726956949384 0.3230172877665608 0.25781025432661397 0.77521861828427041 4.0398865041788667 0.74348530871793628
leaf_count=532 13 59 16 48 37 31 9
internal_value=-0.000225214 0.00291018 0.00547838 0.00353444 -0.00235783 -0.00553362 -0.0177477
internal_weight=15.6544 6.33727 6.13804 5.81502 9.31715 5.55859 1.5187
internal_count=745 655 596 580 90 77 46
cat_boundaries=0 1
cat_threshold=1
is_linear=0
shrinkage=0.1


Tree=710
num_leaves=8
num_cat=1
split_feature=7 6 0 1 0 6 6
split_gain=0.0055635 0.0229832 0.209552 0.00422132 0.00636024 0.0429829 0.0380228
threshold=2.5000000000000004 1.5000000000000002 2.5000000000000004 0 2.5000000000000004 2.5000000000000004 2.5000000000000004
decision_type=2 2 2 1 2 2 2
left_child=3 2 -2 4 6 -6 -1
right_child=1 -3 -4 -5 5 -7 -8
leaf_value=-0.0024738837904675665 0.027018625609851184 0.0099458323964077555 -0.044616702765102018 -0.003339089133761896 0.0056719558853532553 -0.011597463441384813 0.013097579373692481
leaf_weight=18.035491152448238 0.89726484002312579 2.2625085964828031 0.74942489461682271 4.7636771429097271 6.9905492467805725 1.8155736916087333 1.7174711542902503
leaf_count=428 27 35 28 40 105 40 42
internal_value=-0.000164557 0.00340441 -0.00558333 -0.000583244 -0.000123567 0.00211149 -0.00111998
internal_weight=37.232 3.9092 1.64669 33.3228 28.5591 8.80612 19.753
internal_count=745 90 55 655 615 145 470
cat_boundaries=0 1
cat_threshold=1
is_linear=0
shrinkage=0.1


Tree=711
num_leaves=8
num_cat=2
split_feature=6 2 0 1 6 0 7
split_gain=0.00751337 0.00912909 0.0146308 0.064986 0.0166958 0.0140875 0.125727
threshold=3.5000000000000004 0 1.5000000000000002 1 1.5000000000000002 2.5000000000000004 1.5000000000000002
decision_type=2 1 2 1 2 2 2
left_child=1 2 4 -4 -1 -3 -7
right_child=-2 5 3 -5 -6 6 -8
leaf_value=-0.0023614671910054288 0.0075551509227113709 0.01937674384758175 0.00071567372141722793 -0.019516913878607333 0.0095481263507493069 0.038008208640563396 -0.040362691941653199
leaf_weight=2.4617994360232869 1.2530311596565287 0.56712293696182203 7.6981238038267756 1.9999421713873715 2.2556041578754957 0.40991346551891183 0.40888934540271293
leaf_count=193 38 37 353 17 60 28 19
internal_value=0.000101558 -0.000489502 -0.00123479 -0.00345671 0.00333305 0.00726244 -0.00112823
internal_weight=17.0544 15.8014 14.4155 9.69807 4.7174 1.38593 0.818803
internal_count=745 707 623 370 253 84 47
cat_boundaries=0 1 2
cat_threshold=1 1
is_linear=0
shrinkage=0.1


Tree=712
num_leaves=9
num_cat=5
split_feature=0 5 0 5 4 5 4 7
split_gain=0.00571468 0.0267083 0.00730014 0.28579 0.233071 0.0265122 0.126453 0.114455
threshold=3.5000000000000004 0 2.5000000000000004 1 2 3 4 1.5000000000000002
decision_type=2 1 2 1 9 1 9 2
left_child=2 -2 5 -4 -5 6 -1 -7
right_child=1 -3 3 4 -6 7 -8 -9
leaf_value=-0.022258062726161685 -0.0080202241034486536 0.0096540359970447732 -0.023715065293411514 0.079688353378547572 -0.0077287054455397967 -0.00099288889975571388 0.0042630139389266851 0.023433655433214209
leaf_weight=2.6112562683556462 1.2728591415725532 2.6044067390030241 2.5017368354347118 0.60083663929253817 0.61943718330985598 11.312451867852365 5.7713081376277842 2.3099714050658813
leaf_count=209 38 35 39 23 74 153 146 28
internal_value=0.000272884 0.00385179 -0.000266486 -0.00436232 0.0353136 0.0004263 -0.00399858 0.00314915
internal_weight=29.6043 3.87727 25.727 3.72201 1.22027 22.005 8.38256 13.6224
internal_count=745 73 672 136 97 536 355 181
cat_boundaries=0 1 2 3 4 5
cat_threshold=2 1 2 2 4
is_linear=0
shrinkage=0.1


Tree=713
num_leaves=9
num_cat=2
split_feature=1 7 5 6 0 7 0 0
split_gain=0.00859132 0.0166684 0.00851763 0.0189922 0.232416 0.0189399 0.0185325 0.00105293
threshold=0 1.5000000000000002 1 1.5000000000000002 2.5000000000000004 2.5000000000000004 2.5000000000000004 2.5000000000000004
decision_type=1 2 1 2 2 2 2 2
left_child=2 -2 5 4 -4 6 -1 -7
right_child=1 -3 3 -5 -6 7 -8 -9
leaf_value=0.0032871370037450423 0.0057868600308793594 -0.019486563210106701 -0.034276645335673997 0.0061036462222443903 0.037509965835456523 0.00732430936374125 -0.005814549324265921 0.012190342914385236
leaf_weight=5.7728029789923294 0.44846369595324975 0.62412882130593061 1.3373141118499914 1.1347703274950616 0.68049681158845476 0.67567722719104573 3.6526133003517316 1.300739158541546
leaf_count=307 26 20 139 52 40 35 93 33
internal_value=-0.000282262 -0.00891944 0.000354259 -0.00424636 -0.010067 0.00162632 -0.000240022 0.0105268
internal_weight=15.627 1.07259 14.5544 3.15258 2.01781 11.4018 9.42542 1.97642
internal_count=745 46 699 231 179 468 400 68
cat_boundaries=0 1 2
cat_threshold=1 2
is_linear=0
shrinkage=0.1


Tree=714
num_leaves=12
num_cat=6
split_feature=3 6 0 7 1 0 0 5 2 2 2
split_gain=0.00432087 0.0216918 0.0371703 0.020063 0.0671413 0.0164031 0.00687008 0.00529915 0.00400153 0.003401 0.00233993
threshold=0 1.5000000000000002 2.5000000000000004 2.5000000000000004 1 1.5000000000000002 2.5000000000000004 2 3 4 5
decision_type=1 2 2 2 1 2 2 1 1 1 1
left_child=3 2 9 5 7 8 -7 -5 -1 -2 -3
right_child=1 10 -4 4 -6 6 -8 -9 -10 -11 -12
leaf_value=0.0041323005485337967 0.01021338665493534 0.0031529057132626496 -0.021978575873201987 0.040410986054550152 -0.010352862801687943 -0.0031999278435823836 0.0012459325764062621 0.021767176263962587 -0.0013380182335197689 -0.0018954185766875274 -0.00069157051575868182
leaf_weight=7.8669020457891801 0.48427982570137829 2.4954318513628095 1.2530475439416475 0.45997057571366895 0.66352081298828125 12.561352200049443 4.8054408963362212 0.22803261526860186 1.6110602989792822 0.44518469181639231 4.3306746184825897
leaf_count=217 13 35 44 51 2 209 97 10 13 33 21
internal_value=-0.000154233 -0.0020608 -0.0107389 0.00045491 0.0123432 -0.000143618 -0.00196975 0.0342317 0.00320246 0.00441364 0.000713861
internal_weight=37.2049 9.00862 2.18251 28.1963 1.35152 26.8448 17.3668 0.688003 9.47796 0.929465 6.82611
internal_count=745 146 90 599 63 536 306 61 230 46 56
cat_boundaries=0 1 2 3 4 5 6
cat_threshold=1 1 2 1 2 1
is_linear=0
shrinkage=0.1


Tree=715
num_leaves=8
num_cat=4
split_feature=6 0 3 1 2 1 0
split_gain=0.00812887 0.00843046 0.0170274 0.172739 0.0153106 0.0528335 0.0169837
threshold=3.5000000000000004 1.5000000000000002 0 1 2 3 2.5000000000000004
decision_type=2 2 1 1 1 1 2
left_child=1 2 3 -1 5 -3 -6
right_child=-2 4 -4 -5 6 -7 -8
leaf_value=-0.075225932683185753 0.007879787177399622 0.00034648788478199559 0.011069701418153307 0.0062605990780497849 0.021469125175929121 -0.017949033295092256 -0.0012970749839198788
leaf_weight=0.28729711490814513 1.2513380234740896 7.7089407108180712 1.694561660842737 2.7528731301426888 0.55112184218887417 1.9847982069477419 0.80823763621083344
leaf_count=227 38 353 28 11 24 17 47
internal_value=0.000121521 -0.000493397 0.00303729 -0.00143991 -0.00200581 -0.00339953 0.00793297
internal_weight=17.0392 15.7878 4.73473 3.04017 11.0531 9.69374 1.35936
internal_count=745 707 266 238 441 370 71
cat_boundaries=0 1 2 3 4
cat_threshold=1 1 1 1
is_linear=0
shrinkage=0.1


Tree=716
num_leaves=14
num_cat=7
split_feature=4 5 3 2 5 7 0 2 0 3 6 0 6
split_gain=0.00563236 0.169534 0.137703 0.313004 0.135624 0.0780058 0.0442931 0.186693 0.092371 0.030288 0.011473 0.0926581 0.000359814
threshold=0 1 2 3 4 1.5000000000000002 1.5000000000000002 5 2.5000000000000004 6 1.5000000000000002 2.5000000000000004 1.5000000000000002
decision_type=9 1 1 1 1 2 2 1 2 1 2 2 2
left_child=1 2 12 -4 6 -6 7 -2 -8 -7 11 -3 -1
right_child=4 10 3 -5 5 9 8 -9 -10 -11 -12 -13 -14
leaf_value=-0.00047741000564080764 0.062845176627142563 0.010218871421429436 0.027457857495261851 -0.078530208588165576 -0.0021401030971663518 -0.032102226573577107 -0.0064690608449296987 0.00093189679784038369 0.021527771569933962 -0.011692429944988793 0.013273038135834714 -0.016250720968049918 -0.0032160947351359279
leaf_weight=0.81028134095686266 0.69941128883510828 7.5977128314552811 0.41195165761746466 0.8609942243565456 4.085378360003233 1.7105709798233875 3.4501679849345237 1.6039262712001803 1.7898118388839064 1.2646545768238866 2.4818896874785414 1.6011856922414152 1.1759418482943145
leaf_count=22 69 130 20 226 27 32 72 5 40 18 12 36 36
internal_value=0.000247354 0.00161248 -0.0185543 -0.0442303 -0.00114918 -0.01111 0.00817421 0.0197319 0.00309377 -0.0234268 0.0072394 0.0056115 -0.00209885
internal_weight=29.5439 14.94 3.25917 1.27295 14.6039 7.0606 7.54332 2.30334 5.23998 2.97523 11.6808 9.1989 1.98622
internal_count=745 482 304 246 263 77 186 74 112 50 178 166 58
cat_boundaries=0 1 2 3 4 5 6 7
cat_threshold=4 2 2 2 2 1 1
is_linear=0
shrinkage=0.1


Tree=717
num_leaves=8
num_cat=1
split_feature=2 0 7 7 0 6 7
split_gain=0.00839779 0.120978 0.0379468 0.163841 0.0144484 0.0324338 0.0251291
threshold=0 3.5000000000000004 4.5000000000000009 2.5000000000000004 1.5000000000000002 1.5000000000000002 2.5000000000000004
decision_type=1 2 2 2 2 2 2
left_child=1 2 3 -1 -2 6 -6
right_child=4 -3 -4 -5 5 -7 -8
leaf_value=0.0066687660796319777 0.0026445854724801449 -0.076160543253902063 0.038933371264857797 -0.077970600168734749 -0.030498259841528486 -0.00072855081483385892 -0.0045726525520202411
leaf_weight=5.5676800712371914 3.7553146854042989 0.18924427490946971 0.31306902715004969 0.23850385408877617 0.77322819230903383 4.0352976061403751 0.72387379687279463
leaf_count=532 13 59 16 48 37 31 9
internal_value=-0.00023029 0.00258527 0.00502056 0.00319199 -0.0021427 -0.00539225 -0.0179628
internal_weight=15.5962 6.3085 6.11925 5.80618 9.28771 5.5324 1.4971
internal_count=745 655 596 580 90 77 46
cat_boundaries=0 1
cat_threshold=1
is_linear=0
shrinkage=0.1


Tree=718
num_leaves=8
num_cat=3
split_feature=7 6 0 1 0 5 3
split_gain=0.00344217 0.01733 0.184478 0.00313677 0.00674289 0.0305109 0.0160416
threshold=2.5000000000000004 1.5000000000000002 2.5000000000000004 0 1.5000000000000002 1 2
decision_type=2 2 2 1 2 1 1
left_child=3 2 -2 4 5 -1 -6
right_child=1 -3 -4 -5 6 -7 -8
leaf_value=-0.010513806662625476 0.025414541222433914 0.0083569811172810836 -0.042748240658254708 -0.0028590640238004054 0.0058675514580286275 0.0027208968535729801 -0.00067538342050115397
leaf_weight=2.9624423465065775 0.88244824582943626 2.2429084123577923 0.72184782398835523 4.7463432846707283 4.8461455584620126 4.2279522311582722 16.523670068898358
leaf_count=160 27 35 28 40 71 86 298
internal_value=-0.000151382 0.00268071 -0.00525508 -0.000478513 -8.2896e-05 -0.0027318 0.000808392
internal_weight=37.1538 3.8472 1.6043 33.3066 28.5602 7.19039 21.3698
internal_count=745 90 55 655 615 246 369
cat_boundaries=0 1 2 3
cat_threshold=1 2 2
is_linear=0
shrinkage=0.1


Tree=719
num_leaves=9
num_cat=3
split_feature=4 1 2 7 7 6 0 7
split_gain=0.00800727 0.0318756 0.112063 0.0306625 0.0289733 0.0312098 0.0248908 1.31727e-05
threshold=0 1 2 1.5000000000000002 2.5000000000000004 2.5000000000000004 1.5000000000000002 2.5000000000000004
decision_type=9 1 1 2 2 2 2 2
left_child=4 2 7 -4 5 6 -1 -2
right_child=1 -3 3 -5 -6 -7 -8 -9
leaf_value=0.0095056812606101951 -0.075553947119244194 0.0065931235985902271 0.0014270501449969645 -0.016641400684440193 0.016663594743512641 0.017513203006113972 -0.0049709050807698503 -0.077098661684579517
leaf_weight=1.4760081289568896 0.10028476554725785 2.5772065930068502 3.2361190741648898 1.3232698494430222 1.1833971596788622 0.90444673132151354 6.0804300361487549 0.12280870998438331
leaf_count=89 41 23 271 136 21 10 142 12
internal_value=0.000112222 -0.0023719 -0.00720301 -0.00381695 0.00200789 -4.196e-05 -0.00214318 -0.0764043
internal_weight=17.004 7.35969 4.78248 4.55939 9.64428 8.46088 7.55644 0.223093
internal_count=745 483 460 407 262 241 231 53
cat_boundaries=0 1 2 3
cat_threshold=2 1 2
is_linear=0
shrinkage=0.1


Tree=720
num_leaves=8
num_cat=4
split_feature=1 0 3 7 4 0 4
split_gain=0.00504912 0.014051 0.0218045 0.0131821 0.0227645 0.0157234 0.0108629
threshold=0 1.5000000000000002 1 1.5000000000000002 2 2.5000000000000004 3
decision_type=1 2 1 2 9 2 9
left_child=-1 2 6 5 -5 -3 -2
right_child=1 3 -4 4 -6 -7 -8
leaf_value=0.0054280415009847925 0.0050984556861008055 -0.0027021248667815452 0.01339441786992032 0.0076919519475449234 -0.010907823970569599 0.0042204770694786618 -0.0026060209554321892
leaf_weight=1.7284207733755466 3.2449256405234337 9.6524646768812108 1.6708934034104457 0.83886710569413481 3.0523977208995343 4.9705966214460195 4.1970139097757109
leaf_count=46 75 180 30 107 41 114 152
internal_value=0.000184729 -0.000143305 0.00307119 -0.00172549 -0.00689814 -0.000349029 0.000753379
internal_weight=29.3556 27.6272 9.11283 18.5143 3.89126 14.6231 7.44194
internal_count=745 699 257 442 148 294 227
cat_boundaries=0 1 2 3 4
cat_threshold=2 1 4 2
is_linear=0
shrinkage=0.1


Tree=721
num_leaves=9
num_cat=1
split_feature=1 7 6 0 7 7 0 6
split_gain=0.0077053 0.0145195 0.00914764 0.104218 0.29412 0.0347949 0.07828 0.0100187
threshold=0 1.5000000000000002 2.5000000000000004 2.5000000000000004 1.5000000000000002 1.5000000000000002 2.5000000000000004 1.5000000000000002
decision_type=1 2 2 2 2 2 2 2
left_child=2 -2 5 -4 -5 6 -1 -7
right_child=1 -3 3 4 -6 7 -8 -9
leaf_value=-5.0477596761636341e-05 0.0052673395690820005 -0.018512794434274053 -0.028021007643271308 0.068553035158098408 -0.015737294970342066 0.0025228728539016653 -0.028250260143693445 0.013187109083663957
leaf_weight=4.2909845414633292 0.44483709219639311 0.60726922191679478 0.64851594232459442 0.70512631538349513 1.0025608188370823 5.5353867002268089 1.2774183244000594 1.0476857902976915
leaf_count=345 26 20 44 29 18 155 85 23
internal_value=-0.000194941 -0.00845841 0.000404331 0.00610681 0.0190673 -0.000701394 -0.00651964 0.00422007
internal_weight=15.5598 1.05211 14.5077 2.3562 1.70769 12.1515 5.5684 6.58307
internal_count=745 46 699 91 47 608 430 178
cat_boundaries=0 1
cat_threshold=1
is_linear=0
shrinkage=0.1


Tree=722
num_leaves=12
num_cat=5
split_feature=3 6 2 7 7 1 0 5 0 1 6
split_gain=0.00644865 0.0217027 0.034408 0.102917 0.0198785 0.0694069 0.0165681 0.00541949 0.00536228 0.00434522 0.00225986
threshold=0 1.5000000000000002 1 2.5000000000000004 2.5000000000000004 2 1.5000000000000002 3 2.5000000000000004 4 2.5000000000000004
decision_type=1 2 1 2 2 1 2 1 2 1 2
left_child=4 2 3 -2 6 7 9 -6 -8 -1 -3
right_child=1 10 -4 -5 5 -7 8 -9 -10 -11 -12
leaf_value=0.0021310570100411142 -0.076561080124182987 0.0017576892391885782 -0.002526160851760861 0.0024799977752013947 0.041525395041206586 -0.010360493731783845 -0.0028224223821112326 0.022473523612312252 0.0011098569667126995 0.0069057175980392245 -0.0020234571560176348
leaf_weight=6.7099452599650302 0.27780460042413146 4.3372886665165424 1.4715929964440877 0.40473318062868202 0.45022139330103528 0.66351622343063354 12.513691390980968 0.22339186584576853 4.7973015761672277 2.6622548317536712 2.4869790114462376
leaf_count=219 44 27 34 12 51 2 209 10 97 11 29
internal_value=-5.0281e-05 -0.00238255 -0.0111334 -0.0296911 0.000697034 0.0125954 0.000100792 0.0352072 -0.00173269 0.00348734 0.00037972
internal_weight=36.9987 8.9784 2.15413 0.682538 28.0203 1.33713 26.6832 0.673613 17.311 9.3722 6.82427
internal_count=745 146 90 56 599 63 536 61 306 230 56
cat_boundaries=0 1 2 3 4 5
cat_threshold=1 1 1 2 1
is_linear=0
shrinkage=0.1


Tree=723
num_leaves=8
num_cat=1
split_feature=7 6 2 0 6 0 0
split_gain=0.00737842 0.0340899 0.00898645 0.0449697 0.0126128 0.0121982 0.00309383
threshold=2.5000000000000004 1.5000000000000002 0 2.5000000000000004 3.5000000000000004 1.5000000000000002 2.5000000000000004
decision_type=2 2 1 2 2 2 2
left_child=2 6 3 -1 5 -4 -2
right_child=1 -3 4 -5 -6 -7 -8
leaf_value=-0.018096613285001031 0.014309847202423545 -0.0063871482229151677 0.0018409738584092656 0.027966288477815515 0.0085022410906365024 -0.0046303409041481246 0.025609383992576725
leaf_weight=0.36024141700181644 0.60602512321929614 1.143212088635664 4.4944757066186858 0.51484017585607944 1.1682771498308291 8.2770118100020209 0.4037446390138939
leaf_count=34 27 35 242 41 24 314 28
internal_value=-3.11924e-05 0.00543893 -0.000826143 0.00900375 -0.00144322 -0.00235299 0.0188278
internal_weight=16.9678 2.15298 14.8148 0.875082 13.9398 12.7715 1.00977
internal_count=745 90 655 75 580 556 55
cat_boundaries=0 1
cat_threshold=2
is_linear=0
shrinkage=0.1


Tree=724
num_leaves=14
num_cat=7
split_feature=4 5 3 2 5 7 0 2 0 3 6 0 6
split_gain=0.00465009 0.160287 0.120868 0.291023 0.118846 0.0696131 0.0381617 0.173426 0.0805123 0.0255996 0.00996499 0.0832008 8.71342e-05
threshold=0 1 2 3 4 1.5000000000000002 1.5000000000000002 5 2.5000000000000004 6 1.5000000000000002 2.5000000000000004 1.5000000000000002
decision_type=9 1 1 1 1 2 2 1 2 1 2 2 2
left_child=1 2 12 -4 6 -6 7 -2 -8 -7 11 -3 -1
right_child=4 10 3 -5 5 9 8 -9 -10 -11 -12 -13 -14
leaf_value=-0.002476042188200852 0.061560323254344324 0.009673816195280906 0.024944095989633944 -0.0783139198481861 -0.0020715907157657309 -0.030346560006385581 -0.0059982640806237417 0.0006651343543728304 0.020272258917713785 -0.011512590632400269 0.012434079137739272 -0.015346134942758742 -0.0038222870146587193
leaf_weight=0.81408591494573568 0.66036282718414441 7.5533403599401918 0.41311935818521306 0.80444466519656999 4.0833502486348152 1.6775366077999934 3.4508345976937562 1.6028125584125521 1.7624211371876297 1.2665780504885333 2.4644999057054511 1.6128961452050132 1.1742463521622992
leaf_count=22 69 130 20 226 27 32 72 5 40 18 12 36 36
internal_value=8.73444e-05 0.00133206 -0.0184655 -0.0432785 -0.00118593 -0.0105227 0.00759018 0.0184335 0.00288289 -0.0222441 0.00678905 0.00527129 -0.00327109
internal_weight=29.3405 14.8366 3.2059 1.21756 14.5039 7.02746 7.47643 2.26318 5.21326 2.94411 11.6307 9.16624 1.98833
internal_count=745 482 304 246 263 77 186 74 112 50 178 166 58
cat_boundaries=0 1 2 3 4 5 6 7
cat_threshold=4 2 2 2 2 1 1
is_linear=0
shrinkage=0.1


Tree=725
num_leaves=9
num_cat=3
split_feature=2 7 7 1 0 6 7 1
split_gain=0.00668422 0.0401412 0.142156 0.0692877 0.0117642 0.0316727 0.0191458 2.59085e-05
threshold=0 4.5000000000000009 2.5000000000000004 1 1.5000000000000002 1.5000000000000002 2.5000000000000004 2
decision_type=1 2 2 1 2 2 2 1
left_child=1 2 3 -1 -2 6 -6 -4
right_child=4 -3 7 -5 5 -7 -8 -9
leaf_value=-0.00028821319612659706 0.0024969579390087112 0.037809971584463468 -0.076803884752339874 0.034298746242710614 -0.028183856539011527 -0.00016565602378910388 -0.0054119943378297328 -0.079064975268311896
leaf_weight=5.0895051338784487 3.7551385685801488 0.30473657906986762 0.14626923538889958 0.65358361099788265 0.77070119171548845 4.0277479083742946 0.70874280063435435 0.077541719190776348
leaf_count=555 13 16 56 25 37 31 9 3
internal_value=-0.000112039 0.00240885 0.000600874 0.0036479 -0.00181896 -0.00476182 -0.0172748 -0.0775873
internal_weight=15.534 6.27164 5.9669 5.74309 9.26233 5.50719 1.47944 0.223811
internal_count=745 655 639 580 90 77 46 59
cat_boundaries=0 1 2 3
cat_threshold=1 1 1
is_linear=0
shrinkage=0.1


Tree=726
num_leaves=12
num_cat=6
split_feature=3 6 0 7 1 0 6 5 1 2 2
split_gain=0.00532361 0.0173715 0.0308411 0.0171496 0.0631173 0.0144306 0.00723108 0.00479907 0.00399093 0.00307137 0.00231732
threshold=0 1.5000000000000002 2.5000000000000004 2.5000000000000004 1 1.5000000000000002 3.5000000000000004 2 3 4 5
decision_type=1 2 2 2 1 2 2 1 1 1 1
left_child=3 2 9 5 7 8 -7 -5 -1 -2 -3
right_child=1 10 -4 4 -6 6 -8 -9 -10 -11 -12
leaf_value=0.0019762024581683932 0.0093834963200288384 0.0027740623582488684 -0.020448476540615809 0.039561462861741385 -0.010036800492708813 -0.0021891396119174682 0.0054474421635999984 0.021477923454569357 0.0065508501647865165 -0.0022291878937793818 -0.0010637134763644659
leaf_weight=6.7189577369717934 0.47958161402493715 2.4736187563976273 1.2159432977568938 0.44394201210525353 0.66370826959609985 15.959239012066975 1.3444060292094935 0.21922250092029461 2.6628255564719439 0.43373665709077469 4.3230617940425873
leaf_count=219 13 35 44 51 2 283 23 10 11 33 21
internal_value=-9.45218e-06 -0.00213618 -0.010018 0.000668217 0.0117645 0.000116482 -0.00159582 0.0335836 0.00327462 0.00386861 0.000333026
internal_weight=36.9382 8.92594 2.12926 28.0123 1.32687 26.6854 17.3036 0.663165 9.38178 0.913318 6.79668
internal_count=745 146 90 599 63 536 306 61 230 46 56
cat_boundaries=0 1 2 3 4 5 6
cat_threshold=1 1 2 1 2 1
is_linear=0
shrinkage=0.1


Tree=727
num_leaves=11
num_cat=3
split_feature=7 5 1 0 2 7 0 7 7 6
split_gain=0.00640477 0.031827 0.0611533 0.0698277 0.00782261 0.0431451 0.012453 0.113282 0.0122627 0.00722362
threshold=2.5000000000000004 0 1 1.5000000000000002 2 1.5000000000000002 2.5000000000000004 1.5000000000000002 1.5000000000000002 2.5000000000000004
decision_type=2 1 1 2 1 2 2 2 2 2
left_child=4 2 3 -2 5 9 8 -8 -6 -1
right_child=1 -3 -4 -5 6 -7 7 -9 -10 -11
leaf_value=0.0016672232173991905 0.018608824465507032 0.016292413912561716 0.023236442327175682 -0.052820416734002201 0.0022566437432910724 0.0430302051212181 -0.075529679613215134 0.0026250662343479786 -0.0040690946926230289 -0.02140670215288527
leaf_weight=0.41424290728900814 0.20992287241097052 1.1610125915613019 0.38051201775670074 0.39322183768399555 7.3661096602736489 0.2548724650114309 0.22317020551054212 1.0975806865196773 5.2477470316880499 0.2017629461188335
leaf_count=49 11 19 3 57 362 16 94 26 98 10
internal_value=-2.79146e-05 0.00507944 -0.00815526 -0.0279597 -0.000767748 0.00842686 -0.00134239 -0.0105809 -0.000375055 -0.00589028
internal_weight=16.9502 2.14467 0.983657 0.603145 14.8055 0.870878 13.9346 1.32075 12.6139 0.616006
internal_count=745 90 71 68 655 75 580 120 460 59
cat_boundaries=0 1 2 3
cat_threshold=2 1 2
is_linear=0
shrinkage=0.1


Tree=728
num_leaves=8
num_cat=3
split_feature=1 0 3 7 7 4 0
split_gain=0.00756671 0.0145838 0.0192975 0.00955122 0.00839159 0.0195177 0.0130728
threshold=0 1.5000000000000002 1 1.5000000000000002 1.5000000000000002 2 2.5000000000000004
decision_type=1 2 1 2 2 9 2
left_child=-1 2 3 -2 6 -6 -3
right_child=1 4 -4 -5 5 -7 -8
leaf_value=0.0065147315522379144 -0.00081006361356718542 -0.0029941895586044634 0.012666833006329021 0.0090383371027309665 0.0074451867969271626 -0.0098083427887483421 0.0033385180506186139
leaf_weight=1.7147944209064008 6.1859570815868263 9.6043768181116338 1.669375704746926 1.1711980485197271 0.83619347935655242 3.0366562146809879 4.9346287208736603
leaf_count=46 170 180 30 57 107 41 114
internal_value=7.03136e-05 -0.000332438 0.0029602 0.00075772 -0.00194668 -0.0060831 -0.000844829
internal_weight=29.1532 27.4384 9.02653 7.35716 18.4119 3.87285 14.539
internal_count=745 699 257 227 442 148 294
cat_boundaries=0 1 2 3
cat_threshold=2 1 4
is_linear=0
shrinkage=0.1


Tree=729
num_leaves=9
num_cat=6
split_feature=1 4 0 5 5 6 5 5
split_gain=0.00912808 0.00816003 0.0271883 0.320271 0.256346 0.0168968 0.0960837 0.0529131
threshold=0 1 2.5000000000000004 2 3 1.5000000000000002 4 5
decision_type=1 9 2 1 1 2 1 1
left_child=1 5 4 -4 -3 6 -1 -7
right_child=-2 2 3 -5 -6 7 -8 -9
leaf_value=0.0058980260061202898 -0.0091481557113908766 -0.078236137969125819 -0.078117329683618023 0.053601499157339118 0.0044641914294104301 0.0015584134074067514 -0.027106491401728862 0.027834299051317676
leaf_weight=3.4467785874003312 1.0338527785570466 0.441277909150812 0.26904755734176433 0.58808645549288474 2.4883605798895596 5.1326336152669683 1.1854368166041238 0.90090745827183116
leaf_count=123 46 33 36 28 143 166 158 12
internal_value=-7.08441e-05 0.000578496 -0.00340932 0.012256 -0.00799258 0.00199433 -0.00254821 0.00548184
internal_weight=15.4864 14.4525 3.78677 0.857134 2.92964 10.6658 4.63222 6.03354
internal_count=745 699 240 64 176 459 281 178
cat_boundaries=0 1 2 3 4 5 6
cat_threshold=1 4 2 1 2 2
is_linear=0
shrinkage=0.1


Tree=730
num_leaves=12
num_cat=6
split_feature=3 7 1 6 2 7 0 0 5 5 2
split_gain=0.00537973 0.0178484 0.0550513 0.0177913 0.0329717 0.0947812 0.012641 0.00673079 0.00458382 0.0031524 0.00197439
threshold=0 2.5000000000000004 1 1.5000000000000002 2 2.5000000000000004 1.5000000000000002 2.5000000000000004 3 4 5
decision_type=1 2 1 2 1 2 2 2 1 1 1
left_child=1 6 8 4 5 -2 9 -8 -3 -1 -5
right_child=3 2 -4 10 -6 -7 7 -9 -10 -11 -12
leaf_value=0.0008841152974284703 -0.076423727979100561 0.03863392422308945 -0.0081957389501684744 0.0026224422495422449 -0.001793656863148737 0.0017903098986648226 -0.0026865728929417105 0.0017308466862150228 0.020879622781338803 0.0046336379265117045 -0.00092163727499350279
leaf_weight=3.7766786931897514 0.25488095857872217 0.43420707157929428 0.66468822956085205 2.4710848919348791 1.4565194962196986 0.39512138341524405 12.471419759327548 4.7679871080763396 0.21864406997337826 5.518998492509132 4.319803848862648
leaf_count=147 44 51 2 35 34 12 209 97 10 83 21
internal_value=1.81491e-05 0.000701982 0.0120624 -0.00212254 -0.0101514 -0.0288792 0.000137906 -0.00146483 0.0326879 0.00311027 0.000367991
internal_weight=36.75 27.8526 1.31754 8.89741 2.10652 0.650002 26.5351 17.2394 0.652851 9.29568 6.79089
internal_count=745 599 63 146 90 56 536 306 61 230 56
cat_boundaries=0 1 2 3 4 5 6
cat_threshold=1 1 1 2 2 1
is_linear=0
shrinkage=0.1


Tree=731
num_leaves=8
num_cat=4
split_feature=6 0 3 1 2 1 0
split_gain=0.00570621 0.00864554 0.0126345 0.156837 0.0120793 0.0574685 0.0164156
threshold=3.5000000000000004 1.5000000000000002 0 1 2 3 2.5000000000000004
decision_type=2 2 1 1 1 1 2
left_child=1 2 3 -1 5 -3 -6
right_child=-2 4 -4 -5 6 -7 -8
leaf_value=-0.075200255016064699 0.0063907131331303177 0.00054265116359122423 0.0098626026801033675 0.0060929383351090109 0.020241234375250959 -0.018571146469670351 -0.0024421897090394214
leaf_weight=0.2597444869497878 1.2555808422002872 7.6543678608707086 1.6988678793713914 2.7493319287896156 0.53888421351439031 1.979912388138471 0.78200625835052051
leaf_count=227 38 353 28 11 24 17 47
internal_value=-9.57369e-05 -0.000615701 0.00296816 -0.000924317 -0.00215585 -0.00338537 0.00681198
internal_weight=16.9187 15.6631 4.70794 3.00908 10.9552 9.63428 1.32089
internal_count=745 707 266 238 441 370 71
cat_boundaries=0 1 2 3 4
cat_threshold=1 1 1 1
is_linear=0
shrinkage=0.1


Tree=732
num_leaves=8
num_cat=4
split_feature=1 0 3 4 7 4 0
split_gain=0.00583316 0.0134495 0.0180391 0.00890178 0.00825872 0.0173082 0.0119476
threshold=0 1.5000000000000002 1 2 1.5000000000000002 3 2.5000000000000004
decision_type=1 2 1 9 2 9 2
left_child=-1 2 3 -2 6 -6 -3
right_child=1 4 -4 -5 5 -7 -8
leaf_value=0.0057195497455077432 0.0046986452672005069 -0.0028091745638664351 0.012251347347781957 -0.0023165274640209901 0.0067554332038963945 -0.0094877269411095411 0.0032459169060708583
leaf_weight=1.711789103661431 3.2018740428611636 9.6149523077765497 1.6687030352768486 4.1576018177365821 0.83796225526066337 3.0211747832163378 4.9292782429456556
leaf_count=46 75 180 30 152 107 41 114
internal_value=5.60835e-05 -0.000297329 0.00286405 0.000735551 -0.00184821 -0.00596073 -0.000757005
internal_weight=29.1433 27.4315 9.02818 7.35948 18.4034 3.85914 14.5442
internal_count=745 699 257 227 442 148 294
cat_boundaries=0 1 2 3 4
cat_threshold=2 1 2 4
is_linear=0
shrinkage=0.1


Tree=733
num_leaves=8
num_cat=3
split_feature=1 4 0 5 7 0 6
split_gain=0.0079841 0.00774666 0.0229895 0.236582 0.0158423 0.0275045 0.00102807
threshold=0 1 2.5000000000000004 2 2.5000000000000004 2.5000000000000004 1.5000000000000002
decision_type=1 9 2 1 2 2 2
left_child=1 4 3 -3 5 -1 -6
right_child=-2 2 -4 -5 6 -7 -8
leaf_value=0.0048734490042553428 -0.0086064007008836985 -0.077988888403871692 0.011025156928165565 0.0039422267656701376 0.012475963048080145 -0.0064693316312116724 0.0078384684389033836
leaf_weight=5.064395666937342 1.029104735898726 0.41043750135577206 0.85441748786615779 2.4940950395321133 0.94547726205928551 3.6993682603988418 0.96687618774012662
leaf_count=300 46 33 64 143 48 93 18
internal_value=-9.64083e-05 0.000510286 -0.00339382 -0.0076354 0.00188488 8.54238e-05 0.0101313
internal_weight=15.4642 14.4351 3.75895 2.90453 10.6761 8.76376 1.91235
internal_count=745 699 240 176 459 393 66
cat_boundaries=0 1 2 3
cat_threshold=1 4 1
is_linear=0
shrinkage=0.1


Tree=734
num_leaves=12
num_cat=5
split_feature=3 6 2 7 7 1 0 0 5 1 7
split_gain=0.00389732 0.0145282 0.0304836 0.0906482 0.0140686 0.0520931 0.0110762 0.00751857 0.00406416 0.00378627 0.00176283
threshold=0 1.5000000000000002 1 2.5000000000000004 2.5000000000000004 2 1.5000000000000002 2.5000000000000004 3 4 1.5000000000000002
decision_type=1 2 1 2 2 1 2 2 1 1 2
left_child=4 2 3 -2 6 8 9 -8 -6 -1 -3
right_child=1 10 -4 -5 5 -7 7 -9 -10 -11 -12
leaf_value=0.0016308059129469862 -0.076320944603405508 -0.00085583659715858507 -0.0011075189555074612 0.001937986548387109 0.036650308358030591 -0.0089171607348576334 -0.0026626771015689429 0.0020071483719253042 0.019891823038643182 0.0060950679601582698 0.0024341882426545071
leaf_weight=6.6224044556729549 0.23691357585266637 4.0626468203263357 1.4516756990342403 0.39442387867165962 0.42680980954901315 0.66432714462280273 12.477631042012947 4.764124808862106 0.21894452208652981 2.6640827468363568 2.7182520311325788
leaf_count=219 44 35 34 12 51 2 209 97 10 11 21
internal_value=4.53642e-05 -0.00178082 -0.00908532 -0.0274292 0.000626835 0.0107428 0.000127262 -0.00137234 0.0309683 0.0029115 0.000463032
internal_weight=36.7022 8.86391 2.08301 0.631337 27.8383 1.31008 26.5282 17.2418 0.645754 9.28649 6.7809
internal_count=745 146 90 56 599 63 536 306 61 230 56
cat_boundaries=0 1 2 3 4 5
cat_threshold=1 1 1 2 1
is_linear=0
shrinkage=0.1


Tree=735
num_leaves=8
num_cat=1
split_feature=7 6 0 2 0 7 0
split_gain=0.00640669 0.0364313 0.00757479 0.0287725 0.0969649 0.0154404 0.00437723
threshold=2.5000000000000004 1.5000000000000002 3.5000000000000004 0 2.5000000000000004 1.5000000000000002 2.5000000000000004
decision_type=2 2 2 1 2 2 2
left_child=2 6 3 5 -5 -1 -2
right_child=1 -3 -4 4 -6 -7 -8
leaf_value=0.0016804827454328652 0.013749721470276531 -0.0071249493822682104 -0.0082350189371046007 -0.019579161569859994 0.052102876268846722 -0.0053672273582166018 0.027415245188469814
leaf_weight=7.4136826410649537 0.588318136557063 1.1378687991891636 1.2675204385450332 0.3527225613797772 0.40583457605680451 5.3532075565944979 0.38962713727960363
leaf_count=417 27 35 60 34 29 115 28
internal_value=-0.00010696 0.00503999 -0.000843119 -0.000150396 0.0187713 -0.00127465 0.0191943
internal_weight=16.9088 2.11581 14.793 13.5254 0.758557 12.7669 0.977945
internal_count=745 90 655 595 63 532 55
cat_boundaries=0 1
cat_threshold=1
is_linear=0
shrinkage=0.1


Tree=736
num_leaves=8
num_cat=3
split_feature=1 0 3 7 3 6 6
split_gain=0.0046422 0.0126229 0.0144013 0.00894902 0.00833683 0.0477954 0.017994
threshold=0 1.5000000000000002 1 1.5000000000000002 2 1.5000000000000002 1.5000000000000002
decision_type=1 2 1 2 1 2 2
left_child=-1 2 3 -2 5 -3 -6
right_child=1 4 -4 -5 6 -7 -8
leaf_value=0.00509231281354238 -0.00062603366547233578 0.0058450868826336088 0.011178914278268491 0.0089207037288570983 -0.0029823751389787914 -0.021188721292936835 0.0045927013130952722
leaf_weight=1.7112161186450976 6.19907233404229 1.3764132442302073 1.6670022292819338 1.1666925644094588 11.468556329189598 1.2460334319457613 4.3159501926602379
leaf_count=46 170 52 30 57 231 39 120
internal_value=3.90364e-05 -0.0002761 0.00278565 0.000886112 -0.00177858 -0.0069998 -0.000911126
internal_weight=29.1509 27.4397 9.03277 7.36576 18.407 2.62245 15.7845
internal_count=745 699 257 227 442 91 351
cat_boundaries=0 1 2 3
cat_threshold=2 1 2
is_linear=0
shrinkage=0.1


Tree=737
num_leaves=7
num_cat=1
split_feature=1 6 0 0 6 6
split_gain=0.00662696 0.00823801 0.09247 0.0293625 0.0994135 0.0889787
threshold=0 2.5000000000000004 2.5000000000000004 2.5000000000000004 1.5000000000000002 1.5000000000000002
decision_type=1 2 2 2 2 2
left_child=1 3 -3 4 -1 -5
right_child=-2 2 -4 5 -6 -7
leaf_value=-0.0034683931649651953 -0.0077878364152694354 -0.026050800944661917 0.018362377794644287 0.0062865670022803945 0.022198477922091911 -0.023118929742075273
leaf_weight=5.9394366489996155 1.0205531528335985 0.6497769697889465 1.6830273277437298 2.2220749735442951 2.0230271364052896 1.9166012526038683
leaf_count=369 46 44 47 110 96 33
internal_value=-2.23406e-07 0.0005504 0.00599158 -0.000498525 0.0030528 -0.00733098
internal_weight=15.4545 14.4339 2.3328 12.1011 7.96246 4.13868
internal_count=745 699 91 608 465 143
cat_boundaries=0 1
cat_threshold=1
is_linear=0
shrinkage=0.1


Tree=738
num_leaves=13
num_cat=5
split_feature=5 4 7 0 4 7 6 7 1 2 6 7
split_gain=0.00368614 0.124851 0.250648 0.211351 0.0605741 0.143431 0.100527 0.0615907 0.0562316 0.0489474 0.0354496 0.00385836
threshold=0 1 1.5000000000000002 1.5000000000000002 2 1.5000000000000002 1.5000000000000002 1.5000000000000002 3 4 3.5000000000000004 1.5000000000000002
decision_type=1 9 2 2 9 2 2 2 1 1 2 2
left_child=1 2 3 -1 5 6 -2 -6 -9 10 -3 -11
right_child=4 9 -4 -5 7 -7 -8 8 -10 11 -12 -13
leaf_value=-0.077650709836001489 0.0036851598311783622 0.015847290566444516 -0.065541814603766416 0.010039130822425675 -0.0034889558718849811 -0.0416195072037297 -0.023501530456012013 0.02130601642027918 0.00080068740436997328 0.0026318155213958163 -0.0032389354541686672 -0.0019022370119012339
leaf_weight=0.31416617320428564 6.1158536431612447 4.8339989002342918 0.78918450325727452 2.1966772309388034 5.2995825782418251 1.0555109381675718 1.7490649372339246 2.8565469963941723 2.5146384239196777 3.2237898912280816 1.2184099768055601 4.4920940101146698
leaf_count=70 162 232 12 103 27 4 12 38 12 20 23 30
internal_value=1.14339e-05 0.00108574 -0.0163838 -0.000932952 -0.000924527 -0.00700613 -0.00236084 0.0041595 0.011706 0.0052729 0.012005 -7.85486e-06
internal_weight=36.6595 17.0683 3.30003 2.51084 19.5912 8.92043 7.86492 10.6708 5.37119 13.7683 6.05241 7.71588
internal_count=745 490 185 173 255 178 174 77 50 305 255 50
cat_boundaries=0 1 2 3 4 5
cat_threshold=2 2 4 1 1
is_linear=0
shrinkage=0.1


Tree=739
num_leaves=8
num_cat=1
split_feature=7 6 0 2 0 7 0
split_gain=0.00575728 0.0332903 0.00747622 0.0245053 0.0843422 0.0133058 0.00425059
threshold=2.5000000000000004 1.5000000000000002 3.5000000000000004 0 2.5000000000000004 1.5000000000000002 2.5000000000000004
decision_type=2 2 2 1 2 2 2
left_child=2 6 3 5 -5 -1 -2
right_child=1 -3 -4 4 -6 -7 -8
leaf_value=0.0016070856179111487 0.013008958214516995 -0.0068424792857585326 -0.0081398864800641957 -0.018209344452277541 0.049023152409704479 -0.0049349769316944037 0.026520186203563192
leaf_weight=7.4255325023077621 0.58656118875660412 1.1341260522422087 1.2651184108544828 0.35153646644903247 0.39765931002330035 5.3480687518447212 0.3861115729669109
leaf_count=417 27 35 60 34 29 115 28
internal_value=-9.19648e-05 0.00479878 -0.000788738 -0.000101005 0.0174764 -0.00113195 0.0183724
internal_weight=16.8947 2.1068 14.7879 13.5228 0.749196 12.7736 0.972673
internal_count=745 90 655 595 63 532 55
cat_boundaries=0 1
cat_threshold=1
is_linear=0
shrinkage=0.1


Tree=740
num_leaves=9
num_cat=5
split_feature=0 5 0 5 4 5 7 4
split_gain=0.00545763 0.037018 0.00876872 0.224261 0.223164 0.0165665 0.115754 0.0911741
threshold=3.5000000000000004 0 2.5000000000000004 1 2 3 1.5000000000000002 4
decision_type=2 1 2 1 9 1 2 9
left_child=2 -2 5 4 -4 7 -7 -1
right_child=1 -3 3 -5 -6 6 -8 -9
leaf_value=-0.019507156711860766 0.010094185352713649 -0.010904783825401533 -0.0095088959736310298 -0.021996722011012035 0.079066717967781655 -0.0019176618943779963 0.022972391660460612 0.0034824909370280497
leaf_weight=2.4757966016113642 2.6115813433425492 1.2371881873477835 0.61524737510308114 2.5034907533918149 0.52902208315208554 11.242357605951844 2.2408971214335915 5.6890604542277288
leaf_count=209 35 38 74 39 23 153 28 146
internal_value=-0.000164157 0.00334406 -0.000697932 -0.00523359 0.0314416 6.63372e-05 0.00221903 -0.00348857
internal_weight=29.1446 3.84877 25.2959 3.64776 1.14427 21.6481 13.4833 8.16486
internal_count=745 73 672 136 97 536 181 355
cat_boundaries=0 1 2 3 4 5
cat_threshold=1 2 4 2 4
is_linear=0
shrinkage=0.1


Tree=741
num_leaves=8
num_cat=2
split_feature=1 7 6 0 3 6 0
split_gain=0.00532089 0.00793268 0.014272 0.0813981 0.0613054 0.000181005 0.193218
threshold=0 2.5000000000000004 2.5000000000000004 2.5000000000000004 1 1.5000000000000002 2.5000000000000004
decision_type=1 2 2 2 1 2 2
left_child=1 2 4 -4 -1 6 -3
right_child=-2 5 3 -5 -6 -7 -8
leaf_value=0.001870018002213748 -0.0068846819847637741 -0.046243245810796307 -0.023391178304666801 0.018586939653151443 -0.017812439697519222 0.005494118116360385 0.043176724560737796
leaf_weight=8.1674201291771169 1.0141000731964585 0.40284007334412419 0.64222568224067744 1.6453191480723033 1.9627875188980368 0.99554806324158551 0.60389377560932189
leaf_count=457 46 26 42 40 76 31 27
internal_value=0.000116861 0.00060925 -0.000332571 0.00680163 -0.00194357 0.00645023 0.00739572
internal_weight=15.4341 14.42 12.4178 2.28754 10.1302 2.00228 1.00673
internal_count=745 699 615 82 533 84 53
cat_boundaries=0 1 2
cat_threshold=1 1
is_linear=0
shrinkage=0.1


Tree=742
num_leaves=10
num_cat=3
split_feature=6 1 7 0 2 0 4 7 6
split_gain=0.00403476 0.0385945 0.01795 0.293001 0.0704429 0.0158753 0.20543 0.198 0.0108532
threshold=1.5000000000000002 0 1.5000000000000002 2.5000000000000004 1 2.5000000000000004 2 2.5000000000000004 2.5000000000000004
decision_type=2 1 2 2 1 2 9 2 2
left_child=1 -1 4 -4 -2 7 -7 -3 -6
right_child=2 5 3 -5 8 6 -8 -9 -10
leaf_value=-0.014846584877092069 0.012332023921468418 -0.00068016069247874445 -0.020200930930884556 0.030742512580642617 -0.0037308257650586368 -0.031986871137140896 0.01075524935032866 0.054786868658516542 -0.013553125682215611
leaf_weight=1.8258595995721407 3.0742295067757368 11.957233655146414 2.1540757076145374 2.3724357163591776 8.2746818345040101 1.741779105970636 3.1728467458597143 0.68017779206275086 1.3019397375755932
leaf_count=26 20 343 31 33 105 43 67 26 51
internal_value=-2.05194e-05 -0.00100966 0.00109534 0.00649955 -0.000838305 0.000429732 -0.00439287 0.00230522 -0.00506617
internal_weight=36.5553 19.3779 17.1774 4.52651 12.6509 17.552 4.91463 12.6374 9.57662
internal_count=745 505 240 64 176 479 110 369 156
cat_boundaries=0 1 2 3
cat_threshold=2 2 2
is_linear=0
shrinkage=0.1


Tree=743
num_leaves=9
num_cat=3
split_feature=4 7 6 0 1 2 7 7
split_gain=0.00655649 0.0250353 0.0313348 0.0294508 0.0239202 0.113214 0.0223723 1.00853e-05
threshold=0 2.5000000000000004 2.5000000000000004 1.5000000000000002 1 2 1.5000000000000002 2.5000000000000004
decision_type=9 2 2 2 1 1 2 2
left_child=1 2 3 -1 5 7 -7 -2
right_child=4 -3 -4 -5 -6 6 -8 -9
leaf_value=0.010725571465503944 -0.075648530072344733 0.015722016876004812 0.017705789844313331 -0.00510951378871755 0.0058368615386895431 0.0016412530344278942 -0.013908637809787306 -0.07700488781709211
leaf_weight=1.4550376593542731 0.10573458419094095 1.1582815698347992 0.89776808023452748 6.0919240764924325 2.5141003560274848 3.2222800380550325 1.2979332587767656 0.11384600625569874
leaf_count=89 41 21 10 142 23 271 136 12
internal_value=0.000221318 0.00193539 4.44103e-05 -0.00205654 -0.00204784 -0.00623008 -0.00282374 -0.0763518
internal_weight=16.8569 9.60301 8.44473 7.54696 7.25389 4.73979 4.52021 0.219581
internal_count=745 262 241 231 483 460 407 53
cat_boundaries=0 1 2 3
cat_threshold=2 1 2
is_linear=0
shrinkage=0.1


Tree=744
num_leaves=13
num_cat=6
split_feature=4 5 5 3 2 7 0 3 0 0 6 7
split_gain=0.00856852 0.138482 0.101354 0.0986236 0.278599 0.0690599 0.0351067 0.0251166 0.0185338 0.0145748 0.0693277 0.00040102
threshold=0 1 2 3 4 1.5000000000000002 3.5000000000000004 5 1.5000000000000002 2.5000000000000004 1.5000000000000002 1.5000000000000002
decision_type=9 1 1 1 1 2 2 1 2 2 2 2
left_child=1 3 6 11 -5 -4 8 -7 -2 10 -3 -1
right_child=2 9 5 4 -6 7 -8 -9 -10 -11 -12 -13
leaf_value=-0.0026680423835576264 0.016542144108399225 0.0089084869315057442 -0.0022994333786054248 0.024974339461590493 -0.07796552152781519 -0.030612051061124319 -0.0097039687559408675 -0.011840601340486633 0.0050866812108372817 0.013600250332955892 -0.012712699091204075 -0.0055511007779141183
leaf_weight=1.1607957012129189 2.1952753250370733 7.5328400464495626 4.0822409968823195 0.41163833398604766 0.72768687551797484 1.6445503618888324 1.1730545423924921 1.2580835695935093 3.9600816580932587 2.2584262975724405 1.8465635329484937 0.82559753612895304
leaf_count=26 74 130 27 20 226 32 17 18 95 40 8 32
internal_value=-0.000321183 0.00136908 -0.00206461 -0.0173189 -0.0407733 -0.010684 0.00615071 -0.022476 0.00917221 0.00638835 0.00465183 -0.00386632
internal_weight=29.0768 14.7635 14.3133 3.12572 1.13933 6.98487 7.32841 2.90263 6.15536 11.6378 9.3794 1.98639
internal_count=745 482 263 304 246 77 186 50 169 178 138 58
cat_boundaries=0 1 2 3 4 5 6
cat_threshold=4 2 2 2 2 1
is_linear=0
shrinkage=0.1


Tree=745
num_leaves=11
num_cat=4
split_feature=3 0 7 7 0 4 6 4 5 0
split_gain=0.00511874 0.0490119 0.236924 0.116057 0.0333722 0.217684 0.08377 0.0520631 0.247244 0.0117689
threshold=0 2.5000000000000004 1.5000000000000002 1.5000000000000002 2.5000000000000004 1 4.5000000000000009 2 3 1.5000000000000002
decision_type=1 2 2 2 2 9 2 9 1 2
left_child=4 2 -2 -3 7 -6 -7 9 -9 -1
right_child=1 3 -4 -5 5 6 -8 8 -10 -11
leaf_value=0.00388269681066301 -0.058834800175266128 0.028667673623539947 0.019834537722164151 -0.0037250833184629957 0.030239365284883558 -0.05669683326926226 0.011468910759091904 -0.077474142122644946 0.0039592446128142202 0.014362591264306375
leaf_weight=2.1680987700528931 0.65072894516924751 1.7110558920703622 0.92986064162687398 3.1280792816978646 0.69270138222782407 0.82835942426754605 0.23043535090982914 0.43851371578057297 2.4894477890265994 2.1187624434242025
leaf_count=158 49 47 16 34 36 83 9 39 126 148
internal_value=0.000579335 0.00273493 -0.0125536 0.00772858 -0.000964032 -0.0133461 -0.0418613 0.00204189 -0.00823684 0.00906234
internal_weight=15.386 6.41972 1.58059 4.83914 8.96632 1.7515 1.05879 7.21482 2.92796 4.28686
internal_count=745 146 65 81 599 128 92 471 165 306
cat_boundaries=0 1 2 3 4
cat_threshold=1 2 4 1
is_linear=0
shrinkage=0.1


Tree=746
num_leaves=12
num_cat=6
split_feature=3 7 1 6 2 7 0 6 4 5 2
split_gain=0.00935286 0.0154691 0.0452335 0.0129964 0.0316286 0.0773557 0.0123589 0.00989321 0.00433055 0.0031978 0.0023746
threshold=0 2.5000000000000004 1 1.5000000000000002 2 2.5000000000000004 1.5000000000000002 3.5000000000000004 3 4 5
decision_type=1 2 1 2 1 2 2 2 9 1 1
left_child=1 6 9 4 5 -2 8 -8 -1 -3 -5
right_child=3 2 -4 10 -6 -7 7 -9 -10 -11 -12
leaf_value=0.0064820581372064673 -0.076243991516926082 0.035861230660132297 -0.006583185154993787 0.0017770303878443712 -0.0016312536300928844 -0.0022646446024686883 -0.0018869577667427952 0.0070382292958371092 0.0018518996397846668 0.02074564291231603 -0.0021252256539873757
leaf_weight=2.9873416927875951 0.22029258593101808 0.41919746287749149 0.66538751125335693 2.4480119224172086 1.4222135833115319 0.3943809821648756 15.827983222930927 1.347691780887543 6.2381540642236413 0.21010888833552488 4.2960059568285942
leaf_count=78 44 51 2 35 34 12 283 23 152 10 21
internal_value=2.0772e-05 0.000922398 0.0115946 -0.00282305 -0.00982338 -0.0287781 0.000399042 -0.00118664 0.00335121 0.0308145 -0.000708745
internal_weight=36.4768 27.6959 1.29469 8.78091 2.03689 0.614674 26.4012 17.1757 9.2255 0.629306 6.74402
internal_count=745 599 63 146 90 56 536 306 230 61 56
cat_boundaries=0 1 2 3 4 5 6
cat_threshold=1 1 1 2 2 1
is_linear=0
shrinkage=0.1


Tree=747
num_leaves=9
num_cat=2
split_feature=4 1 0 0 7 7 6 0
split_gain=0.00694272 0.0212493 0.0567021 0.0479805 0.0355224 0.0201511 0.0231534 0.0233001
threshold=0 1 2.5000000000000004 3.5000000000000004 1.5000000000000002 2.5000000000000004 2.5000000000000004 1.5000000000000002
decision_type=9 1 2 2 2 2 2 2
left_child=5 2 4 -4 -2 6 7 -1
right_child=1 -3 3 -5 -6 -7 -8 -9
leaf_value=0.0095733942134142696 0.0023905144697075301 0.0050946399149065704 -0.076144380357607774 -0.002230277996835233 -0.017759280499329899 0.014102083456307968 0.015220801250526609 -0.0045038616523327187
leaf_weight=1.4591613700031283 3.1748312933123088 2.5052923541516074 0.20522494582587558 0.15352045077452203 1.2077264164017831 1.1602869930211461 0.8978893463499843 6.0539495003176853
leaf_count=89 223 23 93 34 110 21 10 142
internal_value=-1.97643e-05 -0.00235482 -0.0062911 -0.0445138 -0.00316228 0.00174815 4.3939e-05 -0.00176984
internal_weight=16.8179 7.2466 4.7413 0.358745 4.38256 9.57129 8.411 7.51311
internal_count=745 483 460 127 333 262 241 231
cat_boundaries=0 1 2
cat_threshold=2 1
is_linear=0
shrinkage=0.1


Tree=748
num_leaves=14
num_cat=7
split_feature=4 5 3 2 5 7 0 2 0 3 6 0 7
split_gain=0.00693082 0.123052 0.0891989 0.260252 0.0882065 0.0622513 0.0313801 0.152745 0.0569175 0.0210671 0.0117856 0.0698311 0.000758872
threshold=0 1 2 3 4 1.5000000000000002 1.5000000000000002 5 2.5000000000000004 6 1.5000000000000002 2.5000000000000004 1.5000000000000002
decision_type=9 1 1 1 1 2 2 1 2 1 2 2 2
left_child=1 2 12 -4 6 -6 7 -2 -8 -7 11 -3 -1
right_child=4 10 3 -5 5 9 8 -9 -10 -11 -12 -13 -14
leaf_value=-0.0023326320808695999 0.059465114331029224 0.0083563391138297815 0.023092037534717207 -0.077767402323846727 -0.0020201030162788104 -0.028784453966107584 -0.0058324839700138768 -0.0002047870300802148 0.016662379489859405 -0.011531495654415922 0.012078493141995928 -0.014455948019985712 -0.0062986475626608043
leaf_weight=1.1601281706134612 0.58628317917464301 7.4846887489547935 0.41154169614310376 0.67618959662104317 4.0802113730460405 1.6165781903637253 3.4551654064562172 1.5991239249706271 1.6677289269864557 1.2588984585581784 2.4500216990709296 1.6349996310891581 0.82593841090192666
leaf_count=26 69 130 20 226 27 32 72 5 40 18 12 36 32
internal_value=-0.000332392 0.00119583 -0.0165888 -0.0396074 -0.00190127 -0.00996188 0.00577043 0.015803 0.00149059 -0.021231 0.00592078 0.0042665 -0.00398196
internal_weight=28.9075 14.6435 3.0738 1.08773 14.264 6.95569 7.3083 2.18541 5.12289 2.87548 11.5697 9.11969 1.98607
internal_count=745 482 304 246 263 77 186 74 112 50 178 166 58
cat_boundaries=0 1 2 3 4 5 6 7
cat_threshold=4 2 2 2 2 1 1
is_linear=0
shrinkage=0.1


Tree=749
num_leaves=8
num_cat=2
split_feature=1 7 6 0 3 6 0
split_gain=0.00498239 0.00929321 0.0165776 0.0657739 0.0582148 0.000183586 0.172318
threshold=0 2.5000000000000004 2.5000000000000004 2.5000000000000004 1 1.5000000000000002 2.5000000000000004
decision_type=1 2 2 2 1 2 2
left_child=1 2 4 -4 -1 6 -3
right_child=-2 5 3 -5 -6 -7 -8
leaf_value=0.0020591144085860802 -0.0062586254250709102 -0.043054518343989712 -0.019390363239046526 0.018484021952141227 -0.017160324072257961 0.0065044039735599598 0.042429766633513027
leaf_weight=8.1417754375261246 0.986155414415406 0.39149150080629691 0.6385678743681632 1.6262687007783823 1.9542688665605901 0.984997886189376 0.59297596028773114
leaf_count=457 46 26 42 40 76 31 27
internal_value=0.000616726 0.00108986 7.33672e-05 0.00780539 -0.00166115 0.00746963 0.00843538
internal_weight=15.3165 14.3303 12.3609 2.26484 10.096 1.96947 0.984467
internal_count=745 699 615 82 533 84 53
cat_boundaries=0 1 2
cat_threshold=1 1
is_linear=0
shrinkage=0.1


Tree=750
num_leaves=10
num_cat=4
split_feature=3 6 7 6 2 0 7 4 2
split_gain=0.00733076 0.0152894 0.030459 0.0122322 0.0294953 0.012066 0.0146235 0.0100954 0.0016833
threshold=0 2.5000000000000004 1.5000000000000002 1.5000000000000002 1 1.5000000000000002 1.5000000000000002 2 3
decision_type=1 2 2 2 1 2 2 9 1
left_child=1 5 -3 4 -2 7 -7 -1 -5
right_child=3 2 -4 8 -6 6 -8 -9 -10
leaf_value=0.0077546298175511751 -0.027902787219009885 -0.0020102296896001514 0.021552245120403123 0.0016691370493934804 -0.0014627065224690793 0.00069028516421466228 -0.0056339256610697698 0.00070760915479775068 -0.0016235487903592625
leaf_weight=3.04409986641258 0.59948318332680905 1.1931084678653854 1.0156403983419293 2.4427107747178525 1.4244403397315184 10.590222943341361 5.5842186820736961 6.1196899673959759 4.2607991062104702
leaf_count=80 56 44 25 35 34 203 96 151 21
internal_value=4.48013e-05 0.000844968 0.00882441 -0.00248082 -0.00929422 0.000149395 -0.00149315 0.00304854 -0.000423718
internal_weight=36.2744 27.547 2.20875 8.72743 2.02392 25.3382 16.1744 9.16379 6.70351
internal_count=745 599 69 146 90 530 299 231 56
cat_boundaries=0 1 2 3 4
cat_threshold=1 1 2 1
is_linear=0
shrinkage=0.1


Tree=751
num_leaves=8
num_cat=1
split_feature=7 6 0 0 2 0 7
split_gain=0.00600695 0.0451041 0.00532183 0.00503189 0.0247403 0.0843926 0.0108091
threshold=2.5000000000000004 1.5000000000000002 2.5000000000000004 3.5000000000000004 0 2.5000000000000004 1.5000000000000002
decision_type=2 2 2 2 1 2 2
left_child=3 2 -2 4 6 -6 -1
right_child=1 -3 -4 -5 5 -7 -8
leaf_value=0.0012096663609164598 0.015108960661195818 -0.0085045874260856 0.030511954045120609 -0.0068701019288514064 -0.017874891688197187 0.050535267627841163 -0.0046965083021499963
leaf_weight=7.4239604885988246 0.57885376171907355 1.133653491967834 0.36622752886614762 1.2489040475193167 0.34613091794744733 0.37645361744216643 5.3186497292281274
leaf_count=417 27 35 28 60 34 29 115
internal_value=-8.70962e-05 0.00494481 0.0210778 -0.000797978 -0.000234786 0.0177656 -0.00125552
internal_weight=16.7928 2.07873 0.945081 14.7141 13.4652 0.722585 12.7426
internal_count=745 90 55 655 595 63 532
cat_boundaries=0 1
cat_threshold=1
is_linear=0
shrinkage=0.1


Tree=752
num_leaves=8
num_cat=4
split_feature=1 0 3 7 4 5 7
split_gain=0.00734884 0.0126302 0.0162143 0.0119264 0.0154836 0.0107199 0.0095486
threshold=0 1.5000000000000002 1 1.5000000000000002 2 3 1.5000000000000002
decision_type=1 2 1 2 9 1 2
left_child=-1 2 6 5 -5 -3 -2
right_child=1 3 -4 4 -6 -7 -8
leaf_value=0.0061130444893240342 -0.0011965824481321753 -0.0050406263571388605 0.011270155650393838 0.0048704222610973791 -0.010604595875840223 0.00089280836054203203 0.0090204816350401128
leaf_weight=1.68345991512615 6.0943045938911435 4.3570515693281777 1.6729121087118981 0.82846041544553373 2.9447342434777961 10.111142966779882 1.0762579372603793
leaf_count=46 170 184 30 107 41 110 57
internal_value=-0.000297781 -0.000696245 0.00240516 -0.00219982 -0.00720683 -0.000894027 0.000336937
internal_weight=28.7683 27.0849 8.84347 18.2414 3.77319 14.4682 7.17056
internal_count=745 699 257 442 148 294 227
cat_boundaries=0 1 2 3 4
cat_threshold=2 1 4 2
is_linear=0
shrinkage=0.1


Tree=753
num_leaves=8
num_cat=2
split_feature=1 7 6 0 3 0 6
split_gain=0.00423378 0.00796684 0.0142614 0.0565053 0.0508349 0.0008735 0.126136
threshold=0 2.5000000000000004 2.5000000000000004 2.5000000000000004 1 2.5000000000000004 1.5000000000000002
decision_type=1 2 2 2 1 2 2
left_child=1 2 4 -4 -1 -3 -7
right_child=-2 5 3 -5 -6 6 -8
leaf_value=0.0019741668200039231 -0.0057555403146003865 0.010002242175503134 -0.017885185373905165 0.01726988458140355 -0.015973868299407595 0.040198932567703745 -0.022070134794627615
leaf_weight=8.143562740596284 0.97978403236265776 0.63870570463041154 0.63821690185432034 1.6120584314039659 1.9573819338975162 0.58372665358183418 0.73482316885929322
leaf_count=457 46 39 42 40 76 27 18
internal_value=0.000603867 0.00103933 0.000100008 0.0072993 -0.00150384 0.00696691 0.0054966
internal_weight=15.2883 14.3085 12.3512 2.25028 10.1009 1.95726 1.31855
internal_count=745 699 615 82 533 84 45
cat_boundaries=0 1 2
cat_threshold=1 1
is_linear=0
shrinkage=0.1


Tree=754
num_leaves=11
num_cat=4
split_feature=3 7 1 6 2 6 7 7 7 5
split_gain=0.00661562 0.0154599 0.0396005 0.0109118 0.0246169 0.00915337 0.0172945 0.0142245 0.00223504 0.00217976
threshold=0 2.5000000000000004 1 1.5000000000000002 2 2.5000000000000004 1.5000000000000002 1.5000000000000002 1.5000000000000002 3
decision_type=1 2 1 2 1 2 2 2 2 1
left_child=1 5 9 4 -2 7 -7 -1 -5 -3
right_child=3 2 -4 8 -6 6 -8 -9 -10 -11
leaf_value=0.0014045644600036325 -0.025922556081298523 0.033805792047426883 -0.005427330525506863 -0.0018895231775851694 -0.0016188422955952968 -0.001445900615575638 0.01661911797405928 -0.0038339346016891974 0.0018388994274889615 0.021233411345560244
leaf_weight=16.423242182412661 0.59180711012959186 0.41706849412003066 0.66579616069793701 3.9973548494745046 1.4090307820588353 1.1948802817496464 0.95230446496861976 7.5740111907944074 2.6896272599697113 0.20602511265315004
leaf_count=375 56 51 2 35 34 44 18 99 21 10
internal_value=7.63868e-05 0.000837976 0.0115297 -0.00232847 -0.00880739 0.000310889 0.00656617 -0.00024881 -0.000389883 0.0296488
internal_weight=36.1211 27.4333 1.28889 8.68782 2.00084 26.1444 2.14718 23.9973 6.68698 0.623094
internal_count=745 599 63 146 90 536 62 474 56 61
cat_boundaries=0 1 2 3 4
cat_threshold=1 1 1 2
is_linear=0
shrinkage=0.1


Tree=755
num_leaves=10
num_cat=2
split_feature=4 2 6 6 7 0 7 0 6
split_gain=0.00672264 0.0191216 0.0212247 0.0185993 0.0234105 0.0243555 0.0140501 0.0865556 0.0152891
threshold=0 1 1.5000000000000002 2.5000000000000004 2.5000000000000004 1.5000000000000002 1.5000000000000002 1.5000000000000002 1.5000000000000002
decision_type=9 1 2 2 2 2 2 2 2
left_child=3 6 -3 4 5 -1 8 -8 -2
right_child=1 2 -4 -5 -6 -7 7 -9 -10
leaf_value=0.0096967676709506321 0.0081167560141660652 0.02586586152156772 -0.0016424899940997329 0.014748154668636802 0.013728789884269605 -0.0047135362146845435 -0.0010397138211010305 -0.053086994794847048 -0.0053631998585459591
leaf_weight=1.4541228981979637 1.1862997272983191 0.46167388530011588 0.71469697676911892 0.95839500729926008 1.0942286774516103 6.064030072389869 1.5519060598544454 0.40236286078538785 2.8941219060434378
leaf_count=89 149 34 33 19 12 142 53 85 129
internal_value=-0.000204069 -0.00250988 0.00915333 0.00153324 6.26658e-05 -0.00192637 -0.00478345 -0.0117557 -0.00144418
internal_weight=16.7818 7.21106 1.17637 9.57078 8.61238 7.51815 6.03469 1.95427 4.08042
internal_count=745 483 67 262 243 231 416 138 278
cat_boundaries=0 1 2
cat_threshold=2 1
is_linear=0
shrinkage=0.1


Tree=756
num_leaves=8
num_cat=4
split_feature=1 0 2 7 4 0 3
split_gain=0.00627473 0.0109876 0.0129192 0.0112938 0.0132862 0.0103723 0.0071252
threshold=0 1.5000000000000002 1 1.5000000000000002 2 2.5000000000000004 3
decision_type=1 2 1 2 9 2 1
left_child=-1 2 6 5 -5 -3 -2
right_child=1 3 -4 4 -6 -7 -8
leaf_value=0.0056482992832005245 0.0025853897474228398 -0.0026905999333734758 -0.0041791409624235788 0.0042509869985343941 -0.010068078242283375 0.0029645937416965962 0.01015497902674513
leaf_weight=1.6828277540189447 4.8653258919439448 9.581245945591947 2.3107234006747603 0.83081543868865992 2.9447655521435077 4.9028811953867253 1.670472835015971
leaf_count=46 214 180 13 107 41 114 30
internal_value=-0.000276839 -0.000644688 0.00224784 -0.00204607 -0.00691717 -0.000776315 0.00452009
internal_weight=28.7891 27.1062 8.84652 18.2597 3.77558 14.4841 6.5358
internal_count=745 699 257 442 148 294 244
cat_boundaries=0 1 2 3 4
cat_threshold=2 1 4 1
is_linear=0
shrinkage=0.1


Tree=757
num_leaves=12
num_cat=5
split_feature=3 0 7 2 7 0 4 6 4 5 6
split_gain=0.00522129 0.0350664 0.200651 0.17476 0.110754 0.031107 0.189056 0.0732343 0.04354 0.231665 0.0104335
threshold=0 2.5000000000000004 1.5000000000000002 1 1.5000000000000002 2.5000000000000004 2 4.5000000000000009 3 4 1.5000000000000002
decision_type=1 2 2 1 2 2 9 2 9 1 2
left_child=5 2 3 -2 -3 8 -7 -8 10 -10 -1
right_child=1 4 -4 -5 -6 6 7 -9 9 -11 -12
leaf_value=0.0044671368319320571 0.0095404762919767475 0.027610846990267973 0.019358130672405743 -0.097241182199903298 -0.0042648060513135371 0.026877308358418964 -0.054871825281122305 0.0097558189230278428 -0.077286708640967788 0.0038269400764757615 0.014661315048906077
leaf_weight=2.7383394810967729 0.25908805347717023 1.683605720770174 0.92730397591367364 0.37525461276527494 3.0917817731678952 0.70043205975161982 0.79428686773553614 0.225009486079216 0.4100067826511804 2.4933187667411407 1.5851516487455226
leaf_count=198 36 47 16 13 34 36 83 9 39 126 108
internal_value=0.000523175 0.00271932 -0.0102888 -0.0536278 0.00697324 -0.0010324 -0.0131201 -0.0406053 0.00184406 -0.00762791 0.0082047
internal_weight=15.2836 6.33703 1.56165 0.634343 4.77539 8.94655 1.71973 1.0193 7.22682 2.90333 4.32349
internal_count=745 146 65 49 81 599 128 92 471 165 306
cat_boundaries=0 1 2 3 4 5
cat_threshold=1 1 2 4 1
is_linear=0
shrinkage=0.1


Tree=758
num_leaves=11
num_cat=5
split_feature=3 7 1 0 6 2 0 4 5 7
split_gain=0.00626316 0.0161423 0.0347258 0.0100106 0.0093117 0.0250592 0.00926624 0.00386498 0.00219999 0.00216444
threshold=0 2.5000000000000004 1 1.5000000000000002 1.5000000000000002 2 2.5000000000000004 3 4 1.5000000000000002
decision_type=1 2 1 2 2 1 2 9 1 2
left_child=1 3 8 7 5 -2 -5 -1 -3 -6
right_child=4 2 -4 6 9 -7 -8 -9 -10 -11
leaf_value=0.005962562513322691 -0.0010155750666218969 0.033199386482660548 -0.0040116591281493018 -0.0025706404168725516 -0.0019456503536288317 -0.025694927832025899 0.002642578400800003 0.0015513308073234189 0.020499816096103601 0.0017265003843786588
leaf_weight=2.9338661492802203 1.3990093904430978 0.40881463431287557 0.666190505027771 12.363499302766288 3.9868907147319987 0.58284148278835135 4.7077837537071892 6.1492341364501097 0.20471634226851054 2.6868124892935157
leaf_count=78 34 51 2 209 35 56 97 152 10 21
internal_value=9.06843e-05 0.000830643 0.0117967 0.000294078 -0.00225464 -0.00827351 -0.00113298 0.00297617 0.0289619 -0.000467254
internal_weight=36.0897 27.4341 1.27972 26.1544 8.65555 1.98185 17.0713 9.0831 0.613531 6.6737
internal_count=745 599 63 536 146 90 306 230 61 56
cat_boundaries=0 1 2 3 4 5
cat_threshold=1 1 2 2 2
is_linear=0
shrinkage=0.1


Tree=759
num_leaves=9
num_cat=3
split_feature=4 6 1 0 1 0 0 7
split_gain=0.00532228 0.0187081 0.0242322 0.0266828 0.0164992 0.0529731 0.0474259 0.0320505
threshold=0 2.5000000000000004 1 2.5000000000000004 2 2.5000000000000004 3.5000000000000004 1.5000000000000002
decision_type=9 2 1 2 1 2 2 2
left_child=1 2 3 -1 5 7 -7 -2
right_child=4 -3 -4 -5 -6 6 -8 -9
leaf_value=-0.0002172041748649507 0.0024957188257542103 0.014615311583222124 -0.0082061210947729189 0.015763082380627503 0.0043456778909072005 -0.076070536443449951 -0.0012309275954225675 -0.016745530962977827
leaf_weight=4.671721908816834 3.1752094742769259 0.95659345109015781 2.593477737158536 1.3458865427528506 2.4820636902004489 0.19446953183592075 0.1499756889679702 1.1902036145620511
leaf_count=171 223 19 19 53 23 93 34 110
internal_value=-0.000196831 0.0013482 -0.000125628 0.00335692 -0.00225224 -0.0057293 -0.0434844 -0.00275029
internal_weight=16.7596 9.56768 8.61109 6.01761 7.19192 4.70986 0.344445 4.36541
internal_count=745 262 243 224 483 460 127 333
cat_boundaries=0 1 2 3
cat_threshold=2 1 1
is_linear=0
shrinkage=0.1


Tree=760
num_leaves=8
num_cat=5
split_feature=1 0 2 7 4 5 3
split_gain=0.00485099 0.0098002 0.0104764 0.00816455 0.0101411 0.00959345 0.00500713
threshold=0 1.5000000000000002 1 1.5000000000000002 2 3 4
decision_type=1 2 1 2 9 1 1
left_child=-1 2 6 5 -5 -3 -2
right_child=1 3 -4 4 -6 -7 -8
leaf_value=0.005023290509437949 0.0026440286053206158 -0.0046706142142051406 -0.003564248701924027 0.0037853235050277255 -0.0087080359472787271 0.00093703616617258647 0.0089909210390075201
leaf_weight=1.6801498198401532 4.8608285444206611 4.3687473072313878 2.3133212686516345 0.83238469436855667 2.960750228094184 10.112751655164177 1.6700412190984932
leaf_count=46 214 184 13 107 41 110 30
internal_value=-0.000190916 -0.000513963 0.00221865 -0.00183644 -0.00596643 -0.000754668 0.00426702
internal_weight=28.799 27.1188 8.84419 18.2746 3.79313 14.4815 6.53087
internal_count=745 699 257 442 148 294 244
cat_boundaries=0 1 2 3 4 5
cat_threshold=2 1 4 2 1
is_linear=0
shrinkage=0.1


Tree=761
num_leaves=9
num_cat=2
split_feature=7 5 0 4 6 6 0 0
split_gain=0.00685382 0.00585598 0.0470096 0.235058 0.172281 0.0125265 0.0459465 0.0400229
threshold=3.5000000000000004 0 2.5000000000000004 1 1.5000000000000002 2.5000000000000004 2.5000000000000004 2.5000000000000004
decision_type=2 1 2 9 2 2 2 2
left_child=1 5 3 -3 -4 7 -7 -1
right_child=-2 2 4 -5 -6 6 -8 -9
leaf_value=0.0020541624988205799 0.013000235374384883 0.0093205642925165665 0.046004222675021141 -0.077102886586424613 -0.022532615949584237 -0.016899148768969485 0.014574518696079612 -0.01209125139008667
leaf_weight=5.8200222788364027 0.41892135207308534 1.7821535421389854 0.86898636005571439 0.38220368845213459 0.63461133360397071 0.65097911319753743 1.6133732026419236 3.0476176490819853
leaf_count=307 34 138 44 40 24 40 38 80
internal_value=0.000386641 2.96057e-05 0.00349493 -0.00594095 0.0170774 -0.00111221 0.00552615 -0.00280731
internal_weight=15.2189 14.7999 3.66795 2.16436 1.5036 11.132 2.26435 8.86764
internal_count=745 711 246 178 68 465 78 387
cat_boundaries=0 1 2
cat_threshold=2 4
is_linear=0
shrinkage=0.1


Tree=762
num_leaves=11
num_cat=2
split_feature=6 7 0 7 5 0 0 0 4 6
split_gain=0.00475705 0.0181399 0.195001 0.00549158 0.0322002 0.125673 0.0246591 0.0173337 0.245561 0.114103
threshold=2.5000000000000004 1.5000000000000002 2.5000000000000004 1.5000000000000002 0 1.5000000000000002 1.5000000000000002 2.5000000000000004 1 1.5000000000000002
decision_type=2 2 2 2 1 2 2 2 9 2
left_child=3 2 -2 4 5 -1 -6 8 -5 -9
right_child=1 -3 -4 7 6 -7 -8 9 -10 -11
leaf_value=-0.013104712260552912 0.017771866637920287 0.0093304167940276746 -0.044757043582754674 0.01307056224130749 0.0043465341466076687 0.016299719709700591 -0.0051204196663582535 -0.0088370730723797315 -0.020637628511864944 0.030131619728799387
leaf_weight=2.1885872976163228 1.4790095792850473 2.3083996403584024 0.75248828589974426 4.1699384972453117 3.9783911237755154 4.3275294980849139 8.9212880485574697 2.2757617062088675 4.4862924022454518 1.1217589066000075
leaf_count=113 31 37 30 26 82 142 117 50 104 13
internal_value=8.93785e-05 0.00311548 -0.00331364 -0.000347176 0.000693672 0.00642357 -0.00220072 -0.00202374 -0.00439949 0.00402921
internal_weight=36.0094 4.5399 2.2315 31.4695 19.4158 6.51612 12.8997 12.0538 8.65623 3.39752
internal_count=745 98 61 647 454 255 199 193 130 63
cat_boundaries=0 1 2
cat_threshold=2 2
is_linear=0
shrinkage=0.1


Tree=763
num_leaves=8
num_cat=1
split_feature=7 6 0 0 2 0 7
split_gain=0.00457495 0.0431248 0.00906381 0.00858824 0.0210125 0.07777 0.00918537
threshold=2.5000000000000004 1.5000000000000002 2.5000000000000004 3.5000000000000004 0 2.5000000000000004 1.5000000000000002
decision_type=2 2 2 2 1 2 2
left_child=3 2 -2 4 6 -6 -1
right_child=1 -3 -4 -5 5 -7 -8
leaf_value=0.0012486519234565852 0.012447788028411809 -0.0089024572415601182 0.032854151826336865 -0.0086941803250083199 -0.017269101148916055 0.048989072700192336 -0.0041985342161398693
leaf_weight=7.4266182000865246 0.56806606893587686 1.1272529920192935 0.35286396971787326 1.2693321256665502 0.34587767981429252 0.36312919521878939 5.3083414983657349
leaf_count=417 27 35 28 60 34 29 115
internal_value=-0.000215049 0.00421295 0.0202667 -0.000831454 -8.90828e-05 0.0166661 -0.00102191
internal_weight=16.7615 2.04818 0.92093 14.7133 13.444 0.709007 12.735
internal_count=745 90 55 655 595 63 532
cat_boundaries=0 1
cat_threshold=1
is_linear=0
shrinkage=0.1


Tree=764
num_leaves=8
num_cat=3
split_feature=0 5 3 0 7 1 6
split_gain=0.00481058 0.0381829 0.0126398 0.144283 0.0501263 0.0159099 0.0110517
threshold=3.5000000000000004 0 1 1.5000000000000002 1.5000000000000002 2 1.5000000000000002
decision_type=2 1 1 2 2 1 2
left_child=2 -2 3 -1 -5 -4 -7
right_child=1 -3 5 4 -6 6 -8
leaf_value=0.0081259540784912859 -0.011368680572136336 0.010025581311909984 0.01141597748721437 -0.025248583597198233 -0.08142523276365643 -0.001856174326268997 0.0033694869210539103
leaf_weight=1.6680081229715145 1.2280458439709037 2.6011780197732142 1.1741271056234837 0.41508815172528546 0.25729430222054361 16.053563315499574 5.4113286147166937
leaf_count=30 38 35 21 47 31 376 167
internal_value=-0.000136085 0.00316436 -0.000642028 -0.00763825 -0.0467452 8.12313e-05 -0.000538778
internal_weight=28.8086 3.82922 24.9794 2.34039 0.672382 22.639 21.4649
internal_count=745 73 672 108 78 564 543
cat_boundaries=0 1 2 3
cat_threshold=2 2 2
is_linear=0
shrinkage=0.1


Tree=765
num_leaves=12
num_cat=4
split_feature=3 6 6 0 7 2 7 0 4 4 6
split_gain=0.00776714 0.0322423 0.193965 0.0317974 0.164463 0.164255 0.094837 0.0216753 0.198504 0.0349752 2.16711e-05
threshold=0 2.5000000000000004 5.5000000000000009 2.5000000000000004 1.5000000000000002 1 1.5000000000000002 2.5000000000000004 2 3 4.5000000000000009
decision_type=1 2 2 2 2 1 2 2 9 9 2
left_child=3 7 10 4 5 -1 -5 9 -9 -2 -3
right_child=1 2 -4 6 -6 -7 -8 8 -10 -11 -12
leaf_value=0.010192104879581243 -0.0068435138204817007 -0.075943090128205284 0.075990832915484197 0.026223574460556211 0.016917132182246213 -0.094734761691042807 -0.0034492420874207789 0.02627472629919252 -0.049768675921305988 0.0074370588552326519 -0.077775798742803839
leaf_weight=0.26021885654517951 2.8462565301415452 0.16539467424536347 0.12010912783443928 1.6548547062993746 0.92565180253586732 0.34966885729227215 3.0852101964264875 0.6828335477548535 0.69032139084538335 4.3150784272729616 0.10578698385506868
leaf_count=36 161 58 7 47 16 13 34 29 67 273 4
internal_value=0.000162962 -0.00173241 -0.0298015 0.00285874 -0.00964758 -0.0499659 0.00691015 -0.000445489 -0.0119543 0.00176128 -0.076658
internal_weight=15.2014 8.92578 0.391291 6.2756 1.53554 0.609888 4.74006 8.53449 1.37315 7.16133 0.271182
internal_count=745 599 69 146 65 49 81 530 96 434 62
cat_boundaries=0 1 2 3 4
cat_threshold=2 1 2 2
is_linear=0
shrinkage=0.1


Tree=766
num_leaves=10
num_cat=5
split_feature=3 0 1 6 1 6 0 2 5
split_gain=0.00555266 0.0128019 0.0418432 0.0218922 0.00711493 0.0190731 0.0887853 0.00370865 0.0112951
threshold=0 1.5000000000000002 1 2.5000000000000004 2 1.5000000000000002 2.5000000000000004 3 4
decision_type=1 2 1 2 1 2 2 1 1
left_child=1 7 -3 -4 5 6 -2 8 -1
right_child=4 2 3 -5 -6 -7 -8 -9 -10
leaf_value=0.010430863433953752 0.034542828764273135 -0.016691450544909916 -0.00044554905311062896 0.012448268811815376 0.0037973895573631972 -0.006544134313435996 -0.012482818026075794 -0.00063847863029484371 0.0021137968479448869
leaf_weight=2.3778381243755575 0.65373734007152773 1.514841188734863 15.301556534468551 1.4408102770685207 1.6219317679642697 5.2363228733884171 1.0405022542836375 1.5568234985694287 5.2117918655276316
leaf_count=146 44 10 291 60 25 44 33 13 79
internal_value=5.96316e-05 0.000753866 -0.000775962 0.000664064 -0.00216481 -0.00356012 0.00566244 0.00380755 0.00471954
internal_weight=35.9562 27.4037 18.2572 16.7424 8.55249 6.93056 1.69424 9.14645 7.58963
internal_count=745 599 361 351 146 121 77 238 225
cat_boundaries=0 1 2 3 4 5
cat_threshold=1 2 1 1 2
is_linear=0
shrinkage=0.1


Tree=767
num_leaves=10
num_cat=2
split_feature=4 7 6 0 2 6 7 0 6
split_gain=0.00601764 0.0202634 0.0229671 0.0283284 0.0155088 0.017526 0.0123146 0.0857587 0.0122684
threshold=0 2.5000000000000004 2.5000000000000004 1.5000000000000002 1 1.5000000000000002 1.5000000000000002 1.5000000000000002 1.5000000000000002
decision_type=9 2 2 2 1 2 2 2 2
left_child=1 2 3 -1 6 -6 8 -8 -2
right_child=4 -3 -4 -5 5 -7 7 -9 -10
leaf_value=0.010653989117285826 0.0073570477231461543 0.014056679689102118 0.015047427385408957 -0.0048989236542612523 0.023946338469509248 -0.0014366904058417159 -0.00027136973456002986 -0.052837242190147404 -0.0046882945248724432
leaf_weight=1.450690365920307 1.1968867544783277 1.1487812115810818 0.89450742537155736 6.0767194863292389 0.44504500069160779 0.69965665898416773 1.5427769235866433 0.38852347473789439 2.8807121843092318
leaf_count=89 149 21 10 142 34 33 53 85 129
internal_value=-4.1909e-05 0.00159804 -0.000101368 -0.00190155 -0.00223597 0.0084319 -0.00426821 -0.0108461 -0.00115266
internal_weight=16.7243 9.5707 8.42192 7.52741 7.1536 1.1447 6.0089 1.9313 4.0776
internal_count=745 262 241 231 483 67 416 138 278
cat_boundaries=0 1 2
cat_threshold=2 1
is_linear=0
shrinkage=0.1


Tree=768
num_leaves=9
num_cat=6
split_feature=6 1 2 5 5 4 0 4
split_gain=0.00534499 0.0590854 0.0184481 0.017049 0.0127459 0.370899 0.173999 0.0947705
threshold=1.5000000000000002 0 1 2 3 4 1.5000000000000002 5
decision_type=2 1 1 1 1 9 2 9
left_child=1 -1 -3 -4 5 6 -2 -6
right_child=4 2 3 -5 7 -7 -8 -9
leaf_value=0.022374903079610192 0.0032058882386993646 0.0068738023848533758 -0.0059288934052680615 0.00063910053844188264 -0.01417334934174376 0.095899515991186679 -0.076379428811676517 0.011055695517455093
leaf_weight=1.1859463678556494 1.0315590168684137 2.8170851445756853 6.4004973695718945 10.331779261090569 3.8605359089979174 0.35896366834640492 0.37442907781405677 2.4236771017313021
leaf_count=26 52 44 270 165 51 2 123 12
internal_value=-0.000147085 0.000701928 -0.000612845 -0.00187331 -0.00233421 0.00517455 -0.0179885 -0.00444308
internal_weight=28.7845 20.7353 19.5494 16.7323 8.04916 1.76495 1.40599 6.28421
internal_count=745 505 479 435 240 177 175 63
cat_boundaries=0 1 2 3 4 5 6
cat_threshold=2 2 2 2 4 2
is_linear=0
shrinkage=0.1


Tree=769
num_leaves=8
num_cat=2
split_feature=7 5 1 6 6 0 7
split_gain=0.00917929 0.00513076 0.0434464 0.0207625 0.0132846 0.0310715 0.0306571
threshold=3.5000000000000004 0 1 1.5000000000000002 2.5000000000000004 2.5000000000000004 1.5000000000000002
decision_type=2 1 1 2 2 2 2
left_child=1 4 -3 -4 5 -1 -6
right_child=-2 2 3 -5 6 -7 -8
leaf_value=0.001018932997746264 0.01463716128114363 0.026219222311179707 -0.0086483355855737406 0.0086978888372999715 0.01799446298459767 -0.011446894244096235 -0.0057255343347475691
leaf_weight=5.8400820458791696 0.41407529491334649 0.65033329671132378 1.8890830596028514 1.0871358096628683 1.0304709105494121 3.0404691171843297 1.1562960686715087
leaf_count=307 34 24 177 45 59 80 19
internal_value=-4.63621e-05 -0.000460146 0.0028042 -0.00231221 -0.00152981 -0.00324904 0.00545205
internal_weight=15.1079 14.6939 3.62655 2.97622 11.0673 8.88055 2.18677
internal_count=745 711 246 222 465 387 78
cat_boundaries=0 1 2
cat_threshold=2 2
is_linear=0
shrinkage=0.1


Tree=770
num_leaves=11
num_cat=6
split_feature=3 0 1 6 6 2 4 6 5 2
split_gain=0.00429286 0.0123106 0.0306247 0.017026 0.00793924 0.0266215 0.00379739 0.144213 0.0674156 0.00309191
threshold=0 1.5000000000000002 1 2.5000000000000004 1.5000000000000002 2 3 1.5000000000000002 4 5
decision_type=1 2 1 2 2 1 9 2 1 1
left_child=1 6 -3 -4 5 -2 7 -1 -8 -6
right_child=4 2 3 -5 9 -7 8 -9 -10 -11
leaf_value=-0.012605503428259208 -2.0096391990022227e-05 -0.014452387022020239 -0.00055968147960841605 0.010953893962555243 0.00264206536741506 -0.02566907887812634 0.012207337175845202 0.031697198287101089 -0.0087419242118106401 -0.0018780455379751313
leaf_weight=1.6957236272864975 1.3923261009040289 1.512655935192015 15.304846663442737 1.4020303507713823 2.3902950990013778 0.57045840422142435 3.2313396768440725 1.2965506240725517 2.9280406292527932 4.1246831342577934
leaf_count=70 34 10 291 60 35 56 92 10 66 21
internal_value=6.69233e-05 0.00067594 -0.000827114 0.00040653 -0.00189934 -0.00747465 0.00366829 0.00659083 0.0022485 -0.000219652
internal_weight=35.849 27.3712 18.2195 16.7069 8.47776 1.96278 9.15165 2.99227 6.15938 6.51498
internal_count=745 599 361 351 146 90 238 80 158 56
cat_boundaries=0 1 2 3 4 5 6
cat_threshold=1 2 2 2 2 1
is_linear=0
shrinkage=0.1


Tree=771
num_leaves=13
num_cat=4
split_feature=3 7 0 0 6 4 7 1 0 5 7 0
split_gain=0.00438 0.0176759 0.0291775 0.0171756 0.0393119 0.00575126 0.0431357 0.0620236 0.0152134 0.044037 0.0157568 0.01338
threshold=0 1.5000000000000002 2.5000000000000004 1.5000000000000002 2.5000000000000004 1 1.5000000000000002 2 1.5000000000000002 3 1.5000000000000002 1.5000000000000002
decision_type=1 2 2 2 2 9 2 1 2 1 2 2
left_child=1 3 -3 -1 -5 8 11 -8 10 -10 -2 -7
right_child=5 2 -4 4 -6 6 7 -9 9 -11 -12 -13
leaf_value=0.0046042936858137025 -7.4012750373060151e-05 0.018054857332797346 -0.0016172141670351735 -0.029992739949844763 0.012118948480982036 -0.00909591618028119 -0.075421729418156877 -0.0097587993965809819 0.010217617332797867 -0.0072835678861510565 0.020745672467314305 0.0057961748231021527
leaf_weight=0.94883631108677924 0.76111348532140233 1.3897688984870911 1.6480278306116816 0.59914910238876473 0.35185835859374492 0.84114407674497016 0.18364615883683644 0.66386854648590088 2.1581092097912915 4.3073023736942559 0.69586272351443768 2.1338039455622493
leaf_count=25 69 16 34 56 15 108 134 2 88 33 11 154
internal_value=0.000151961 0.00265099 0.00738261 -0.00491475 -0.0144121 -0.000898652 -0.00408442 -0.0239872 0.000638446 -0.00144179 0.00986962 0.00158555
internal_weight=16.6825 4.93764 3.0378 1.89984 0.951007 11.7449 3.82246 0.847515 7.92239 6.46541 1.45698 2.97495
internal_count=745 146 50 96 71 599 398 136 201 121 80 262
cat_boundaries=0 1 2 3 4
cat_threshold=2 2 1 2
is_linear=0
shrinkage=0.1


Tree=772
num_leaves=10
num_cat=2
split_feature=0 5 3 0 7 0 7 7 6
split_gain=0.00432649 0.0324287 0.00818906 0.126118 0.0347051 0.0147558 0.0170488 0.0168718 0.00330089
threshold=3.5000000000000004 0 1 2.5000000000000004 1.5000000000000002 1.5000000000000002 1.5000000000000002 1.5000000000000002 1.5000000000000002
decision_type=2 1 1 2 2 2 2 2 2
left_child=2 -2 3 8 -5 7 -7 -4 -1
right_child=1 -3 5 4 -6 6 -8 -9 -10
leaf_value=0.010051728982118119 -0.010319767510041405 0.0093839851114221329 -0.0013778902554823073 -0.025468375156130769 -0.081307913559593173 9.3861933740178698e-05 0.008457910519525963 -0.013557866579933638 0.0015276577335091796
leaf_weight=0.79902887428761493 1.2340209529938875 2.5850122332340097 6.3367611389840119 0.21739399281614158 0.2280767593310884 11.769298548520963 3.073424260108367 1.386038995842682 1.0529689744944333
leaf_count=46 38 35 177 23 20 215 111 61 19
internal_value=-0.000116507 0.00301723 -0.00059786 -0.00628558 -0.0540577 -1.87745e-05 0.00182577 -0.00356387 0.0052053
internal_weight=28.682 3.81903 24.863 2.29747 0.445471 22.5655 14.8427 7.7228 1.852
internal_count=745 73 672 108 43 564 326 238 65
cat_boundaries=0 1 2
cat_threshold=2 2
is_linear=0
shrinkage=0.1


Tree=773
num_leaves=8
num_cat=2
split_feature=7 5 1 6 6 0 0
split_gain=0.00782644 0.00480845 0.0369223 0.0190608 0.0110965 0.0300752 0.0292653
threshold=3.5000000000000004 0 1 1.5000000000000002 2.5000000000000004 2.5000000000000004 2.5000000000000004
decision_type=2 1 1 2 2 2 2
left_child=1 4 -3 -4 6 -6 -1
right_child=-2 2 3 -5 5 -7 -8
leaf_value=0.0012795003607795708 0.013693701267495388 0.024492405643964821 -0.0079105367588088917 0.0087216512808576657 -0.013350014185187978 0.012572294030339149 -0.010816238787824397
leaf_weight=5.8386025385643716 0.41328940602761655 0.64995915465988219 1.8821273192934291 1.0869742317372584 0.62895972881961038 1.551934733267444 3.0426655553355886
leaf_count=307 34 24 177 45 40 38 80
internal_value=0.00012224 -0.000259809 0.00290424 -0.00182157 -0.00129495 0.00509642 -0.00286442
internal_weight=15.0945 14.6812 3.61906 2.9691 11.0622 2.18089 8.88127
internal_count=745 711 246 222 465 78 387
cat_boundaries=0 1 2
cat_threshold=2 2
is_linear=0
shrinkage=0.1


Tree=774
num_leaves=11
num_cat=2
split_feature=6 7 0 7 5 0 0 0 4 6
split_gain=0.00439461 0.0170506 0.150597 0.00385169 0.0231177 0.107255 0.0200189 0.0133529 0.21845 0.0918928
threshold=2.5000000000000004 1.5000000000000002 2.5000000000000004 1.5000000000000002 0 1.5000000000000002 1.5000000000000002 2.5000000000000004 1 1.5000000000000002
decision_type=2 2 2 2 1 2 2 2 9 2
left_child=3 2 -2 4 5 -1 -6 8 -5 -9
right_child=1 -3 -4 7 6 -7 -8 9 -10 -11
leaf_value=-0.01291722613748475 0.014887527243636085 0.0089101304675069087 -0.041668249851033012 0.012580540893904868 0.0038495267196130348 0.014315546462152304 -0.0047158598919080927 -0.0081702455126336903 -0.019281915128103531 0.026930164432271322
leaf_weight=2.1692145961496863 1.4468306249473237 2.2754521671449766 0.69795821220031928 4.1394279263913631 3.9415230247395874 4.3391185704385862 8.8673033837985695 2.2544629890944625 4.4811624694848415 1.1146158959818424
leaf_count=113 31 37 30 26 82 142 117 50 104 13
internal_value=-7.13077e-05 0.0028803 -0.00351688 -0.000488048 0.000385805 0.00523892 -0.00208013 -0.00189596 -0.00398223 0.00344227
internal_weight=35.7271 4.42024 2.14479 31.3068 19.3172 6.50833 12.8088 11.9897 8.62059 3.36908
internal_count=745 98 61 647 454 255 199 193 130 63
cat_boundaries=0 1 2
cat_threshold=2 2
is_linear=0
shrinkage=0.1


Tree=775
num_leaves=8
num_cat=4
split_feature=6 0 3 4 6 1 4
split_gain=0.00502784 0.0177258 0.0158234 0.0253788 0.0152459 0.0512192 0.0489896
threshold=3.5000000000000004 1.5000000000000002 0 1 1.5000000000000002 2 3
decision_type=2 2 1 9 2 1 9
left_child=1 2 3 -1 5 -3 -6
right_child=-2 4 -4 -5 6 -7 -8
leaf_value=0.0099447012240760514 0.0064053828812295436 0.003461395217391001 0.012649916435655212 -0.0085280655000406561 -0.025950419334282632 -0.024047145625614781 -0.00072828453651595595
leaf_weight=1.4579350241983775 1.2264205946958089 6.0568849147821302 1.6845652050105853 1.5181480731607762 1.0481522858932522 0.76201360486447711 2.9028033069334924
leaf_count=80 38 283 28 158 105 19 34
internal_value=0.00024279 -0.000247015 0.00490521 0.000521444 -0.00247664 0.000387309 -0.00741949
internal_weight=16.6569 15.4305 4.66065 2.97608 10.7699 6.8189 3.95096
internal_count=745 707 266 238 441 302 139
cat_boundaries=0 1 2 3 4
cat_threshold=1 2 1 4
is_linear=0
shrinkage=0.1


Tree=776
num_leaves=8
num_cat=3
split_feature=1 0 7 2 0 0 4
split_gain=0.00452154 0.00837933 0.010865 0.0107402 0.0100648 0.00824382 0.00729036
threshold=0 1.5000000000000002 1.5000000000000002 1 2.5000000000000004 2.5000000000000004 2
decision_type=1 2 2 1 2 2 9
left_child=-1 3 4 6 -3 -4 -2
right_child=1 2 5 -5 -6 -7 -8
leaf_value=0.0050945433278944286 0.010483016628311213 -0.0022150905338601118 -0.0012715140535162082 -0.0036780255991445848 0.0033626206759355391 -0.010668402952935722 0.0024543015450766031
leaf_weight=1.6099556231347378 1.4594510305614676 9.6192364033195208 1.7204574228107952 2.3112175527494401 4.8745279105278305 2.0413029627075048 5.0252355968987157
leaf_count=46 79 180 72 13 114 76 165
internal_value=-5.39805e-05 -0.000360393 -0.00158206 0.00217512 -0.0003392 -0.0063707 0.00426125
internal_weight=28.6614 27.0514 18.2555 8.7959 14.4938 3.76176 6.48469
internal_count=745 699 442 257 294 148 244
cat_boundaries=0 1 2 3
cat_threshold=2 1 2
is_linear=0
shrinkage=0.1


Tree=777
num_leaves=7
num_cat=3
split_feature=7 1 7 6 3 3
split_gain=0.00701744 0.00512336 0.0176592 0.0171608 0.0470077 0.0323921
threshold=3.5000000000000004 0 1.5000000000000002 1.5000000000000002 1 2
decision_type=2 1 2 2 1 1
left_child=1 3 -3 4 -1 -5
right_child=-2 2 -4 5 -6 -7
leaf_value=0.00066881906070549615 0.012763845788402787 0.0082540025969870187 -0.019870599966308272 -0.0055148015495856614 -0.019132386840880412 0.0097308581728507548
leaf_weight=6.3232456711175509 0.41127756594141907 0.39243134636126065 0.51786638901103288 2.2232894023463814 1.4794066122030889 3.7345752391847782
leaf_count=393 34 26 20 162 68 42
internal_value=-0.000119185 -0.000480344 -0.00774602 3.01571e-07 -0.00308555 0.00404165
internal_weight=15.0821 14.6708 0.910298 13.7605 7.80265 5.95786
internal_count=745 711 46 665 461 204
cat_boundaries=0 1 2 3
cat_threshold=1 1 1
is_linear=0
shrinkage=0.1


Tree=778
num_leaves=11
num_cat=5
split_feature=3 0 1 6 1 6 0 4 6 5
split_gain=0.00532096 0.0123369 0.0304087 0.0152716 0.00465855 0.0187376 0.0926706 0.00292531 0.128872 0.0621467
threshold=0 1.5000000000000002 1 2.5000000000000004 2 1.5000000000000002 2.5000000000000004 3 1.5000000000000002 4
decision_type=1 2 1 2 1 2 2 9 2 1
left_child=1 7 -3 -4 5 6 -2 8 -1 -9
right_child=4 2 3 -5 -6 -7 -8 9 -10 -11
leaf_value=-0.011949523682037388 0.035399877135160823 -0.014536904884672264 -0.00062195103952669554 0.010355975345301 0.0025656052243611086 -0.0064320762203149626 -0.012793967164720822 0.011880509058697097 0.030213792826310922 -0.008266768367116718
leaf_weight=1.6886095106601715 0.64759512606542369 1.5088218786404468 15.283027004516049 1.3817673954908958 1.5900115527911109 5.1633389343041927 1.03931431962701 3.2276052860688651 1.2702261731028557 2.9126854892820138
leaf_count=70 44 10 291 60 25 44 33 92 10 66
internal_value=-0.000116646 0.000562394 -0.000942539 0.000288288 -0.00231081 -0.00344267 0.00570738 0.00356819 0.00615116 0.00232352
internal_weight=35.713 27.2727 18.1736 16.6648 8.44026 6.85025 1.68691 9.09913 2.95884 6.14029
internal_count=745 599 361 351 146 121 77 238 80 158
cat_boundaries=0 1 2 3 4 5
cat_threshold=1 2 1 2 2
is_linear=0
shrinkage=0.1


Tree=779
num_leaves=8
num_cat=4
split_feature=6 0 3 4 6 1 4
split_gain=0.00518791 0.0130596 0.0150823 0.0255693 0.0121342 0.0458219 0.0422952
threshold=3.5000000000000004 1.5000000000000002 0 1 1.5000000000000002 2 3
decision_type=2 2 1 9 2 1 9
left_child=1 2 3 -1 5 -3 -6
right_child=-2 4 -4 -5 6 -7 -8
leaf_value=0.0095396250011667485 0.0067091122211639792 0.0034800704119936953 0.011926721184067759 -0.0089981490081517262 -0.023757769844021604 -0.02268873921837487 -0.0001987086176796237
leaf_weight=1.4598843941057567 1.2271320621766779 6.0578882035042616 1.68681204871973 1.5174331689650016 1.0334241816694885 0.75220679584890504 2.9017630366142839
leaf_count=80 38 283 28 158 105 19 34
internal_value=0.000451449 -4.6881e-05 0.00437183 9.1579e-05 -0.00196488 0.000589603 -0.00638558
internal_weight=16.6365 15.4094 4.66413 2.97732 10.7453 6.81009 3.93519
internal_count=745 707 266 238 441 302 139
cat_boundaries=0 1 2 3 4
cat_threshold=1 2 1 4
is_linear=0
shrinkage=0.1


Tree=780
num_leaves=10
num_cat=6
split_feature=6 1 2 5 4 0 4 0 3
split_gain=0.00400266 0.0481813 0.0171716 0.0139028 0.335542 0.167192 0.0804045 0.0320104 0.0122328
threshold=1.5000000000000002 0 1 2 3 1.5000000000000002 4 2.5000000000000004 5
decision_type=2 1 1 1 9 2 9 2 1
left_child=1 -1 -3 6 5 -5 -2 -8 -4
right_child=3 2 8 4 -6 -7 7 -9 -10
leaf_value=0.020575960635904975 0.010100244640754761 0.0066995937628235155 0.0058127103063800459 0.0040493760468458401 0.094320512014975488 -0.076269721858104669 -0.0059113729407624365 -0.024709097688746819 -0.0027129167143712047
leaf_weight=1.1449388156179339 2.4058716669678688 2.8123583903070539 1.8983478411764736 1.0338238520198499 0.34388080239295926 0.345872550628883 2.3187362492171806 1.4867592640875957 14.832667323426005
leaf_count=26 12 44 55 52 2 123 26 25 380
internal_value=-9.45777e-05 0.000637782 -0.000530286 -0.00200402 0.00594215 -0.0160856 -0.00420898 -0.0132554 -0.00174558
internal_weight=28.6233 20.6883 19.5434 7.93494 1.72358 1.3797 6.21137 3.8055 16.731
internal_count=745 505 479 240 177 175 63 51 435
cat_boundaries=0 1 2 3 4 5 6
cat_threshold=2 2 1 4 4 2
is_linear=0
shrinkage=0.1


Tree=781
num_leaves=9
num_cat=2
split_feature=7 5 0 7 6 2 0 7
split_gain=0.00646754 0.0049172 0.0340163 0.213425 0.151313 0.0100948 0.0933158 0.017546
threshold=3.5000000000000004 0 2.5000000000000004 1.5000000000000002 1.5000000000000002 1 2.5000000000000004 1.5000000000000002
decision_type=2 1 2 2 2 1 2 2
left_child=1 5 3 -3 -4 7 -7 -1
right_child=-2 2 4 -5 -6 6 -8 -9
leaf_value=-0.0043315266492427009 0.012165597959741377 0.0083824245081501863 0.041795106475208302 -0.077931670701349695 -0.023501413927649515 0.0014315159640715365 -0.045133785775245266 0.0050419983331982526
leaf_weight=4.0569949581113178 0.41190369022297169 1.8001667294520283 0.84745281138748374 0.34068675764137868 0.61059139360440895 2.5334021412963925 0.51842545610452351 3.9328144378960133
leaf_count=41 34 153 44 25 24 321 79 24
internal_value=-0.00019236 -0.000540045 0.00267001 -0.00535325 0.0144506 -0.00158633 -0.00647871 0.000282392
internal_weight=15.0524 14.6405 3.5989 2.14085 1.45804 11.0416 3.05183 7.98981
internal_count=745 711 246 178 68 465 400 65
cat_boundaries=0 1 2
cat_threshold=2 2
is_linear=0
shrinkage=0.1


Tree=782
num_leaves=10
num_cat=2
split_feature=6 7 6 3 0 7 6 0 4
split_gain=0.00558789 0.0165946 0.0603323 0.00401958 0.0111475 0.0104999 0.00727854 0.0270579 0.00549544
threshold=2.5000000000000004 1.5000000000000002 3.5000000000000004 0 1.5000000000000002 1.5000000000000002 1.5000000000000002 2.5000000000000004 1
decision_type=2 2 2 1 2 2 2 2 9
left_child=3 2 -2 6 8 -6 7 -1 -5
right_child=1 -3 -4 4 5 -7 -8 -9 -10
leaf_value=0.0058309165507603872 0.016118098494985893 0.0092096765644083239 -0.017968314168155568 0.0063813628473378516 0.00030227267056399726 -0.0050634415985329967 -0.00047875786314246902 -0.017957575499948402 0.0011141681709198957
leaf_weight=0.83038271501936822 0.9206441799178714 2.2693540730688255 1.1910292210523037 2.9487757050665095 10.549477865337396 5.5738439612978246 4.1825705319643021 1.1272034787289156 6.0343124665087142
leaf_count=46 40 37 21 80 203 96 27 44 151
internal_value=-7.17896e-05 0.00327281 -0.00310737 -0.00054073 2.01714e-05 -0.00155266 -0.00283419 -0.00786681 0.00284317
internal_weight=35.6276 4.38103 2.11167 31.2466 25.1064 16.1233 6.14016 1.95759 8.98309
internal_count=745 98 61 647 530 299 117 90 231
cat_boundaries=0 1 2
cat_threshold=2 2
is_linear=0
shrinkage=0.1


Tree=783
num_leaves=9
num_cat=4
split_feature=6 0 6 2 1 0 4 3
split_gain=0.0053203 0.0145485 0.0137176 0.0117722 0.0598483 0.0182668 0.0103901 0.00527979
threshold=3.5000000000000004 1.5000000000000002 1.5000000000000002 0 1 2.5000000000000004 2 3
decision_type=2 2 2 1 1 2 9 1
left_child=1 2 6 4 -3 -5 -1 -4
right_child=-2 3 7 5 -6 -7 -8 -9
leaf_value=0.0090336471209012132 0.006837119607369076 0.00075839218585396447 0.016677239786469854 0.021851367837616743 -0.018992596835250286 -0.003165434755722635 -0.0050309787762946867 0.0066030395940343658
leaf_weight=0.76954018269316293 1.2236208827125654 7.6402336781286539 0.81981530785560608 0.50188229838385889 1.919638168066738 0.69754340816598415 1.6545577484612324 1.4236084674648739
leaf_count=81 38 353 3 24 17 47 122 60
internal_value=0.000490096 -1.33355e-05 0.00464917 -0.00203599 -0.00320764 0.00730248 -0.000566104 0.0102845
internal_weight=16.6504 15.4268 4.66752 10.7593 9.55987 1.19943 2.4241 2.24342
internal_count=745 707 266 441 370 71 203 63
cat_boundaries=0 1 2 3 4
cat_threshold=1 1 2 2
is_linear=0
shrinkage=0.1


Tree=784
num_leaves=9
num_cat=3
split_feature=0 5 5 0 4 0 7 6
split_gain=0.00533713 0.0278531 0.00846645 0.129067 0.180238 0.111629 0.0892287 0.0765281
threshold=3.5000000000000004 0 1 2.5000000000000004 2 2.5000000000000004 1.5000000000000002 1.5000000000000002
decision_type=2 1 1 2 9 2 2 2
left_child=2 -2 3 7 -5 6 -4 -1
right_child=1 -3 5 4 -6 -7 -8 -9
leaf_value=-0.0071149469495559205 0.0093568118215014966 -0.0088532303119730829 -0.001988378776589752 0.07879992474842018 -0.0039101869624108797 -0.021721637598219014 0.020292432114190212 0.018137720404955697
leaf_weight=6.5485739167579577 2.5802086862968272 1.2453540904243712 11.105619066511283 0.49372302740812302 0.56494145605484003 2.4242139422003683 2.1444632748389258 1.4693351582154717
leaf_count=237 35 38 153 23 74 39 28 118
internal_value=-4.73339e-05 0.00342881 -0.000584616 0.00184584 0.0346628 -0.00199203 0.00161767 -0.00248723
internal_weight=28.5764 3.82556 24.7509 9.07657 1.05866 15.6743 13.2501 8.01791
internal_count=745 73 672 452 97 220 181 355
cat_boundaries=0 1 2 3
cat_threshold=1 2 2
is_linear=0
shrinkage=0.1


Tree=785
num_leaves=6
num_cat=0
split_feature=7 6 7 0 0
split_gain=0.00528571 0.00550888 0.00690593 0.0303279 0.00820664
threshold=3.5000000000000004 3.5000000000000004 1.5000000000000002 2.5000000000000004 1.5000000000000002
decision_type=2 2 2 2 2
left_child=1 2 3 -1 -4
right_child=-2 -3 4 -5 -6
leaf_value=-0.0074994455205410985 0.011069481075947692 0.010398961604183899 -0.0077739088230137539 0.0074715661027866288 0.0024721780193216391
leaf_weight=4.6606522869824367 0.4109070297963634 0.45508101133600654 0.88497748041845614 1.9067122784517776 6.6995579037320567
leaf_count=383 34 32 63 111 122
internal_value=-0.000116029 -0.000430688 -0.000778935 -0.00315289 0.00127665
internal_weight=15.0179 14.607 14.1519 6.56736 7.58454
internal_count=745 711 679 494 185
is_linear=0
shrinkage=0.1


Tree=786
num_leaves=12
num_cat=6
split_feature=3 7 1 0 0 6 0 2 2 2 5
split_gain=0.00568018 0.0131439 0.0300502 0.00950789 0.00736191 0.00497505 0.0236796 0.00302077 0.00268729 0.00264419 0.000970551
threshold=0 2.5000000000000004 1 1.5000000000000002 2.5000000000000004 1.5000000000000002 2.5000000000000004 2 3 4 5
decision_type=1 2 1 2 2 2 2 1 1 1 1
left_child=1 3 10 8 -5 6 7 -2 -1 -7 -3
right_child=5 2 -4 4 -6 9 -8 -9 -10 -11 -12
leaf_value=0.0034756044551545527 -0.00051287235258902204 0.029749112104148101 -0.004048793943529169 -0.0026186630730277087 0.0020524652804914429 0.0015622411854544543 -0.016398303954376855 0.01158815589027317 -0.001105609334819569 -0.0026407977674741917 0.02112525163941777
leaf_weight=7.4202676756540367 0.38772680471447374 0.39744165255251573 0.66618168354034424 12.328742458077615 4.6452926332422058 2.3589040946681052 1.1140578872254989 0.44082669587805834 1.5474494141526518 4.0956033878028393 0.19430067040957399
leaf_count=217 33 51 2 209 97 35 44 13 13 21 10
internal_value=-0.000166592 0.000535281 0.0105181 5.12117e-05 -0.00134031 -0.00244008 -0.0068769 0.0059254 0.00268508 -0.00110473 0.0269174
internal_weight=35.5968 27.1997 1.25792 25.9418 16.974 8.39712 1.94261 0.828554 8.96772 6.45451 0.591742
internal_count=745 599 63 536 306 146 90 46 230 56 61
cat_boundaries=0 1 2 3 4 5 6
cat_threshold=1 1 1 1 1 2
is_linear=0
shrinkage=0.1


Tree=787
num_leaves=9
num_cat=2
split_feature=3 7 0 0 7 6 1 0
split_gain=0.00353191 0.0151118 0.028628 0.0082851 0.00434056 0.00781211 0.00557025 0.00485671
threshold=0 1.5000000000000002 3.5000000000000004 2.5000000000000004 2.5000000000000004 2.5000000000000004 1 1.5000000000000002
decision_type=1 2 2 2 2 2 1 2
left_child=1 3 -3 -1 5 7 -7 -2
right_child=4 2 -4 -5 -6 6 -8 -9
leaf_value=-0.0081270208830301494 0.0012233477700499902 -0.00060351722147788315 0.01934366548246557 0.0070174375279965194 0.006100542023287997 0.00058263208130490804 0.012472449104886207 -0.0037004543752022223
leaf_weight=1.4020180537627309 2.9617158429391548 1.8448467249691021 1.1795053593814373 0.48661295672718541 0.94436982482875542 0.9731347443656666 0.66212010383605957 6.1904232440356282
leaf_count=49 223 36 14 47 63 60 2 251
internal_value=0.000542234 0.00279323 0.00717594 -0.00422499 -0.000400431 -0.000969551 0.00539686 -0.00210707
internal_weight=16.6447 4.91298 3.02435 1.88863 11.7318 10.7874 1.63525 9.15214
internal_count=745 146 50 96 599 536 62 474
cat_boundaries=0 1 2
cat_threshold=2 1
is_linear=0
shrinkage=0.1


Tree=788
num_leaves=7
num_cat=3
split_feature=0 5 1 0 7 2
split_gain=0.00602778 0.025062 0.00856229 0.00637835 0.0193464 0.0112099
threshold=3.5000000000000004 0 1 1.5000000000000002 1.5000000000000002 2
decision_type=2 1 1 2 2 1
left_child=2 -2 -1 5 -5 -4
right_child=1 -3 3 4 -6 -7
leaf_value=-0.0083630856562168353 0.0092710257849854694 -0.0079690178381295589 0.0040901259442882041 0.00022901569304983996 -0.0092731215257197616 -0.0040306116186567681
leaf_weight=1.3548513224450289 2.576586468378081 1.2534107018655052 6.446165103559915 12.028909551891045 2.6070748028814696 2.3086494610179216
leaf_count=36 35 38 244 252 127 13
internal_value=-6.27158e-05 0.00362902 -0.000634103 -0.000186422 -0.00146358 0.00194868
internal_weight=28.5756 3.83 24.7457 23.3908 14.636 8.75481
internal_count=745 73 672 636 379 257
cat_boundaries=0 1 2 3
cat_threshold=1 2 1
is_linear=0
shrinkage=0.1


Tree=789
num_leaves=6
num_cat=1
split_feature=7 6 7 0 3
split_gain=0.0060021 0.00482047 0.00651378 0.0259343 0.00787039
threshold=3.5000000000000004 3.5000000000000004 1.5000000000000002 2.5000000000000004 0
decision_type=2 2 2 2 1
left_child=1 2 3 -1 -4
right_child=-2 -3 4 -5 -6
leaf_value=-0.0072163214111987386 0.011715443989212454 0.0095842388107800491 0.0043700911622571196 0.0066347609730487925 -0.002082486936458244
leaf_weight=4.6521725999336887 0.40957578194502353 0.453931694741187 3.7471892564062728 1.9054531874189704 3.814594146082527
leaf_count=383 34 32 146 111 39
internal_value=-0.0002235 -0.000559037 -0.000885138 -0.0031916 0.00111504
internal_weight=14.9829 14.5733 14.1194 6.55763 7.56178
internal_count=745 711 679 494 185
cat_boundaries=0 1
cat_threshold=1
is_linear=0
shrinkage=0.1


Tree=790
num_leaves=9
num_cat=3
split_feature=6 7 0 0 5 4 5 0
split_gain=0.00528666 0.0146363 0.137667 0.0035237 0.04958 0.00795472 0.174055 0.0350149
threshold=2.5000000000000004 1.5000000000000002 2.5000000000000004 3.5000000000000004 0 1 2 1.5000000000000002
decision_type=2 2 2 2 1 9 1 2
left_child=3 2 -2 5 -5 6 -1 -7
right_child=1 -3 -4 4 -6 7 -8 -9
leaf_value=-0.027507121603564458 0.01471962881875229 0.0087203769174882297 -0.039875566959530089 0.01101823596546656 -0.016290189802110094 -0.0049009861777991283 0.004280563482905589 0.0042471843228415419
leaf_weight=2.1885517155533307 1.4349009140860283 2.2590799757599598 0.68110758825787332 1.2048695818521082 1.4833085780555839 6.4970430112007405 8.0895734671503288 11.751794157989933
leaf_count=169 31 37 30 27 31 168 43 209
internal_value=-0.00013287 0.00312261 -0.00285365 -0.000589155 -0.00405027 -0.000263004 -0.00248808 0.000990207
internal_weight=35.5902 4.37509 2.11601 31.2151 2.68818 28.527 10.2781 18.2488
internal_count=745 98 61 647 58 589 212 377
cat_boundaries=0 1 2 3
cat_threshold=2 2 2
is_linear=0
shrinkage=0.1


Tree=791
num_leaves=10
num_cat=2
split_feature=3 7 0 0 6 7 6 0 1
split_gain=0.00368196 0.0117972 0.026084 0.00988057 0.0321614 0.00400311 0.00632916 0.00490953 0.00478148
threshold=0 1.5000000000000002 3.5000000000000004 1.5000000000000002 2.5000000000000004 2.5000000000000004 2.5000000000000004 1.5000000000000002 1
decision_type=1 2 2 2 2 2 2 2 1
left_child=1 3 -3 -1 -5 6 7 -2 -8
right_child=5 2 -4 4 -6 -7 8 -9 -10
leaf_value=0.003811839162623377 0.0014068051183437128 -0.00067655657987765526 0.018345818570090787 -0.025082984659658782 0.013493275662580517 0.0058787131795882313 0.00035322516667564771 -0.0035450145247069641 0.011362129027002253
leaf_weight=0.95255142782116287 2.9615403811112611 1.8451531144382898 1.1830264003947377 0.57969672752369661 0.34458740150148515 0.94305155512847783 0.97452801442057146 6.1810362913092831 0.66288483142852783
leaf_count=25 223 36 14 56 15 63 60 251 2
internal_value=0.000593556 0.00289404 0.00675496 -0.00333537 -0.0107012 -0.000368984 -0.000915543 -0.00194098 0.00481003
internal_weight=16.6281 4.90502 3.02818 1.87684 0.924284 11.723 10.78 9.14258 1.63741
internal_count=745 146 50 96 71 599 536 474 62
cat_boundaries=0 1 2
cat_threshold=2 1
is_linear=0
shrinkage=0.1


Tree=792
num_leaves=7
num_cat=4
split_feature=0 5 1 6 2 5
split_gain=0.00581484 0.0194998 0.00682445 0.00634023 0.0158159 0.0065665
threshold=3.5000000000000004 0 1 1.5000000000000002 2 3
decision_type=2 1 1 2 1 1
left_child=2 -2 -1 4 -4 -5
right_child=1 -3 3 5 -6 -7
leaf_value=-0.0076698386457742657 0.0084677854204134265 -0.006708502237338234 0.0055344517027904744 0.00046854607678204217 -0.0027175122321232183 0.0078742330910169227
leaf_weight=1.3510170325098443 2.552149487193673 1.2669249160826441 2.7768305223435163 4.7462247282637682 14.199861202313526 1.6012348611175182
leaf_count=36 35 38 40 40 399 157
internal_value=-0.000197862 0.00343326 -0.000759866 -0.000359616 -0.00136776 0.00233673
internal_weight=28.4942 3.81907 24.6752 23.3242 16.9767 6.34746
internal_count=745 73 672 636 439 197
cat_boundaries=0 1 2 3 4
cat_threshold=1 2 2 1
is_linear=0
shrinkage=0.1


Tree=793
num_leaves=8
num_cat=3
split_feature=7 5 1 6 2 0 7
split_gain=0.005412 0.00545825 0.0316727 0.0198712 0.0100543 0.0801045 0.0147592
threshold=3.5000000000000004 0 1 1.5000000000000002 2 2.5000000000000004 1.5000000000000002
decision_type=2 1 1 2 1 2 2
left_child=1 2 -1 -4 6 -6 -3
right_child=-2 4 3 -5 5 -7 -8
leaf_value=0.023373109084853027 0.011088585793225041 -0.0040638458070497499 -0.0077630657014781321 0.0092805621738775296 0.00051540205080057922 -0.043797711161543268 0.0045480319144058489
leaf_weight=0.61944515036884695 0.40856846378665146 4.0357119490508921 1.8628882780667477 1.0810364697535988 2.5462787105116136 0.48575946858727537 3.926039605634287
leaf_count=24 34 41 177 45 321 79 24
internal_value=-0.000262456 -0.00058104 0.00282016 -0.00150449 -0.00168346 -0.00658395 0.000182779
internal_weight=14.9657 14.5572 3.56337 2.94392 10.9938 3.03204 7.96175
internal_count=745 711 246 222 465 400 65
cat_boundaries=0 1 2 3
cat_threshold=1 2 2
is_linear=0
shrinkage=0.1


Tree=794
num_leaves=8
num_cat=3
split_feature=6 7 6 1 0 3 5
split_gain=0.00511308 0.012553 0.0556809 0.00303735 0.00890469 0.0214617 0.0163274
threshold=2.5000000000000004 1.5000000000000002 3.5000000000000004 0 1.5000000000000002 1 2
decision_type=2 2 2 1 2 1 1
left_child=3 2 -2 -1 6 -6 -5
right_child=1 -3 -4 4 5 -7 -8
leaf_value=-0.0028639733412731635 0.016357923055851084 0.0083013524031721308 -0.016583255112508435 -0.0090572122430492685 0.0070868718613003659 -0.00081039157522252373 0.00092402018547819141
leaf_weight=4.6908532873494551 0.89915242034476195 2.2633316166466102 1.195226000039838 2.812192335493819 4.4430899318067532 15.260724726518676 3.9281128625007176
leaf_count=39 40 37 21 163 69 291 85
internal_value=-6.98386e-05 0.0031384 -0.00244104 -0.00051887 -0.000102878 0.000970393 -0.00324035
internal_weight=35.4927 4.35771 2.09438 31.135 26.4441 19.7038 6.74031
internal_count=745 98 61 647 608 360 248
cat_boundaries=0 1 2 3
cat_threshold=2 2 2
is_linear=0
shrinkage=0.1


Tree=795
num_leaves=8
num_cat=4
split_feature=6 0 3 4 2 1 0
split_gain=0.00395207 0.0145729 0.0137368 0.0227416 0.0120684 0.0526372 0.0172921
threshold=3.5000000000000004 1.5000000000000002 0 1 2 3 2.5000000000000004
decision_type=2 2 1 9 1 1 2
left_child=1 2 3 -1 5 -3 -6
right_child=-2 4 -4 -5 6 -7 -8
leaf_value=0.0097728480815873729 0.0061909056020341474 0.00078027570642957888 0.012168630116712304 -0.007716174239012611 0.021897170357057433 -0.017833982378645013 -0.0024892108450248868
leaf_weight=1.4606956031930167 1.2254129234606796 7.6229929393330185 1.6861088148434644 1.5143353392632006 0.50070217487518387 1.8972476236522178 0.69351481980993412
leaf_count=80 38 353 28 158 24 17 47
internal_value=0.000725531 0.000289948 0.00495757 0.000870674 -0.00174062 -0.00292928 0.00773532
internal_weight=16.601 15.3756 4.66114 2.97503 10.7145 9.52024 1.19422
internal_count=745 707 266 238 441 370 71
cat_boundaries=0 1 2 3 4
cat_threshold=1 2 1 1
is_linear=0
shrinkage=0.1


Tree=796
num_leaves=7
num_cat=4
split_feature=0 5 1 6 2 5
split_gain=0.005384 0.0173569 0.00592146 0.00622816 0.0126673 0.00583598
threshold=3.5000000000000004 0 1 1.5000000000000002 2 3
decision_type=2 1 1 2 1 1
left_child=2 -2 -1 4 -4 -5
right_child=1 -3 3 5 -6 -7
leaf_value=-0.0071922975205082965 -0.0062354686524713383 0.0080745347134085002 0.0048227551790071465 0.00054850999256484583 -0.0025671471817449183 0.0075272244840712491
leaf_weight=1.3422579767357092 1.2715222371407435 2.5423462005564934 2.7719834197778255 4.748720443711135 14.212073673792942 1.6027239511049627
leaf_count=36 38 35 40 40 399 157
internal_value=-0.000193085 0.00330366 -0.000733495 -0.000361985 -0.00136103 0.00230952
internal_weight=28.4916 3.81387 24.6778 23.3355 16.9841 6.35144
internal_count=745 73 672 636 439 197
cat_boundaries=0 1 2 3 4
cat_threshold=2 2 2 1
is_linear=0
shrinkage=0.1


Tree=797
num_leaves=9
num_cat=2
split_feature=1 7 7 6 3 7 0 6
split_gain=0.00724653 0.0165457 0.012851 0.0135722 0.0502405 0.0284787 0.000631014 0.0933664
threshold=0 1.5000000000000002 2.5000000000000004 2.5000000000000004 1 1.5000000000000002 2.5000000000000004 1.5000000000000002
decision_type=1 2 2 2 1 2 2 2
left_child=2 -2 3 4 -1 -5 -4 -8
right_child=1 -3 6 5 -6 -7 7 -9
leaf_value=0.0012177232858574768 0.0066200402079179006 -0.020869626695418673 0.0054363745617467896 0.01936260463694485 -0.016675582576759558 -0.0040938155752113852 0.039346044426277635 -0.014461322272773547
leaf_weight=8.1187477962248558 0.3897000504512097 0.49971178499981761 0.61267081295227477 0.95296470241555575 1.9451347835729329 1.132986692187842 0.57800406514434122 0.72947737129288726
leaf_count=457 26 20 39 59 76 23 27 18
internal_value=-7.09602e-05 -0.0088249 0.000482406 -0.000719041 -0.00224067 0.00662223 0.00808461 0.00932554
internal_weight=14.9594 0.889412 14.07 12.1498 10.0639 2.08595 1.92015 1.30748
internal_count=745 46 699 615 533 82 84 45
cat_boundaries=0 1 2
cat_threshold=1 1
is_linear=0
shrinkage=0.1


Tree=798
num_leaves=9
num_cat=4
split_feature=6 7 0 0 5 4 5 5
split_gain=0.0042273 0.0103733 0.125298 0.00295614 0.0369567 0.00667603 0.152223 0.0308845
threshold=2.5000000000000004 1.5000000000000002 2.5000000000000004 3.5000000000000004 0 1 2 3
decision_type=2 2 2 2 1 9 1 1
left_child=3 2 -2 5 -5 6 -1 -7
right_child=1 -3 -4 4 -6 7 -8 -9
leaf_value=-0.025981963469880295 0.014589976001087555 0.0075252452065127018 -0.037608680302265995 0.0091125937418672989 -0.014489981591093713 0.004750506618956098 0.0040253747416626948 -0.0035000112048625288
leaf_weight=2.1378532797480148 1.4269993266789236 2.2587457772460766 0.67851695104036469 1.2235199091956019 1.449118050542892 9.8215532337635523 8.0796185526996833 8.4325266416563025
leaf_count=169 31 37 30 27 31 216 43 161
internal_value=-9.6529e-05 0.0028182 -0.0022314 -0.000504973 -0.00368484 -0.000206477 -0.00225321 0.000939155
internal_weight=35.5085 4.36426 2.10552 31.1442 2.67264 28.4716 10.2175 18.2541
internal_count=745 98 61 647 58 589 212 377
cat_boundaries=0 1 2 3 4
cat_threshold=2 2 2 2
is_linear=0
shrinkage=0.1


Tree=799
num_leaves=8
num_cat=1
split_feature=7 6 0 2 0 6 0
split_gain=0.00342797 0.0332687 0.008499 0.0248236 0.0660538 0.00747353 0.0071823
threshold=2.5000000000000004 1.5000000000000002 3.5000000000000004 0 2.5000000000000004 1.5000000000000002 2.5000000000000004
decision_type=2 2 2 1 2 2 2
left_child=2 6 3 5 -5 -1 -2
right_child=1 -3 -4 4 -6 -7 -8
leaf_value=-0.0023622992173678199 0.011690049682966644 -0.0071419179656869074 -0.0078036394841537945 -0.013302928831091751 0.047824544228300667 0.0025371885711682977 0.030074893493169465
leaf_weight=7.0945573728240596 0.5495473538612704 1.102984187694801 1.2532609926565772 0.33440121962484859 0.37503211948205717 5.5479520572708907 0.34645621693925932
leaf_count=375 27 35 60 34 29 157 28
internal_value=0.00060168 0.00448549 7.01093e-05 0.000809167 0.0190113 -0.000212242 0.0187989
internal_weight=16.6042 1.99899 14.6052 13.3519 0.709433 12.6425 0.896004
internal_count=745 90 655 595 63 532 55
cat_boundaries=0 1
cat_threshold=1
is_linear=0
shrinkage=0.1


end of trees

feature_importances:
line_no=1442
end_level=1154
start_level=1110
platform_type=662
is_terminal=579
end_type=554
start_type=534
is_transfer=473

parameters:
[boosting: gbdt]
[objective: multiclass]
[metric: multi_logloss]
[tree_learner: serial]
[device_type: cpu]
[data_sample_strategy: bagging]
[data: ]
[valid: ]
[num_iterations: 200]
[learning_rate: 0.1]
[num_leaves: 31]
[num_threads: 1]
[seed: 0]
[deterministic: 0]
[force_col_wise: 0]
[force_row_wise: 0]
[histogram_pool_size: -1]
[max_depth: 4]
[min_data_in_leaf: 20]
[min_sum_hessian_in_leaf: 0.001]
[bagging_fraction: 1]
[pos_bagging_fraction: 1]
[neg_bagging_fraction: 1]
[bagging_freq: 0]
[bagging_seed: 3]
[bagging_by_query: 0]
[feature_fraction: 1]
[feature_fraction_bynode: 1]
[feature_fraction_seed: 2]
[extra_trees: 0]
[extra_seed: 6]
[early_stopping_round: 0]
[early_stopping_min_delta: 0]
[first_metric_only: 0]
[max_delta_step: 0]
[lambda_l1: 0]
[lambda_l2: 0]
[linear_lambda: 0]
[min_gain_to_split: 0]
[drop_rate: 0.1]
[max_drop: 50]
[skip_drop: 0.5]
[xgboost_dart_mode: 0]
[uniform_drop: 0]
[drop_seed: 4]
[top_rate: 0.2]
[other_rate: 0.1]
[min_data_per_group: 100]
[max_cat_threshold: 32]
[cat_l2: 10]
[cat_smooth: 10]
[max_cat_to_onehot: 4]
[top_k: 20]
[monotone_constraints: ]
[monotone_constraints_method: basic]
[monotone_penalty: 0]
[feature_contri: ]
[forcedsplits_filename: ]
[refit_decay_rate: 0.9]
[cegb_tradeoff: 1]
[cegb_penalty_split: 0]
[cegb_penalty_feature_lazy: ]
[cegb_penalty_feature_coupled: ]
[path_smooth: 0]
[interaction_constraints: ]
[verbosity: -1]
[saved_feature_importance_type: 0]
[use_quantized_grad: 0]
[num_grad_quant_bins: 4]
[quant_train_renew_leaf: 0]
[stochastic_rounding: 1]
[linear_tree: 0]
[max_bin: 255]
[max_bin_by_feature: ]
[min_data_in_bin: 3]
[bin_construct_sample_cnt: 200000]
[data_random_seed: 1]
[is_enable_sparse: 1]
[enable_bundle: 1]
[use_missing: 1]
[zero_as_missing: 0]
[feature_pre_filter: 1]
[pre_partition: 0]
[two_round: 0]
[header: 0]
[label_column: ]
[weight_column: ]
[group_column: ]
[ignore_column: ]
[categorical_feature: 1,2,3,4,5]
[forcedbins_filename: ]
[precise_float_parser: 0]
[parser_config_file: ]
[objective_seed: 5]
[num_class: 4]
[is_unbalance: 0]
[scale_pos_weight: 1]
[sigmoid: 1]
[boost_from_average: 1]
[reg_sqrt: 0]
[alpha: 0.9]
[fair_c: 1]
[poisson_max_delta_step: 0.7]
[tweedie_variance_power: 1.5]
[lambdarank_truncation_level: 30]
[lambdarank_norm: 1]
[label_gain: ]
[lambdarank_position_bias_regularization: 0]
[eval_at: ]
[multi_error_top_k: 1]
[auc_mu_weights: ]
[num_machines: 1]
[local_listen_port: 12400]
[time_out: 120]
[machine_list_filename: ]
[machines: ]
[gpu_platform_id: -1]
[gpu_device_id: -1]
[gpu_device_id_list: ]
[gpu_use_dp: 0]
[num_gpu: 1]

end of parameters

pandas_categorical:[["N", "Y"], ["N", "Y"], ["\uc0c1\ub300\uc2dd", "\uc12c\uc2dd"], ["\uc9c0\uac15", "\uc9c0\uc0c1", "\uc9c0\ud558"], ["\uc9c0\uc0c1", "\uc9c0\ud558"]]
